[25Aug2026 11:23:38.277] [main/INFO] [cpw.mods.modlauncher.Launcher/MODLAUNCHER]: ModLauncher running: args [--launchTarget, forgeserver, --fml.forgeVersion, 47.3.7, --fml.mcVersion, 1.20.1, --fml.forgeGroup, net.minecraftforge, --fml.mcpVersion, 20230612.114412, nogui]
[25Aug2026 11:23:38.280] [main/INFO] [cpw.mods.modlauncher.Launcher/MODLAUNCHER]: ModLauncher 10.0.9+10.0.9+main.dcd20f30 starting: java version 17.0.19 by Ubuntu; OS Linux arch amd64 version 6.8.0-1052-azure
[25Aug2026 11:23:38.309] [main/DEBUG] [cpw.mods.modlauncher.LaunchServiceHandler/MODLAUNCHER]: Found launch services [fmlclientdev,forgeclient,minecraft,forgegametestserverdev,fmlserveruserdev,fmlclient,fmldatauserdev,forgeserverdev,forgeserveruserdev,forgeclientdev,forgeclientuserdev,forgeserver,forgedatadev,fmlserver,fmlclientuserdev,fmlserverdev,forgedatauserdev,testharness,forgegametestserveruserdev]
[25Aug2026 11:23:38.322] [main/DEBUG] [cpw.mods.modlauncher.NameMappingServiceHandler/MODLAUNCHER]: Found naming services : [srgtomcp]
[25Aug2026 11:23:38.336] [main/DEBUG] [cpw.mods.modlauncher.LaunchPluginHandler/MODLAUNCHER]: Found launch plugins: [mixin,eventbus,slf4jfixer,object_holder_definalize,runtime_enum_extender,capability_token_subclass,accesstransformer,runtimedistcleaner]
[25Aug2026 11:23:38.346] [main/DEBUG] [cpw.mods.modlauncher.TransformationServicesHandler/MODLAUNCHER]: Discovering transformation services
[25Aug2026 11:23:38.351] [main/DEBUG] [net.minecraftforge.fml.loading.FMLPaths/CORE]: Path GAMEDIR is /workspaces/Marangooners/servidor_minecraft
[25Aug2026 11:23:38.351] [main/DEBUG] [net.minecraftforge.fml.loading.FMLPaths/CORE]: Path MODSDIR is /workspaces/Marangooners/servidor_minecraft/mods
[25Aug2026 11:23:38.351] [main/DEBUG] [net.minecraftforge.fml.loading.FMLPaths/CORE]: Path CONFIGDIR is /workspaces/Marangooners/servidor_minecraft/config
[25Aug2026 11:23:38.351] [main/DEBUG] [net.minecraftforge.fml.loading.FMLPaths/CORE]: Path FMLCONFIG is /workspaces/Marangooners/servidor_minecraft/config/fml.toml
[25Aug2026 11:23:43.649] [main/DEBUG] [cpw.mods.modlauncher.TransformationServicesHandler/MODLAUNCHER]: Found additional transformation services from discovery services: 
[25Aug2026 11:23:43.654] [main/INFO] [net.minecraftforge.fml.loading.ImmediateWindowHandler/]: ImmediateWindowProvider not loading because launch target is forgeserver
[25Aug2026 11:23:43.661] [main/DEBUG] [cpw.mods.modlauncher.TransformationServicesHandler/MODLAUNCHER]: Found transformer services : [mixin,fml]
[25Aug2026 11:23:43.662] [main/DEBUG] [cpw.mods.modlauncher.TransformationServicesHandler/MODLAUNCHER]: Transformation services loading
[25Aug2026 11:23:43.662] [main/DEBUG] [cpw.mods.modlauncher.TransformationServiceDecorator/MODLAUNCHER]: Loading service mixin
[25Aug2026 11:23:43.662] [main/DEBUG] [cpw.mods.modlauncher.TransformationServiceDecorator/MODLAUNCHER]: Loaded service mixin
[25Aug2026 11:23:43.663] [main/DEBUG] [cpw.mods.modlauncher.TransformationServiceDecorator/MODLAUNCHER]: Loading service fml
[25Aug2026 11:23:43.663] [main/DEBUG] [net.minecraftforge.fml.loading.LauncherVersion/CORE]: Found FMLLauncher version 1.0
[25Aug2026 11:23:43.663] [main/DEBUG] [net.minecraftforge.fml.loading.FMLLoader/CORE]: FML 1.0 loading
[25Aug2026 11:23:43.664] [main/DEBUG] [net.minecraftforge.fml.loading.FMLLoader/CORE]: FML found ModLauncher version : 10.0.9+10.0.9+main.dcd20f30
[25Aug2026 11:23:43.664] [main/DEBUG] [net.minecraftforge.fml.loading.FMLLoader/CORE]: FML found AccessTransformer version : 8.0.4+66+master.c09db6d7
[25Aug2026 11:23:43.664] [main/DEBUG] [net.minecraftforge.fml.loading.FMLLoader/CORE]: FML found EventBus version : 6.0.5+6.0.5+master.eb8e549b
[25Aug2026 11:23:43.665] [main/DEBUG] [net.minecraftforge.fml.loading.FMLLoader/CORE]: Found Runtime Dist Cleaner
[25Aug2026 11:23:43.666] [main/DEBUG] [net.minecraftforge.fml.loading.FMLLoader/CORE]: FML found CoreMod version : 5.1.6
[25Aug2026 11:23:43.666] [main/DEBUG] [net.minecraftforge.fml.loading.FMLLoader/CORE]: Found ForgeSPI package implementation version 7.0.1+7.0.1+master.d2b38bf6
[25Aug2026 11:23:43.667] [main/DEBUG] [net.minecraftforge.fml.loading.FMLLoader/CORE]: Found ForgeSPI package specification 5
[25Aug2026 11:23:43.667] [main/DEBUG] [cpw.mods.modlauncher.TransformationServiceDecorator/MODLAUNCHER]: Loaded service fml
[25Aug2026 11:23:43.668] [main/DEBUG] [cpw.mods.modlauncher.TransformationServicesHandler/MODLAUNCHER]: Configuring option handling for services
[25Aug2026 11:23:43.676] [main/DEBUG] [cpw.mods.modlauncher.TransformationServicesHandler/MODLAUNCHER]: Transformation services initializing
[25Aug2026 11:23:43.676] [main/DEBUG] [cpw.mods.modlauncher.TransformationServiceDecorator/MODLAUNCHER]: Initializing transformation service mixin
[25Aug2026 11:23:43.689] [main/DEBUG] [mixin/]: MixinService [ModLauncher] was successfully booted in cpw.mods.cl.ModuleClassLoader@77ec78b9
[25Aug2026 11:23:43.831] [main/INFO] [mixin/]: SpongePowered MIXIN Subsystem Version=0.8.5 Source=union:/workspaces/Marangooners/servidor_minecraft/libraries/org/spongepowered/mixin/0.8.5/mixin-0.8.5.jar%2365!/ Service=ModLauncher Env=SERVER
[25Aug2026 11:23:43.835] [main/DEBUG] [mixin/]: Initialising Mixin Platform Manager
[25Aug2026 11:23:43.835] [main/DEBUG] [mixin/]: Adding mixin platform agents for container ModLauncher Root Container(ModLauncher:4f56a0a2)
[25Aug2026 11:23:43.836] [main/DEBUG] [mixin/]: Instancing new MixinPlatformAgentMinecraftForge for ModLauncher Root Container(ModLauncher:4f56a0a2)
[25Aug2026 11:23:43.836] [main/DEBUG] [mixin/]: MixinPlatformAgentMinecraftForge rejected container ModLauncher Root Container(ModLauncher:4f56a0a2)
[25Aug2026 11:23:43.837] [main/DEBUG] [mixin/]: Instancing new MixinPlatformAgentDefault for ModLauncher Root Container(ModLauncher:4f56a0a2)
[25Aug2026 11:23:43.837] [main/DEBUG] [mixin/]: MixinPlatformAgentDefault accepted container ModLauncher Root Container(ModLauncher:4f56a0a2)
[25Aug2026 11:23:43.840] [main/DEBUG] [cpw.mods.modlauncher.TransformationServiceDecorator/MODLAUNCHER]: Initialized transformation service mixin
[25Aug2026 11:23:43.840] [main/DEBUG] [cpw.mods.modlauncher.TransformationServiceDecorator/MODLAUNCHER]: Initializing transformation service fml
[25Aug2026 11:23:43.840] [main/DEBUG] [net.minecraftforge.fml.loading.FMLServiceProvider/CORE]: Setting up basic FML game directories
[25Aug2026 11:23:43.841] [main/DEBUG] [net.minecraftforge.fml.loading.FMLPaths/CORE]: Path GAMEDIR is /workspaces/Marangooners/servidor_minecraft
[25Aug2026 11:23:43.841] [main/DEBUG] [net.minecraftforge.fml.loading.FMLPaths/CORE]: Path MODSDIR is /workspaces/Marangooners/servidor_minecraft/mods
[25Aug2026 11:23:43.841] [main/DEBUG] [net.minecraftforge.fml.loading.FMLPaths/CORE]: Path CONFIGDIR is /workspaces/Marangooners/servidor_minecraft/config
[25Aug2026 11:23:43.841] [main/DEBUG] [net.minecraftforge.fml.loading.FMLPaths/CORE]: Path FMLCONFIG is /workspaces/Marangooners/servidor_minecraft/config/fml.toml
[25Aug2026 11:23:43.841] [main/DEBUG] [net.minecraftforge.fml.loading.FMLServiceProvider/CORE]: Loading configuration
[25Aug2026 11:23:43.844] [main/DEBUG] [net.minecraftforge.fml.loading.FMLServiceProvider/CORE]: Preparing ModFile
[25Aug2026 11:23:43.846] [main/DEBUG] [net.minecraftforge.fml.loading.FMLServiceProvider/CORE]: Preparing launch handler
[25Aug2026 11:23:43.847] [main/DEBUG] [net.minecraftforge.fml.loading.FMLLoader/CORE]: Using forgeserver as launch service
[25Aug2026 11:23:43.859] [main/DEBUG] [net.minecraftforge.fml.loading.FMLLoader/CORE]: Received command line version data  : VersionInfo[forgeVersion=47.3.7, mcVersion=1.20.1, mcpVersion=20230612.114412, forgeGroup=net.minecraftforge]
[25Aug2026 11:23:43.861] [main/DEBUG] [cpw.mods.modlauncher.TransformationServiceDecorator/MODLAUNCHER]: Initialized transformation service fml
[25Aug2026 11:23:43.861] [main/DEBUG] [cpw.mods.modlauncher.NameMappingServiceHandler/MODLAUNCHER]: Current naming domain is 'srg'
[25Aug2026 11:23:43.862] [main/DEBUG] [cpw.mods.modlauncher.NameMappingServiceHandler/MODLAUNCHER]: Identified name mapping providers {}
[25Aug2026 11:23:43.862] [main/DEBUG] [cpw.mods.modlauncher.TransformationServicesHandler/MODLAUNCHER]: Transformation services begin scanning
[25Aug2026 11:23:43.862] [main/DEBUG] [cpw.mods.modlauncher.TransformationServiceDecorator/MODLAUNCHER]: Beginning scan trigger - transformation service mixin
[25Aug2026 11:23:43.863] [main/DEBUG] [cpw.mods.modlauncher.TransformationServiceDecorator/MODLAUNCHER]: End scan trigger - transformation service mixin
[25Aug2026 11:23:43.863] [main/DEBUG] [cpw.mods.modlauncher.TransformationServiceDecorator/MODLAUNCHER]: Beginning scan trigger - transformation service fml
[25Aug2026 11:23:43.863] [main/DEBUG] [net.minecraftforge.fml.loading.FMLServiceProvider/CORE]: Initiating mod scan
[25Aug2026 11:23:43.871] [main/DEBUG] [net.minecraftforge.fml.loading.moddiscovery.ModListHandler/CORE]: Found mod coordinates from lists: []
[25Aug2026 11:23:43.875] [main/DEBUG] [net.minecraftforge.fml.loading.moddiscovery.ModDiscoverer/CORE]: Found Mod Locators : (mods folder:null),(maven libs:null),(exploded directory:null),(minecraft:null),(userdev classpath:null)
[25Aug2026 11:23:43.876] [main/DEBUG] [net.minecraftforge.fml.loading.moddiscovery.ModDiscoverer/CORE]: Found Dependency Locators : (JarInJar:null)
[25Aug2026 11:23:43.885] [main/DEBUG] [net.minecraftforge.fml.loading.moddiscovery.ModFileParser/LOADING]: Considering mod file candidate /workspaces/Marangooners/servidor_minecraft/mods/[1.20.1] SecurityCraft v1.9.10.jar
[25Aug2026 11:23:43.922] [main/DEBUG] [net.minecraftforge.fml.loading.moddiscovery.ModFileInfo/LOADING]: Found valid mod file [1.20.1] SecurityCraft v1.9.10.jar with {securitycraft} mods - versions {1.9.10}
[25Aug2026 11:23:43.924] [main/DEBUG] [net.minecraftforge.fml.loading.moddiscovery.ModFileParser/LOADING]: Considering mod file candidate /workspaces/Marangooners/servidor_minecraft/mods/accessories-neoforge-1.0.0-beta.48+1.20.1.jar
[25Aug2026 11:23:43.925] [main/DEBUG] [net.minecraftforge.fml.loading.moddiscovery.ModFileInfo/LOADING]: Found valid mod file accessories-neoforge-1.0.0-beta.48+1.20.1.jar with {accessories} mods - versions {1.0.0-beta48+1.20.1}
[25Aug2026 11:23:43.927] [main/DEBUG] [net.minecraftforge.fml.loading.moddiscovery.ModFileParser/LOADING]: Considering mod file candidate /workspaces/Marangooners/servidor_minecraft/mods/another_furniture-forge-1.20.1-3.0.4.jar
[25Aug2026 11:23:43.929] [main/DEBUG] [net.minecraftforge.fml.loading.moddiscovery.ModFileInfo/LOADING]: Found valid mod file another_furniture-forge-1.20.1-3.0.4.jar with {another_furniture} mods - versions {1.20.1-3.0.4}
[25Aug2026 11:23:43.930] [main/DEBUG] [net.minecraftforge.fml.loading.moddiscovery.ModFileParser/LOADING]: Considering mod file candidate /workspaces/Marangooners/servidor_minecraft/mods/architectury-9.2.14-forge.jar
[25Aug2026 11:23:43.931] [main/DEBUG] [net.minecraftforge.fml.loading.moddiscovery.ModFileInfo/LOADING]: Found valid mod file architectury-9.2.14-forge.jar with {architectury} mods - versions {9.2.14}
[25Aug2026 11:23:43.932] [main/DEBUG] [net.minecraftforge.fml.loading.moddiscovery.ModFileParser/LOADING]: Considering mod file candidate /workspaces/Marangooners/servidor_minecraft/mods/bettervillage-forge-1.20.1-3.3.1-all.jar
[25Aug2026 11:23:43.933] [main/DEBUG] [net.minecraftforge.fml.loading.moddiscovery.ModFileInfo/LOADING]: Found valid mod file bettervillage-forge-1.20.1-3.3.1-all.jar with {bettervillage} mods - versions {3.3.1}
[25Aug2026 11:23:43.934] [main/DEBUG] [net.minecraftforge.fml.loading.moddiscovery.ModFileParser/LOADING]: Considering mod file candidate /workspaces/Marangooners/servidor_minecraft/mods/carryon-forge-1.20.1-2.1.2.7.jar
[25Aug2026 11:23:43.935] [main/DEBUG] [net.minecraftforge.fml.loading.moddiscovery.ModFileInfo/LOADING]: Found valid mod file carryon-forge-1.20.1-2.1.2.7.jar with {carryon} mods - versions {2.1.2.7}
[25Aug2026 11:23:43.936] [main/DEBUG] [net.minecraftforge.fml.loading.moddiscovery.ModFileParser/LOADING]: Considering mod file candidate /workspaces/Marangooners/servidor_minecraft/mods/Chunky-1.3.146.jar
[25Aug2026 11:23:43.937] [main/DEBUG] [net.minecraftforge.fml.loading.moddiscovery.ModFileInfo/LOADING]: Found valid mod file Chunky-1.3.146.jar with {chunky} mods - versions {1.3.146}
[25Aug2026 11:23:43.939] [main/DEBUG] [net.minecraftforge.fml.loading.moddiscovery.ModFileParser/LOADING]: Considering mod file candidate /workspaces/Marangooners/servidor_minecraft/mods/EasyAnvils-v8.0.2-1.20.1-Forge.jar
[25Aug2026 11:23:43.940] [main/DEBUG] [net.minecraftforge.fml.loading.moddiscovery.ModFileInfo/LOADING]: Found valid mod file EasyAnvils-v8.0.2-1.20.1-Forge.jar with {easyanvils} mods - versions {8.0.2}
[25Aug2026 11:23:43.942] [main/DEBUG] [net.minecraftforge.fml.loading.moddiscovery.ModFileParser/LOADING]: Considering mod file candidate /workspaces/Marangooners/servidor_minecraft/mods/EasyMagic-v8.0.1-1.20.1-Forge.jar
[25Aug2026 11:23:43.943] [main/DEBUG] [net.minecraftforge.fml.loading.moddiscovery.ModFileInfo/LOADING]: Found valid mod file EasyMagic-v8.0.1-1.20.1-Forge.jar with {easymagic} mods - versions {8.0.1}
[25Aug2026 11:23:43.946] [main/DEBUG] [net.minecraftforge.fml.loading.moddiscovery.ModFileParser/LOADING]: Considering mod file candidate /workspaces/Marangooners/servidor_minecraft/mods/EasyShulkerBoxes-v8.0.2-1.20.1-Forge.jar
[25Aug2026 11:23:43.947] [main/DEBUG] [net.minecraftforge.fml.loading.moddiscovery.ModFileInfo/LOADING]: Found valid mod file EasyShulkerBoxes-v8.0.2-1.20.1-Forge.jar with {easyshulkerboxes} mods - versions {8.0.2}
[25Aug2026 11:23:43.948] [main/DEBUG] [net.minecraftforge.fml.loading.moddiscovery.ModFileParser/LOADING]: Considering mod file candidate /workspaces/Marangooners/servidor_minecraft/mods/endrem_forge-5.3.3-R-1.20.1.jar
[25Aug2026 11:23:43.949] [main/DEBUG] [net.minecraftforge.fml.loading.moddiscovery.ModFileInfo/LOADING]: Found valid mod file endrem_forge-5.3.3-R-1.20.1.jar with {endrem} mods - versions {5.3.3-R-1.20.1}
[25Aug2026 11:23:43.949] [main/DEBUG] [net.minecraftforge.fml.loading.moddiscovery.ModFileParser/LOADING]: Considering mod file candidate /workspaces/Marangooners/servidor_minecraft/mods/epicterrain-0.3.0.jar
[25Aug2026 11:23:43.950] [main/DEBUG] [net.minecraftforge.fml.loading.moddiscovery.ModFileInfo/LOADING]: Found valid mod file epicterrain-0.3.0.jar with {mr_epicterrain} mods - versions {0.3.0}
[25Aug2026 11:23:43.952] [main/DEBUG] [net.minecraftforge.fml.loading.moddiscovery.ModFileParser/LOADING]: Considering mod file candidate /workspaces/Marangooners/servidor_minecraft/mods/FarmersDelight-1.20.1-1.3.3.jar
[25Aug2026 11:23:43.954] [main/DEBUG] [net.minecraftforge.fml.loading.moddiscovery.ModFileInfo/LOADING]: Found valid mod file FarmersDelight-1.20.1-1.3.3.jar with {farmersdelight} mods - versions {1.20.1-1.3.3}
[25Aug2026 11:23:43.955] [main/DEBUG] [net.minecraftforge.fml.loading.moddiscovery.ModFileParser/LOADING]: Considering mod file candidate /workspaces/Marangooners/servidor_minecraft/mods/fracturepoint-1.20.1-3.0.0-PT2-all.jar
[25Aug2026 11:23:43.957] [main/DEBUG] [net.minecraftforge.fml.loading.moddiscovery.ModFileInfo/LOADING]: Found valid mod file fracturepoint-1.20.1-3.0.0-PT2-all.jar with {fracturepoint} mods - versions {3.0.0-PT2}
[25Aug2026 11:23:43.957] [main/DEBUG] [net.minecraftforge.fml.loading.moddiscovery.ModFileParser/LOADING]: Considering mod file candidate /workspaces/Marangooners/servidor_minecraft/mods/geckolib-forge-1.20.1-4.8.4.jar
[25Aug2026 11:23:43.958] [main/DEBUG] [net.minecraftforge.fml.loading.moddiscovery.ModFileInfo/LOADING]: Found valid mod file geckolib-forge-1.20.1-4.8.4.jar with {geckolib} mods - versions {4.8.4}
[25Aug2026 11:23:43.959] [main/DEBUG] [net.minecraftforge.fml.loading.moddiscovery.ModFileParser/LOADING]: Considering mod file candidate /workspaces/Marangooners/servidor_minecraft/mods/GlitchCore-forge-1.20.1-0.0.1.1.jar
[25Aug2026 11:23:43.959] [main/DEBUG] [net.minecraftforge.fml.loading.moddiscovery.ModFileInfo/LOADING]: Found valid mod file GlitchCore-forge-1.20.1-0.0.1.1.jar with {glitchcore} mods - versions {0.0.1.1}
[25Aug2026 11:23:43.960] [main/DEBUG] [net.minecraftforge.fml.loading.moddiscovery.ModFileParser/LOADING]: Considering mod file candidate /workspaces/Marangooners/servidor_minecraft/mods/gravestone-forge-1.20.1-1.0.35.jar
[25Aug2026 11:23:43.961] [main/DEBUG] [net.minecraftforge.fml.loading.moddiscovery.ModFileInfo/LOADING]: Found valid mod file gravestone-forge-1.20.1-1.0.35.jar with {gravestone} mods - versions {1.20.1-1.0.35}
[25Aug2026 11:23:43.963] [main/DEBUG] [net.minecraftforge.fml.loading.moddiscovery.ModFileParser/LOADING]: Considering mod file candidate /workspaces/Marangooners/servidor_minecraft/mods/Incendium_1.20.x_v5.3.5.jar
[25Aug2026 11:23:43.964] [main/DEBUG] [net.minecraftforge.fml.loading.moddiscovery.ModFileInfo/LOADING]: Found valid mod file Incendium_1.20.x_v5.3.5.jar with {incendium} mods - versions {5.3.5}
[25Aug2026 11:23:43.964] [main/DEBUG] [net.minecraftforge.fml.loading.moddiscovery.ModFileParser/LOADING]: Considering mod file candidate /workspaces/Marangooners/servidor_minecraft/mods/justhammers-forge-2.0.3+mc1.20.1.jar
[25Aug2026 11:23:43.966] [main/DEBUG] [net.minecraftforge.fml.loading.moddiscovery.ModFileInfo/LOADING]: Found valid mod file justhammers-forge-2.0.3+mc1.20.1.jar with {justhammers} mods - versions {2.0.3+mc1.20.1}
[25Aug2026 11:23:43.991] [main/DEBUG] [net.minecraftforge.fml.loading.moddiscovery.ModFileParser/LOADING]: Considering mod file candidate /workspaces/Marangooners/servidor_minecraft/mods/letsdo-farm_and_charm-forge-1.0.14.jar
[25Aug2026 11:23:43.992] [main/DEBUG] [net.minecraftforge.fml.loading.moddiscovery.ModFileInfo/LOADING]: Found valid mod file letsdo-farm_and_charm-forge-1.0.14.jar with {farm_and_charm} mods - versions {1.0.14}
[25Aug2026 11:23:43.993] [main/DEBUG] [net.minecraftforge.fml.loading.moddiscovery.ModFileParser/LOADING]: Considering mod file candidate /workspaces/Marangooners/servidor_minecraft/mods/libraryferret-forge-1.20.1-4.0.0.jar
[25Aug2026 11:23:43.994] [main/DEBUG] [net.minecraftforge.fml.loading.moddiscovery.ModFileInfo/LOADING]: Found valid mod file libraryferret-forge-1.20.1-4.0.0.jar with {libraryferret} mods - versions {4.0.0}
[25Aug2026 11:23:43.996] [main/DEBUG] [net.minecraftforge.fml.loading.moddiscovery.ModFileParser/LOADING]: Considering mod file candidate /workspaces/Marangooners/servidor_minecraft/mods/mcw-doors-1.1.5-mc1.20.1forge.jar
[25Aug2026 11:23:43.997] [main/DEBUG] [net.minecraftforge.fml.loading.moddiscovery.ModFileInfo/LOADING]: Found valid mod file mcw-doors-1.1.5-mc1.20.1forge.jar with {mcwdoors} mods - versions {1.1.5}
[25Aug2026 11:23:44.000] [main/DEBUG] [net.minecraftforge.fml.loading.moddiscovery.ModFileParser/LOADING]: Considering mod file candidate /workspaces/Marangooners/servidor_minecraft/mods/mcw-furniture-3.4.1-mc1.20.1forge.jar
[25Aug2026 11:23:44.000] [main/DEBUG] [net.minecraftforge.fml.loading.moddiscovery.ModFileInfo/LOADING]: Found valid mod file mcw-furniture-3.4.1-mc1.20.1forge.jar with {mcwfurnitures} mods - versions {3.4.1}
[25Aug2026 11:23:44.003] [main/DEBUG] [net.minecraftforge.fml.loading.moddiscovery.ModFileParser/LOADING]: Considering mod file candidate /workspaces/Marangooners/servidor_minecraft/mods/mcw-mcwfences-1.2.1-mc1.20.1forge.jar
[25Aug2026 11:23:44.003] [main/DEBUG] [net.minecraftforge.fml.loading.moddiscovery.ModFileInfo/LOADING]: Found valid mod file mcw-mcwfences-1.2.1-mc1.20.1forge.jar with {mcwfences} mods - versions {1.2.1}
[25Aug2026 11:23:44.005] [main/DEBUG] [net.minecraftforge.fml.loading.moddiscovery.ModFileParser/LOADING]: Considering mod file candidate /workspaces/Marangooners/servidor_minecraft/mods/mcw-mcwwindows-2.4.2-mc1.20.1forge.jar
[25Aug2026 11:23:44.006] [main/DEBUG] [net.minecraftforge.fml.loading.moddiscovery.ModFileInfo/LOADING]: Found valid mod file mcw-mcwwindows-2.4.2-mc1.20.1forge.jar with {mcwwindows} mods - versions {2.4.2}
[25Aug2026 11:23:44.007] [main/DEBUG] [net.minecraftforge.fml.loading.moddiscovery.ModFileParser/LOADING]: Considering mod file candidate /workspaces/Marangooners/servidor_minecraft/mods/moremobvariants-forge+1.20.1-1.3.0.1.jar
[25Aug2026 11:23:44.008] [main/DEBUG] [net.minecraftforge.fml.loading.moddiscovery.ModFileInfo/LOADING]: Found valid mod file moremobvariants-forge+1.20.1-1.3.0.1.jar with {moremobvariants} mods - versions {1.3.0.1}
[25Aug2026 11:23:44.009] [main/DEBUG] [net.minecraftforge.fml.loading.moddiscovery.ModFileParser/LOADING]: Considering mod file candidate /workspaces/Marangooners/servidor_minecraft/mods/Nullscape_1.20.x_v1.2.8.jar
[25Aug2026 11:23:44.010] [main/DEBUG] [net.minecraftforge.fml.loading.moddiscovery.ModFileInfo/LOADING]: Found valid mod file Nullscape_1.20.x_v1.2.8.jar with {nullscape} mods - versions {1.2.8}
[25Aug2026 11:23:44.010] [main/DEBUG] [net.minecraftforge.fml.loading.moddiscovery.ModFileParser/LOADING]: Considering mod file candidate /workspaces/Marangooners/servidor_minecraft/mods/ore-vein-miner-1.2.jar
[25Aug2026 11:23:44.011] [main/DEBUG] [net.minecraftforge.fml.loading.moddiscovery.ModFileInfo/LOADING]: Found valid mod file ore-vein-miner-1.2.jar with {mr_ore_veinminer} mods - versions {1.2}
[25Aug2026 11:23:44.012] [main/DEBUG] [net.minecraftforge.fml.loading.moddiscovery.ModFileParser/LOADING]: Considering mod file candidate /workspaces/Marangooners/servidor_minecraft/mods/overweightfarming-1.20.1-2.1.0-forge.jar
[25Aug2026 11:23:44.013] [main/DEBUG] [net.minecraftforge.fml.loading.moddiscovery.ModFileInfo/LOADING]: Found valid mod file overweightfarming-1.20.1-2.1.0-forge.jar with {overweight_farming} mods - versions {1.20.1-2.1.0-forge}
[25Aug2026 11:23:44.027] [main/DEBUG] [net.minecraftforge.fml.loading.moddiscovery.ModFileParser/LOADING]: Considering mod file candidate /workspaces/Marangooners/servidor_minecraft/mods/PuzzlesLib-v8.1.33-1.20.1-Forge.jar
[25Aug2026 11:23:44.028] [main/DEBUG] [net.minecraftforge.fml.loading.moddiscovery.ModFileInfo/LOADING]: Found valid mod file PuzzlesLib-v8.1.33-1.20.1-Forge.jar with {puzzleslib} mods - versions {8.1.33}
[25Aug2026 11:23:44.029] [main/DEBUG] [net.minecraftforge.fml.loading.moddiscovery.ModFileParser/LOADING]: Considering mod file candidate /workspaces/Marangooners/servidor_minecraft/mods/SereneSeasons-forge-1.20.1-9.1.0.3.jar
[25Aug2026 11:23:44.030] [main/DEBUG] [net.minecraftforge.fml.loading.moddiscovery.ModFileInfo/LOADING]: Found valid mod file SereneSeasons-forge-1.20.1-9.1.0.3.jar with {sereneseasons} mods - versions {9.1.0.3}
[25Aug2026 11:23:44.031] [main/DEBUG] [net.minecraftforge.fml.loading.moddiscovery.ModFileParser/LOADING]: Considering mod file candidate /workspaces/Marangooners/servidor_minecraft/mods/sophisticatedbackpacks-1.20.1-3.24.67.2109.jar
[25Aug2026 11:23:44.032] [main/DEBUG] [net.minecraftforge.fml.loading.moddiscovery.ModFileInfo/LOADING]: Found valid mod file sophisticatedbackpacks-1.20.1-3.24.67.2109.jar with {sophisticatedbackpacks} mods - versions {3.24.67.2109}
[25Aug2026 11:23:44.033] [main/DEBUG] [net.minecraftforge.fml.loading.moddiscovery.ModFileParser/LOADING]: Considering mod file candidate /workspaces/Marangooners/servidor_minecraft/mods/sophisticatedcore-1.20.1-1.3.84.2308.jar
[25Aug2026 11:23:44.034] [main/DEBUG] [net.minecraftforge.fml.loading.moddiscovery.ModFileInfo/LOADING]: Found valid mod file sophisticatedcore-1.20.1-1.3.84.2308.jar with {sophisticatedcore} mods - versions {1.3.84.2308}
[25Aug2026 11:23:44.039] [main/DEBUG] [net.minecraftforge.fml.loading.moddiscovery.ModFileParser/LOADING]: Considering mod file candidate /workspaces/Marangooners/servidor_minecraft/mods/superbwarfare-0.8.9.1-hotfix-mc1.20.1-993063bed-all.jar
[25Aug2026 11:23:44.042] [main/DEBUG] [net.minecraftforge.fml.loading.moddiscovery.ModFileInfo/LOADING]: Found valid mod file superbwarfare-0.8.9.1-hotfix-mc1.20.1-993063bed-all.jar with {superbwarfare} mods - versions {0.8.9.1}
[25Aug2026 11:23:44.045] [main/DEBUG] [net.minecraftforge.fml.loading.moddiscovery.ModFileParser/LOADING]: Considering mod file candidate /workspaces/Marangooners/servidor_minecraft/mods/tacz-1.20.1-1.1.8-hotfix.jar
[25Aug2026 11:23:44.080] [main/DEBUG] [net.minecraftforge.fml.loading.moddiscovery.ModFileInfo/LOADING]: Found valid mod file tacz-1.20.1-1.1.8-hotfix.jar with {tacz} mods - versions {1.1.8-hotfix}
[25Aug2026 11:23:44.081] [main/DEBUG] [net.minecraftforge.fml.loading.moddiscovery.ModFileParser/LOADING]: Considering mod file candidate /workspaces/Marangooners/servidor_minecraft/mods/takesapillage-1.0.3-1.20.1.jar
[25Aug2026 11:23:44.108] [main/DEBUG] [net.minecraftforge.fml.loading.moddiscovery.ModFileInfo/LOADING]: Found valid mod file takesapillage-1.0.3-1.20.1.jar with {takesapillage} mods - versions {1.0.3}
[25Aug2026 11:23:44.109] [main/DEBUG] [net.minecraftforge.fml.loading.moddiscovery.ModFileParser/LOADING]: Considering mod file candidate /workspaces/Marangooners/servidor_minecraft/mods/TreeChop-1.20.1-forge-0.19.0.jar
[25Aug2026 11:23:44.109] [main/DEBUG] [net.minecraftforge.fml.loading.moddiscovery.ModFileInfo/LOADING]: Found valid mod file TreeChop-1.20.1-forge-0.19.0.jar with {treechop} mods - versions {0.18.8}
[25Aug2026 11:23:44.111] [main/DEBUG] [net.minecraftforge.fml.loading.moddiscovery.ModFileParser/LOADING]: Considering mod file candidate /workspaces/Marangooners/servidor_minecraft/mods/VisualWorkbench-v8.0.1-1.20.1-Forge.jar
[25Aug2026 11:23:44.112] [main/DEBUG] [net.minecraftforge.fml.loading.moddiscovery.ModFileInfo/LOADING]: Found valid mod file VisualWorkbench-v8.0.1-1.20.1-Forge.jar with {visualworkbench} mods - versions {8.0.1}
[25Aug2026 11:23:44.532] [main/DEBUG] [net.minecraftforge.fml.loading.moddiscovery.ModFileInfo/LOADING]: Found valid mod file server-1.20.1-20230612.114412-srg.jar with {minecraft} mods - versions {1.20.1}
[25Aug2026 11:23:44.578] [main/DEBUG] [net.minecraftforge.fml.loading.moddiscovery.ModFileParser/LOADING]: Considering mod file candidate /workspaces/Marangooners/servidor_minecraft/libraries/net/minecraftforge/fmlcore/1.20.1-47.3.7/fmlcore-1.20.1-47.3.7.jar
[25Aug2026 11:23:44.578] [main/WARN] [net.minecraftforge.fml.loading.moddiscovery.ModFileParser/LOADING]: Mod file /workspaces/Marangooners/servidor_minecraft/libraries/net/minecraftforge/fmlcore/1.20.1-47.3.7/fmlcore-1.20.1-47.3.7.jar is missing mods.toml file
[25Aug2026 11:23:44.580] [main/DEBUG] [net.minecraftforge.fml.loading.moddiscovery.ModFileParser/LOADING]: Considering mod file candidate /workspaces/Marangooners/servidor_minecraft/libraries/net/minecraftforge/javafmllanguage/1.20.1-47.3.7/javafmllanguage-1.20.1-47.3.7.jar
[25Aug2026 11:23:44.580] [main/WARN] [net.minecraftforge.fml.loading.moddiscovery.ModFileParser/LOADING]: Mod file /workspaces/Marangooners/servidor_minecraft/libraries/net/minecraftforge/javafmllanguage/1.20.1-47.3.7/javafmllanguage-1.20.1-47.3.7.jar is missing mods.toml file
[25Aug2026 11:23:44.581] [main/DEBUG] [net.minecraftforge.fml.loading.moddiscovery.ModFileParser/LOADING]: Considering mod file candidate /workspaces/Marangooners/servidor_minecraft/libraries/net/minecraftforge/lowcodelanguage/1.20.1-47.3.7/lowcodelanguage-1.20.1-47.3.7.jar
[25Aug2026 11:23:44.581] [main/WARN] [net.minecraftforge.fml.loading.moddiscovery.ModFileParser/LOADING]: Mod file /workspaces/Marangooners/servidor_minecraft/libraries/net/minecraftforge/lowcodelanguage/1.20.1-47.3.7/lowcodelanguage-1.20.1-47.3.7.jar is missing mods.toml file
[25Aug2026 11:23:44.582] [main/DEBUG] [net.minecraftforge.fml.loading.moddiscovery.ModFileParser/LOADING]: Considering mod file candidate /workspaces/Marangooners/servidor_minecraft/libraries/net/minecraftforge/mclanguage/1.20.1-47.3.7/mclanguage-1.20.1-47.3.7.jar
[25Aug2026 11:23:44.582] [main/WARN] [net.minecraftforge.fml.loading.moddiscovery.ModFileParser/LOADING]: Mod file /workspaces/Marangooners/servidor_minecraft/libraries/net/minecraftforge/mclanguage/1.20.1-47.3.7/mclanguage-1.20.1-47.3.7.jar is missing mods.toml file
[25Aug2026 11:23:44.799] [main/DEBUG] [net.minecraftforge.fml.loading.moddiscovery.ModFileParser/LOADING]: Considering mod file candidate /workspaces/Marangooners/servidor_minecraft/libraries/net/minecraftforge/forge/1.20.1-47.3.7/forge-1.20.1-47.3.7-universal.jar
[25Aug2026 11:23:44.800] [main/DEBUG] [net.minecraftforge.fml.loading.moddiscovery.ModFileInfo/LOADING]: Found valid mod file forge-1.20.1-47.3.7-universal.jar with {forge} mods - versions {47.3.7}
[25Aug2026 11:23:44.811] [main/DEBUG] [net.minecraftforge.fml.loading.moddiscovery.AbstractJarFileDependencyLocator/]: Failed to load resource META-INF/jarjar/metadata.json from server-1.20.1-20230612.114412-srg.jar, it does not contain dependency information.
[25Aug2026 11:23:44.811] [main/DEBUG] [net.minecraftforge.fml.loading.moddiscovery.AbstractJarFileDependencyLocator/]: Failed to load resource META-INF/jarjar/metadata.json from TreeChop-1.20.1-forge-0.19.0.jar, it does not contain dependency information.
[25Aug2026 11:23:44.811] [main/DEBUG] [net.minecraftforge.fml.loading.moddiscovery.AbstractJarFileDependencyLocator/]: Failed to load resource META-INF/jarjar/metadata.json from ore-vein-miner-1.2.jar, it does not contain dependency information.
[25Aug2026 11:23:44.811] [main/DEBUG] [net.minecraftforge.fml.loading.moddiscovery.AbstractJarFileDependencyLocator/]: Failed to load resource META-INF/jarjar/metadata.json from endrem_forge-5.3.3-R-1.20.1.jar, it does not contain dependency information.
[25Aug2026 11:23:44.812] [main/DEBUG] [net.minecraftforge.fml.loading.moddiscovery.AbstractJarFileDependencyLocator/]: Failed to load resource META-INF/jarjar/metadata.json from justhammers-forge-2.0.3+mc1.20.1.jar, it does not contain dependency information.
[25Aug2026 11:23:44.812] [main/DEBUG] [net.minecraftforge.fml.loading.moddiscovery.AbstractJarFileDependencyLocator/]: Failed to load resource META-INF/jarjar/metadata.json from Chunky-1.3.146.jar, it does not contain dependency information.
[25Aug2026 11:23:44.812] [main/DEBUG] [net.minecraftforge.fml.loading.moddiscovery.AbstractJarFileDependencyLocator/]: Failed to load resource META-INF/jarjar/metadata.json from mcw-mcwfences-1.2.1-mc1.20.1forge.jar, it does not contain dependency information.
[25Aug2026 11:23:44.813] [main/DEBUG] [net.minecraftforge.fml.loading.moddiscovery.AbstractJarFileDependencyLocator/]: Failed to load resource META-INF/jarjar/metadata.json from libraryferret-forge-1.20.1-4.0.0.jar, it does not contain dependency information.
[25Aug2026 11:23:44.813] [main/DEBUG] [net.minecraftforge.fml.loading.moddiscovery.AbstractJarFileDependencyLocator/]: Failed to load resource META-INF/jarjar/metadata.json from mcw-mcwwindows-2.4.2-mc1.20.1forge.jar, it does not contain dependency information.
[25Aug2026 11:23:44.813] [main/DEBUG] [net.minecraftforge.fml.loading.moddiscovery.AbstractJarFileDependencyLocator/]: Failed to load resource META-INF/jarjar/metadata.json from Incendium_1.20.x_v5.3.5.jar, it does not contain dependency information.
[25Aug2026 11:23:44.813] [main/DEBUG] [net.minecraftforge.fml.loading.moddiscovery.AbstractJarFileDependencyLocator/]: Failed to load resource META-INF/jarjar/metadata.json from sophisticatedcore-1.20.1-1.3.84.2308.jar, it does not contain dependency information.
[25Aug2026 11:23:44.813] [main/DEBUG] [net.minecraftforge.fml.loading.moddiscovery.AbstractJarFileDependencyLocator/]: Failed to load resource META-INF/jarjar/metadata.json from gravestone-forge-1.20.1-1.0.35.jar, it does not contain dependency information.
[25Aug2026 11:23:44.813] [main/DEBUG] [net.minecraftforge.fml.loading.moddiscovery.AbstractJarFileDependencyLocator/]: Failed to load resource META-INF/jarjar/metadata.json from [1.20.1] SecurityCraft v1.9.10.jar, it does not contain dependency information.
[25Aug2026 11:23:44.813] [main/DEBUG] [net.minecraftforge.fml.loading.moddiscovery.AbstractJarFileDependencyLocator/]: Failed to load resource META-INF/jarjar/metadata.json from Nullscape_1.20.x_v1.2.8.jar, it does not contain dependency information.
[25Aug2026 11:23:44.814] [main/DEBUG] [net.minecraftforge.fml.loading.moddiscovery.AbstractJarFileDependencyLocator/]: Failed to load resource META-INF/jarjar/metadata.json from SereneSeasons-forge-1.20.1-9.1.0.3.jar, it does not contain dependency information.
[25Aug2026 11:23:44.814] [main/DEBUG] [net.minecraftforge.fml.loading.moddiscovery.AbstractJarFileDependencyLocator/]: Failed to load resource META-INF/jarjar/metadata.json from overweightfarming-1.20.1-2.1.0-forge.jar, it does not contain dependency information.
[25Aug2026 11:23:44.814] [main/DEBUG] [net.minecraftforge.fml.loading.moddiscovery.AbstractJarFileDependencyLocator/]: Failed to load resource META-INF/jarjar/metadata.json from GlitchCore-forge-1.20.1-0.0.1.1.jar, it does not contain dependency information.
[25Aug2026 11:23:44.814] [main/DEBUG] [net.minecraftforge.fml.loading.moddiscovery.AbstractJarFileDependencyLocator/]: Failed to load resource META-INF/jarjar/metadata.json from sophisticatedbackpacks-1.20.1-3.24.67.2109.jar, it does not contain dependency information.
[25Aug2026 11:23:44.814] [main/DEBUG] [net.minecraftforge.fml.loading.moddiscovery.AbstractJarFileDependencyLocator/]: Failed to load resource META-INF/jarjar/metadata.json from epicterrain-0.3.0.jar, it does not contain dependency information.
[25Aug2026 11:23:44.814] [main/DEBUG] [net.minecraftforge.fml.loading.moddiscovery.AbstractJarFileDependencyLocator/]: Failed to load resource META-INF/jarjar/metadata.json from takesapillage-1.0.3-1.20.1.jar, it does not contain dependency information.
[25Aug2026 11:23:44.815] [main/DEBUG] [net.minecraftforge.fml.loading.moddiscovery.AbstractJarFileDependencyLocator/]: Failed to load resource META-INF/jarjar/metadata.json from mcw-doors-1.1.5-mc1.20.1forge.jar, it does not contain dependency information.
[25Aug2026 11:23:44.815] [main/DEBUG] [net.minecraftforge.fml.loading.moddiscovery.AbstractJarFileDependencyLocator/]: Failed to load resource META-INF/jarjar/metadata.json from architectury-9.2.14-forge.jar, it does not contain dependency information.
[25Aug2026 11:23:44.815] [main/DEBUG] [net.minecraftforge.fml.loading.moddiscovery.AbstractJarFileDependencyLocator/]: Failed to load resource META-INF/jarjar/metadata.json from moremobvariants-forge+1.20.1-1.3.0.1.jar, it does not contain dependency information.
[25Aug2026 11:23:44.894] [main/DEBUG] [net.minecraftforge.fml.loading.moddiscovery.AbstractJarFileDependencyLocator/]: Failed to load resource META-INF/jarjar/metadata.json from mcw-furniture-3.4.1-mc1.20.1forge.jar, it does not contain dependency information.
[25Aug2026 11:23:44.895] [main/DEBUG] [net.minecraftforge.fml.loading.moddiscovery.AbstractJarFileDependencyLocator/]: Failed to load resource META-INF/jarjar/metadata.json from forge-1.20.1-47.3.7-universal.jar, it does not contain dependency information.
[25Aug2026 11:23:44.895] [main/DEBUG] [net.minecraftforge.fml.loading.moddiscovery.AbstractJarFileDependencyLocator/]: Failed to load resource META-INF/jarjar/metadata.json from letsdo-farm_and_charm-forge-1.0.14.jar, it does not contain dependency information.
[25Aug2026 11:23:44.895] [main/DEBUG] [net.minecraftforge.fml.loading.moddiscovery.AbstractJarFileDependencyLocator/]: Failed to load resource META-INF/jarjar/metadata.json from mclanguage-1.20.1-47.3.7.jar, it does not contain dependency information.
[25Aug2026 11:23:44.895] [main/DEBUG] [net.minecraftforge.fml.loading.moddiscovery.AbstractJarFileDependencyLocator/]: Failed to load resource META-INF/jarjar/metadata.json from javafmllanguage-1.20.1-47.3.7.jar, it does not contain dependency information.
[25Aug2026 11:23:44.895] [main/DEBUG] [net.minecraftforge.fml.loading.moddiscovery.AbstractJarFileDependencyLocator/]: Failed to load resource META-INF/jarjar/metadata.json from fmlcore-1.20.1-47.3.7.jar, it does not contain dependency information.
[25Aug2026 11:23:44.895] [main/DEBUG] [net.minecraftforge.fml.loading.moddiscovery.AbstractJarFileDependencyLocator/]: Failed to load resource META-INF/jarjar/metadata.json from lowcodelanguage-1.20.1-47.3.7.jar, it does not contain dependency information.
[25Aug2026 11:23:45.042] [main/DEBUG] [net.minecraftforge.fml.loading.moddiscovery.ModFileParser/LOADING]: Considering mod file candidate 
[25Aug2026 11:23:45.043] [main/DEBUG] [net.minecraftforge.fml.loading.moddiscovery.ModFileInfo/LOADING]: Found valid mod file puzzlesaccessapi-forge-20.1.1.jar with {puzzlesaccessapi} mods - versions {20.1.1}
[25Aug2026 11:23:45.046] [main/DEBUG] [net.minecraftforge.fml.loading.moddiscovery.ModFileParser/LOADING]: Considering mod file candidate 
[25Aug2026 11:23:45.046] [main/DEBUG] [net.minecraftforge.fml.loading.moddiscovery.ModFileInfo/LOADING]: Found valid mod file mixinextras-forge-0.4.1.jar with {mixinextras} mods - versions {0.4.1}
[25Aug2026 11:23:45.055] [main/DEBUG] [net.minecraftforge.fml.loading.moddiscovery.ModFileParser/LOADING]: Considering mod file candidate 
[25Aug2026 11:23:45.056] [main/DEBUG] [net.minecraftforge.fml.loading.moddiscovery.ModFileInfo/LOADING]: Found valid mod file mixinextras-forge-0.2.0-beta.6.jar with {mixinextras} mods - versions {0.2.0-beta.6}
[25Aug2026 11:23:45.058] [main/DEBUG] [net.minecraftforge.fml.loading.moddiscovery.ModFileParser/LOADING]: Considering mod file candidate 
[25Aug2026 11:23:45.059] [main/DEBUG] [net.minecraftforge.fml.loading.moddiscovery.ModFileInfo/LOADING]: Found valid mod file mixinextras-forge-0.3.6.jar with {mixinextras} mods - versions {0.3.6}
[25Aug2026 11:23:45.062] [main/DEBUG] [net.minecraftforge.fml.loading.moddiscovery.ModFileParser/LOADING]: Considering mod file candidate 
[25Aug2026 11:23:45.063] [main/DEBUG] [net.minecraftforge.fml.loading.moddiscovery.ModFileInfo/LOADING]: Found valid mod file mixinextras-forge-0.3.6.jar with {mixinextras} mods - versions {0.3.6}
[25Aug2026 11:23:45.066] [main/DEBUG] [net.minecraftforge.fml.loading.moddiscovery.ModFileParser/LOADING]: Considering mod file candidate 
[25Aug2026 11:23:45.067] [main/DEBUG] [net.minecraftforge.fml.loading.moddiscovery.ModFileInfo/LOADING]: Found valid mod file mixinextras-forge-0.4.1.jar with {mixinextras} mods - versions {0.4.1}
[25Aug2026 11:23:45.175] [main/DEBUG] [net.minecraftforge.fml.loading.moddiscovery.ModFileParser/LOADING]: Considering mod file candidate 
[25Aug2026 11:23:45.177] [main/DEBUG] [net.minecraftforge.fml.loading.moddiscovery.ModFileInfo/LOADING]: Found valid mod file simplebedrockmodel-2.2.2-forge+mc1.20.1.jar with {simplebedrockmodel} mods - versions {2.2.2-forge+mc1.20.1}
[25Aug2026 11:23:45.420] [main/DEBUG] [net.minecraftforge.fml.loading.moddiscovery.ModFileParser/LOADING]: Considering mod file candidate 
[25Aug2026 11:23:45.421] [main/DEBUG] [net.minecraftforge.fml.loading.moddiscovery.ModFileInfo/LOADING]: Found valid mod file mixinextras-forge-0.3.6.jar with {mixinextras} mods - versions {0.3.6}
[25Aug2026 11:23:45.539] [main/DEBUG] [net.minecraftforge.fml.loading.moddiscovery.ModFileParser/LOADING]: Considering mod file candidate 
[25Aug2026 11:23:45.540] [main/DEBUG] [net.minecraftforge.fml.loading.moddiscovery.ModFileInfo/LOADING]: Found valid mod file curios-forge-5.14.1+1.20.1.jar with {curios} mods - versions {5.14.1+1.20.1}
[25Aug2026 11:23:45.574] [main/DEBUG] [net.minecraftforge.fml.loading.moddiscovery.ModFileParser/LOADING]: Considering mod file candidate 
[25Aug2026 11:23:45.575] [main/DEBUG] [net.minecraftforge.fml.loading.moddiscovery.ModFileInfo/LOADING]: Found valid mod file geckolib-forge-1.20.1-4.4.6.jar with {geckolib} mods - versions {4.4.6}
[25Aug2026 11:23:45.842] [main/DEBUG] [net.minecraftforge.fml.loading.moddiscovery.ModFileParser/LOADING]: Considering mod file candidate 
[25Aug2026 11:23:45.844] [main/DEBUG] [net.minecraftforge.fml.loading.moddiscovery.ModFileInfo/LOADING]: Found valid mod file simplebedrockmodel-2.5.1-forge-mc1.20.1.jar with {simplebedrockmodel} mods - versions {2.5.1-forge-mc1.20.1}
[25Aug2026 11:23:45.858] [main/DEBUG] [net.minecraftforge.fml.loading.moddiscovery.ModFileParser/LOADING]: Considering mod file candidate 
[25Aug2026 11:23:45.859] [main/DEBUG] [net.minecraftforge.fml.loading.moddiscovery.ModFileInfo/LOADING]: Found valid mod file Ponder-Forge-1.20.1-1.0.91.jar with {ponder} mods - versions {1.0.91}
[25Aug2026 11:23:45.901] [main/DEBUG] [net.minecraftforge.fml.loading.moddiscovery.ModFileParser/LOADING]: Considering mod file candidate 
[25Aug2026 11:23:45.902] [main/DEBUG] [net.minecraftforge.fml.loading.moddiscovery.ModFileInfo/LOADING]: Found valid mod file flywheel-forge-1.20.1-1.0.5.jar with {flywheel} mods - versions {1.0.5}
[25Aug2026 11:23:45.919] [main/DEBUG] [net.minecraftforge.fml.loading.moddiscovery.ModFileParser/LOADING]: Considering mod file candidate 
[25Aug2026 11:23:45.919] [main/DEBUG] [net.minecraftforge.fml.loading.moddiscovery.ModFileInfo/LOADING]: Found valid mod file cloth-config-forge-11.1.106.jar with {cloth_config} mods - versions {11.1.106}
[25Aug2026 11:23:45.927] [main/DEBUG] [net.minecraftforge.fml.loading.moddiscovery.ModFileParser/LOADING]: Considering mod file candidate 
[25Aug2026 11:23:45.927] [main/DEBUG] [net.minecraftforge.fml.loading.moddiscovery.ModFileInfo/LOADING]: Found valid mod file kffmod-4.12.0.jar with {kotlinforforge} mods - versions {4.12.0}
[25Aug2026 11:23:45.934] [main/DEBUG] [net.minecraftforge.fml.loading.moddiscovery.ModFileParser/LOADING]: Considering mod file candidate 
[25Aug2026 11:23:45.935] [main/DEBUG] [net.minecraftforge.fml.loading.moddiscovery.ModFileInfo/LOADING]: Found valid mod file fabric-api-base-0.4.31+ef105b4977.jar with {fabric_api_base} mods - versions {0.4.31+ef105b4977}
[25Aug2026 11:23:45.936] [main/DEBUG] [net.minecraftforge.fml.loading.moddiscovery.ModFileParser/LOADING]: Considering mod file candidate 
[25Aug2026 11:23:45.937] [main/DEBUG] [net.minecraftforge.fml.loading.moddiscovery.ModFileInfo/LOADING]: Found valid mod file fabric-data-attachment-api-v1-1.0.0+30ef839e77.jar with {fabric_data_attachment_api_v1} mods - versions {1.0.0+30ef839e77}
[25Aug2026 11:23:45.938] [main/DEBUG] [net.minecraftforge.fml.loading.moddiscovery.ModFileParser/LOADING]: Considering mod file candidate 
[25Aug2026 11:23:45.939] [main/DEBUG] [net.minecraftforge.fml.loading.moddiscovery.ModFileInfo/LOADING]: Found valid mod file fabric-entity-events-v1-1.6.0+6274ab9d77.jar with {fabric_entity_events_v1} mods - versions {1.6.0+6274ab9d77}
[25Aug2026 11:23:45.940] [main/DEBUG] [net.minecraftforge.fml.loading.moddiscovery.ModFileParser/LOADING]: Considering mod file candidate 
[25Aug2026 11:23:45.941] [main/DEBUG] [net.minecraftforge.fml.loading.moddiscovery.ModFileInfo/LOADING]: Found valid mod file fabric-object-builder-api-v1-11.1.3+2174fc8477.jar with {fabric_object_builder_api_v1} mods - versions {11.1.3+2174fc8477}
[25Aug2026 11:23:45.943] [main/DEBUG] [net.minecraftforge.fml.loading.moddiscovery.ModFileParser/LOADING]: Considering mod file candidate 
[25Aug2026 11:23:45.944] [main/DEBUG] [net.minecraftforge.fml.loading.moddiscovery.ModFileInfo/LOADING]: Found valid mod file mixinextras-forge-0.3.5.jar with {mixinextras} mods - versions {0.3.5}
[25Aug2026 11:23:45.955] [main/DEBUG] [net.minecraftforge.fml.loading.moddiscovery.ModFileParser/LOADING]: Considering mod file candidate 
[25Aug2026 11:23:45.956] [main/DEBUG] [net.minecraftforge.fml.loading.moddiscovery.ModFileInfo/LOADING]: Found valid mod file puzzlesapi-forge-8.1.6.jar with {puzzlesapi} mods - versions {8.1.6}
[25Aug2026 11:23:45.958] [main/DEBUG] [net.minecraftforge.fml.loading.moddiscovery.ModFileParser/LOADING]: Considering mod file candidate 
[25Aug2026 11:23:45.958] [main/DEBUG] [net.minecraftforge.fml.loading.moddiscovery.ModFileInfo/LOADING]: Found valid mod file mixinextras-forge-0.4.1.jar with {mixinextras} mods - versions {0.4.1}
[25Aug2026 11:23:45.959] [main/DEBUG] [net.minecraftforge.fml.loading.moddiscovery.AbstractJarFileDependencyLocator/]: Failed to load resource META-INF/jarjar/metadata.json from puzzlesaccessapi-forge-20.1.1.jar, it does not contain dependency information.
[25Aug2026 11:23:45.963] [main/DEBUG] [net.minecraftforge.fml.loading.moddiscovery.AbstractJarFileDependencyLocator/]: Failed to load resource META-INF/jarjar/metadata.json from mclib-20.jar, it does not contain dependency information.
[25Aug2026 11:23:45.980] [main/DEBUG] [net.minecraftforge.fml.loading.moddiscovery.AbstractJarFileDependencyLocator/]: Failed to load resource META-INF/jarjar/metadata.json from commons-math3-3.6.1.jar, it does not contain dependency information.
[25Aug2026 11:23:45.981] [main/DEBUG] [net.minecraftforge.fml.loading.moddiscovery.AbstractJarFileDependencyLocator/]: Failed to load resource META-INF/jarjar/metadata.json from luaj-core-3.0.8-figura.jar, it does not contain dependency information.
[25Aug2026 11:23:45.981] [main/DEBUG] [net.minecraftforge.fml.loading.moddiscovery.AbstractJarFileDependencyLocator/]: Failed to load resource META-INF/jarjar/metadata.json from luaj-jse-3.0.8-figura.jar, it does not contain dependency information.
[25Aug2026 11:23:45.981] [main/DEBUG] [net.minecraftforge.fml.loading.moddiscovery.AbstractJarFileDependencyLocator/]: Failed to load resource META-INF/jarjar/metadata.json from bcel-6.6.1.jar, it does not contain dependency information.
[25Aug2026 11:23:45.985] [main/DEBUG] [net.minecraftforge.fml.loading.moddiscovery.AbstractJarFileDependencyLocator/]: Failed to load resource META-INF/jarjar/metadata.json from curios-forge-5.14.1+1.20.1.jar, it does not contain dependency information.
[25Aug2026 11:23:45.987] [main/DEBUG] [net.minecraftforge.fml.loading.moddiscovery.AbstractJarFileDependencyLocator/]: Failed to load resource META-INF/jarjar/metadata.json from rhino-1.8.1-SNAPSHOT.jar, it does not contain dependency information.
[25Aug2026 11:23:45.991] [main/DEBUG] [net.minecraftforge.fml.loading.moddiscovery.ModFileParser/LOADING]: Considering mod file candidate 
[25Aug2026 11:23:45.992] [main/DEBUG] [net.minecraftforge.fml.loading.moddiscovery.ModFileInfo/LOADING]: Found valid mod file mixinextras-forge-0.3.6.jar with {mixinextras} mods - versions {0.3.6}
[25Aug2026 11:23:45.992] [main/DEBUG] [net.minecraftforge.fml.loading.moddiscovery.AbstractJarFileDependencyLocator/]: Failed to load resource META-INF/jarjar/metadata.json from Ponder-Forge-1.20.1-1.0.91.jar, it does not contain dependency information.
[25Aug2026 11:23:45.992] [main/DEBUG] [net.minecraftforge.fml.loading.moddiscovery.AbstractJarFileDependencyLocator/]: Failed to load resource META-INF/jarjar/metadata.json from flywheel-forge-1.20.1-1.0.5.jar, it does not contain dependency information.
[25Aug2026 11:23:45.992] [main/DEBUG] [net.minecraftforge.fml.loading.moddiscovery.AbstractJarFileDependencyLocator/]: Failed to load resource META-INF/jarjar/metadata.json from cloth-config-forge-11.1.106.jar, it does not contain dependency information.
[25Aug2026 11:23:45.992] [main/DEBUG] [net.minecraftforge.fml.loading.moddiscovery.AbstractJarFileDependencyLocator/]: Failed to load resource META-INF/jarjar/metadata.json from kfflang-4.12.0.jar, it does not contain dependency information.
[25Aug2026 11:23:45.992] [main/DEBUG] [net.minecraftforge.fml.loading.moddiscovery.AbstractJarFileDependencyLocator/]: Failed to load resource META-INF/jarjar/metadata.json from kfflib-4.12.0.jar, it does not contain dependency information.
[25Aug2026 11:23:45.993] [main/DEBUG] [net.minecraftforge.fml.loading.moddiscovery.AbstractJarFileDependencyLocator/]: Failed to load resource META-INF/jarjar/metadata.json from kffmod-4.12.0.jar, it does not contain dependency information.
[25Aug2026 11:23:45.993] [main/DEBUG] [net.minecraftforge.fml.loading.moddiscovery.AbstractJarFileDependencyLocator/]: Failed to load resource META-INF/jarjar/metadata.json from endec-0.1.8.jar, it does not contain dependency information.
[25Aug2026 11:23:45.993] [main/DEBUG] [net.minecraftforge.fml.loading.moddiscovery.AbstractJarFileDependencyLocator/]: Failed to load resource META-INF/jarjar/metadata.json from fabric-api-base-0.4.31+ef105b4977.jar, it does not contain dependency information.
[25Aug2026 11:23:45.993] [main/DEBUG] [net.minecraftforge.fml.loading.moddiscovery.AbstractJarFileDependencyLocator/]: Failed to load resource META-INF/jarjar/metadata.json from fabric-data-attachment-api-v1-1.0.0+30ef839e77.jar, it does not contain dependency information.
[25Aug2026 11:23:45.993] [main/DEBUG] [net.minecraftforge.fml.loading.moddiscovery.AbstractJarFileDependencyLocator/]: Failed to load resource META-INF/jarjar/metadata.json from fabric-entity-events-v1-1.6.0+6274ab9d77.jar, it does not contain dependency information.
[25Aug2026 11:23:45.993] [main/DEBUG] [net.minecraftforge.fml.loading.moddiscovery.AbstractJarFileDependencyLocator/]: Failed to load resource META-INF/jarjar/metadata.json from fabric-object-builder-api-v1-11.1.3+2174fc8477.jar, it does not contain dependency information.
[25Aug2026 11:23:45.993] [main/DEBUG] [net.minecraftforge.fml.loading.moddiscovery.AbstractJarFileDependencyLocator/]: Failed to load resource META-INF/jarjar/metadata.json from gson-0.1.5.jar, it does not contain dependency information.
[25Aug2026 11:23:45.997] [main/DEBUG] [net.minecraftforge.fml.loading.moddiscovery.AbstractJarFileDependencyLocator/]: Failed to load resource META-INF/jarjar/metadata.json from netty-0.1.4.jar, it does not contain dependency information.
[25Aug2026 11:23:46.000] [main/DEBUG] [net.minecraftforge.fml.loading.moddiscovery.ModFileParser/LOADING]: Considering mod file candidate 
[25Aug2026 11:23:46.001] [main/DEBUG] [net.minecraftforge.fml.loading.moddiscovery.ModFileInfo/LOADING]: Found valid mod file puzzlesaccessapi-forge-8.0.9.jar with {puzzlesaccessapi} mods - versions {8.0.9}
[25Aug2026 11:23:46.005] [main/DEBUG] [net.minecraftforge.fml.loading.moddiscovery.AbstractJarFileDependencyLocator/]: Failed to load resource META-INF/jarjar/metadata.json from MixinExtras-0.4.1.jar, it does not contain dependency information.
[25Aug2026 11:23:46.005] [main/DEBUG] [net.minecraftforge.fml.loading.moddiscovery.AbstractJarFileDependencyLocator/]: Failed to load resource META-INF/jarjar/metadata.json from MixinExtras-0.2.0-beta.6.jar, it does not contain dependency information.
[25Aug2026 11:23:46.005] [main/DEBUG] [net.minecraftforge.fml.loading.moddiscovery.AbstractJarFileDependencyLocator/]: Failed to load resource META-INF/jarjar/metadata.json from MixinExtras-0.3.6.jar, it does not contain dependency information.
[25Aug2026 11:23:46.005] [main/DEBUG] [net.minecraftforge.fml.loading.moddiscovery.AbstractJarFileDependencyLocator/]: Failed to load resource META-INF/jarjar/metadata.json from MixinExtras-0.3.6.jar, it does not contain dependency information.
[25Aug2026 11:23:46.005] [main/DEBUG] [net.minecraftforge.fml.loading.moddiscovery.AbstractJarFileDependencyLocator/]: Failed to load resource META-INF/jarjar/metadata.json from MixinExtras-0.4.1.jar, it does not contain dependency information.
[25Aug2026 11:23:46.005] [main/DEBUG] [net.minecraftforge.fml.loading.moddiscovery.AbstractJarFileDependencyLocator/]: Failed to load resource META-INF/jarjar/metadata.json from mae-1.1.2.jar, it does not contain dependency information.
[25Aug2026 11:23:46.006] [main/DEBUG] [net.minecraftforge.fml.loading.moddiscovery.AbstractJarFileDependencyLocator/]: Failed to load resource META-INF/jarjar/metadata.json from MixinExtras-0.3.6.jar, it does not contain dependency information.
[25Aug2026 11:23:46.006] [main/DEBUG] [net.minecraftforge.fml.loading.moddiscovery.AbstractJarFileDependencyLocator/]: Failed to load resource META-INF/jarjar/metadata.json from mclib-20.jar, it does not contain dependency information.
[25Aug2026 11:23:46.006] [main/DEBUG] [net.minecraftforge.fml.loading.moddiscovery.AbstractJarFileDependencyLocator/]: Failed to load resource META-INF/jarjar/metadata.json from mae-1.1.4.jar, it does not contain dependency information.
[25Aug2026 11:23:46.010] [main/DEBUG] [net.minecraftforge.fml.loading.moddiscovery.AbstractJarFileDependencyLocator/]: Failed to load resource META-INF/jarjar/metadata.json from MixinExtras-0.3.5.jar, it does not contain dependency information.
[25Aug2026 11:23:46.010] [main/DEBUG] [net.minecraftforge.fml.loading.moddiscovery.AbstractJarFileDependencyLocator/]: Failed to load resource META-INF/jarjar/metadata.json from MixinExtras-0.4.1.jar, it does not contain dependency information.
[25Aug2026 11:23:46.010] [main/DEBUG] [net.minecraftforge.fml.loading.moddiscovery.AbstractJarFileDependencyLocator/]: Failed to load resource META-INF/jarjar/metadata.json from MixinExtras-0.3.6.jar, it does not contain dependency information.
[25Aug2026 11:23:46.042] [main/DEBUG] [net.minecraftforge.fml.loading.moddiscovery.ModFileParser/LOADING]: Considering mod file candidate 
[25Aug2026 11:23:46.042] [main/DEBUG] [net.minecraftforge.fml.loading.moddiscovery.ModFileInfo/LOADING]: Found valid mod file flywheel-forge-1.20.1-1.0.5.jar with {flywheel} mods - versions {1.0.5}
[25Aug2026 11:23:46.048] [main/DEBUG] [net.minecraftforge.fml.loading.moddiscovery.ModFileParser/LOADING]: Considering mod file candidate 
[25Aug2026 11:23:46.049] [main/DEBUG] [net.minecraftforge.fml.loading.moddiscovery.ModFileInfo/LOADING]: Found valid mod file geckolib-forge-1.20.1-4.4.6.jar with {geckolib} mods - versions {4.4.6}
[25Aug2026 11:23:46.056] [main/DEBUG] [net.minecraftforge.fml.loading.moddiscovery.ModFileParser/LOADING]: Considering mod file candidate 
[25Aug2026 11:23:46.057] [main/DEBUG] [net.minecraftforge.fml.loading.moddiscovery.ModFileInfo/LOADING]: Found valid mod file simplebedrockmodel-2.5.1-forge-mc1.20.1.jar with {simplebedrockmodel} mods - versions {2.5.1-forge-mc1.20.1}
[25Aug2026 11:23:46.063] [main/DEBUG] [net.minecraftforge.fml.loading.moddiscovery.ModFileParser/LOADING]: Considering mod file candidate 
[25Aug2026 11:23:46.063] [main/DEBUG] [net.minecraftforge.fml.loading.moddiscovery.ModFileInfo/LOADING]: Found valid mod file puzzlesapi-forge-8.1.6.jar with {puzzlesapi} mods - versions {8.1.6}
[25Aug2026 11:23:46.088] [main/DEBUG] [net.minecraftforge.fml.loading.moddiscovery.ModFileParser/LOADING]: Considering mod file candidate 
[25Aug2026 11:23:46.088] [main/DEBUG] [net.minecraftforge.fml.loading.moddiscovery.ModFileInfo/LOADING]: Found valid mod file fabric-api-base-0.4.31+ef105b4977.jar with {fabric_api_base} mods - versions {0.4.31+ef105b4977}
[25Aug2026 11:23:46.089] [main/DEBUG] [net.minecraftforge.fml.loading.moddiscovery.ModFileParser/LOADING]: Considering mod file candidate 
[25Aug2026 11:23:46.090] [main/DEBUG] [net.minecraftforge.fml.loading.moddiscovery.ModFileInfo/LOADING]: Found valid mod file fabric-data-attachment-api-v1-1.0.0+30ef839e77.jar with {fabric_data_attachment_api_v1} mods - versions {1.0.0+30ef839e77}
[25Aug2026 11:23:46.091] [main/DEBUG] [net.minecraftforge.fml.loading.moddiscovery.ModFileParser/LOADING]: Considering mod file candidate 
[25Aug2026 11:23:46.091] [main/DEBUG] [net.minecraftforge.fml.loading.moddiscovery.ModFileInfo/LOADING]: Found valid mod file mixinextras-forge-0.2.0-beta.6.jar with {mixinextras} mods - versions {0.2.0-beta.6}
[25Aug2026 11:23:46.108] [main/DEBUG] [net.minecraftforge.fml.loading.moddiscovery.ModFileParser/LOADING]: Considering mod file candidate 
[25Aug2026 11:23:46.108] [main/DEBUG] [net.minecraftforge.fml.loading.moddiscovery.ModFileInfo/LOADING]: Found valid mod file cloth-config-forge-11.1.106.jar with {cloth_config} mods - versions {11.1.106}
[25Aug2026 11:23:46.109] [main/DEBUG] [net.minecraftforge.fml.loading.moddiscovery.ModFileParser/LOADING]: Considering mod file candidate 
[25Aug2026 11:23:46.110] [main/DEBUG] [net.minecraftforge.fml.loading.moddiscovery.ModFileInfo/LOADING]: Found valid mod file mixinextras-forge-0.4.1.jar with {mixinextras} mods - versions {0.4.1}
[25Aug2026 11:23:46.117] [main/DEBUG] [net.minecraftforge.fml.loading.moddiscovery.ModFileParser/LOADING]: Considering mod file candidate 
[25Aug2026 11:23:46.118] [main/DEBUG] [net.minecraftforge.fml.loading.moddiscovery.ModFileInfo/LOADING]: Found valid mod file Ponder-Forge-1.20.1-1.0.91.jar with {ponder} mods - versions {1.0.91}
[25Aug2026 11:23:46.118] [main/DEBUG] [net.minecraftforge.fml.loading.moddiscovery.ModFileParser/LOADING]: Considering mod file candidate 
[25Aug2026 11:23:46.119] [main/DEBUG] [net.minecraftforge.fml.loading.moddiscovery.ModFileInfo/LOADING]: Found valid mod file kffmod-4.12.0.jar with {kotlinforforge} mods - versions {4.12.0}
[25Aug2026 11:23:46.122] [main/DEBUG] [net.minecraftforge.fml.loading.moddiscovery.ModFileParser/LOADING]: Considering mod file candidate 
[25Aug2026 11:23:46.122] [main/DEBUG] [net.minecraftforge.fml.loading.moddiscovery.ModFileInfo/LOADING]: Found valid mod file fabric-object-builder-api-v1-11.1.3+2174fc8477.jar with {fabric_object_builder_api_v1} mods - versions {11.1.3+2174fc8477}
[25Aug2026 11:23:46.123] [main/DEBUG] [net.minecraftforge.fml.loading.moddiscovery.ModFileParser/LOADING]: Considering mod file candidate 
[25Aug2026 11:23:46.124] [main/DEBUG] [net.minecraftforge.fml.loading.moddiscovery.ModFileInfo/LOADING]: Found valid mod file fabric-entity-events-v1-1.6.0+6274ab9d77.jar with {fabric_entity_events_v1} mods - versions {1.6.0+6274ab9d77}
[25Aug2026 11:23:46.143] [main/DEBUG] [net.minecraftforge.fml.loading.moddiscovery.ModFileParser/LOADING]: Considering mod file candidate 
[25Aug2026 11:23:46.144] [main/DEBUG] [net.minecraftforge.fml.loading.moddiscovery.ModFileInfo/LOADING]: Found valid mod file curios-forge-5.14.1+1.20.1.jar with {curios} mods - versions {5.14.1+1.20.1}
[25Aug2026 11:23:46.152] [main/DEBUG] [net.minecraftforge.fml.loading.moddiscovery.ModFileParser/LOADING]: Considering mod file candidate 
[25Aug2026 11:23:46.153] [main/DEBUG] [net.minecraftforge.fml.loading.moddiscovery.ModFileInfo/LOADING]: Found valid mod file puzzlesaccessapi-forge-20.1.1.jar with {puzzlesaccessapi} mods - versions {20.1.1}
[25Aug2026 11:23:46.157] [main/WARN] [net.minecraftforge.jarjar.selection.JarSelector/]: Attempted to select two dependency jars from JarJar which have the same identification: Mod File:  and Mod File: . Using Mod File: 
[25Aug2026 11:23:46.158] [main/WARN] [net.minecraftforge.jarjar.selection.JarSelector/]: Attempted to select a dependency jar for JarJar which was passed in as source: geckolib. Using Mod File: /workspaces/Marangooners/servidor_minecraft/mods/geckolib-forge-1.20.1-4.8.4.jar
[25Aug2026 11:23:46.159] [main/INFO] [net.minecraftforge.fml.loading.moddiscovery.JarInJarDependencyLocator/]: Found 26 dependencies adding them to mods collection
[25Aug2026 11:23:46.161] [main/DEBUG] [net.minecraftforge.fml.loading.moddiscovery.ModFileParser/LOADING]: Considering mod file candidate /workspaces/Marangooners/servidor_minecraft/mods/TreeChop-1.20.1-forge-0.19.0.jar
[25Aug2026 11:23:46.161] [main/DEBUG] [net.minecraftforge.fml.loading.moddiscovery.ModFileInfo/LOADING]: Found valid mod file TreeChop-1.20.1-forge-0.19.0.jar with {treechop} mods - versions {0.18.8}
[25Aug2026 11:23:46.163] [main/DEBUG] [net.minecraftforge.fml.loading.moddiscovery.ModFile/LOADING]: Loading mod file /workspaces/Marangooners/servidor_minecraft/mods/TreeChop-1.20.1-forge-0.19.0.jar with languages [LanguageSpec[languageName=javafml, acceptedVersions=[32,)]]
[25Aug2026 11:23:46.164] [main/DEBUG] [net.minecraftforge.fml.loading.moddiscovery.ModFileParser/LOADING]: Considering mod file candidate 
[25Aug2026 11:23:46.165] [main/DEBUG] [net.minecraftforge.fml.loading.moddiscovery.ModFileInfo/LOADING]: Found valid mod file puzzlesapi-forge-8.1.6.jar with {puzzlesapi} mods - versions {8.1.6}
[25Aug2026 11:23:46.165] [main/DEBUG] [net.minecraftforge.fml.loading.moddiscovery.ModFile/LOADING]: Loading mod file  with languages [LanguageSpec[languageName=javafml, acceptedVersions=[47,)]]
[25Aug2026 11:23:46.165] [main/DEBUG] [net.minecraftforge.fml.loading.moddiscovery.ModFileParser/LOADING]: Considering mod file candidate /workspaces/Marangooners/servidor_minecraft/mods/EasyAnvils-v8.0.2-1.20.1-Forge.jar
[25Aug2026 11:23:46.165] [main/DEBUG] [net.minecraftforge.fml.loading.moddiscovery.ModFileInfo/LOADING]: Found valid mod file EasyAnvils-v8.0.2-1.20.1-Forge.jar with {easyanvils} mods - versions {8.0.2}
[25Aug2026 11:23:46.165] [main/DEBUG] [net.minecraftforge.fml.loading.moddiscovery.ModFile/LOADING]: Loading mod file /workspaces/Marangooners/servidor_minecraft/mods/EasyAnvils-v8.0.2-1.20.1-Forge.jar with languages [LanguageSpec[languageName=javafml, acceptedVersions=[47,)]]
[25Aug2026 11:23:46.166] [main/DEBUG] [net.minecraftforge.fml.loading.moddiscovery.ModFileParser/LOADING]: Considering mod file candidate /workspaces/Marangooners/servidor_minecraft/mods/ore-vein-miner-1.2.jar
[25Aug2026 11:23:46.166] [main/DEBUG] [net.minecraftforge.fml.loading.moddiscovery.ModFileInfo/LOADING]: Found valid mod file ore-vein-miner-1.2.jar with {mr_ore_veinminer} mods - versions {1.2}
[25Aug2026 11:23:46.166] [main/DEBUG] [net.minecraftforge.fml.loading.moddiscovery.ModFile/LOADING]: Loading mod file /workspaces/Marangooners/servidor_minecraft/mods/ore-vein-miner-1.2.jar with languages [LanguageSpec[languageName=javafml, acceptedVersions=[25,)]]
[25Aug2026 11:23:46.166] [main/DEBUG] [net.minecraftforge.fml.loading.moddiscovery.ModFileParser/LOADING]: Considering mod file candidate /workspaces/Marangooners/servidor_minecraft/mods/geckolib-forge-1.20.1-4.8.4.jar
[25Aug2026 11:23:46.167] [main/DEBUG] [net.minecraftforge.fml.loading.moddiscovery.ModFileInfo/LOADING]: Found valid mod file geckolib-forge-1.20.1-4.8.4.jar with {geckolib} mods - versions {4.8.4}
[25Aug2026 11:23:46.167] [main/DEBUG] [net.minecraftforge.fml.loading.moddiscovery.ModFile/LOADING]: Loading mod file /workspaces/Marangooners/servidor_minecraft/mods/geckolib-forge-1.20.1-4.8.4.jar with languages [LanguageSpec[languageName=javafml, acceptedVersions=[47,)]]
[25Aug2026 11:23:46.167] [main/DEBUG] [net.minecraftforge.fml.loading.moddiscovery.ModFileParser/LOADING]: Considering mod file candidate 
[25Aug2026 11:23:46.167] [main/DEBUG] [net.minecraftforge.fml.loading.moddiscovery.ModFileInfo/LOADING]: Found valid mod file Ponder-Forge-1.20.1-1.0.91.jar with {ponder} mods - versions {1.0.91}
[25Aug2026 11:23:46.167] [main/DEBUG] [net.minecraftforge.fml.loading.moddiscovery.ModFile/LOADING]: Loading mod file  with languages [LanguageSpec[languageName=javafml, acceptedVersions=[47,)]]
[25Aug2026 11:23:46.167] [main/DEBUG] [net.minecraftforge.fml.loading.moddiscovery.ModFileParser/LOADING]: Considering mod file candidate /workspaces/Marangooners/servidor_minecraft/mods/EasyMagic-v8.0.1-1.20.1-Forge.jar
[25Aug2026 11:23:46.168] [main/DEBUG] [net.minecraftforge.fml.loading.moddiscovery.ModFileInfo/LOADING]: Found valid mod file EasyMagic-v8.0.1-1.20.1-Forge.jar with {easymagic} mods - versions {8.0.1}
[25Aug2026 11:23:46.168] [main/DEBUG] [net.minecraftforge.fml.loading.moddiscovery.ModFile/LOADING]: Loading mod file /workspaces/Marangooners/servidor_minecraft/mods/EasyMagic-v8.0.1-1.20.1-Forge.jar with languages [LanguageSpec[languageName=javafml, acceptedVersions=[47,)]]
[25Aug2026 11:23:46.168] [main/DEBUG] [net.minecraftforge.fml.loading.moddiscovery.ModFileParser/LOADING]: Considering mod file candidate /workspaces/Marangooners/servidor_minecraft/mods/VisualWorkbench-v8.0.1-1.20.1-Forge.jar
[25Aug2026 11:23:46.168] [main/DEBUG] [net.minecraftforge.fml.loading.moddiscovery.ModFileInfo/LOADING]: Found valid mod file VisualWorkbench-v8.0.1-1.20.1-Forge.jar with {visualworkbench} mods - versions {8.0.1}
[25Aug2026 11:23:46.169] [main/DEBUG] [net.minecraftforge.fml.loading.moddiscovery.ModFile/LOADING]: Loading mod file /workspaces/Marangooners/servidor_minecraft/mods/VisualWorkbench-v8.0.1-1.20.1-Forge.jar with languages [LanguageSpec[languageName=javafml, acceptedVersions=[47,)]]
[25Aug2026 11:23:46.169] [main/DEBUG] [net.minecraftforge.fml.loading.moddiscovery.ModFileParser/LOADING]: Considering mod file candidate /workspaces/Marangooners/servidor_minecraft/mods/tacz-1.20.1-1.1.8-hotfix.jar
[25Aug2026 11:23:46.169] [main/DEBUG] [net.minecraftforge.fml.loading.moddiscovery.ModFileInfo/LOADING]: Found valid mod file tacz-1.20.1-1.1.8-hotfix.jar with {tacz} mods - versions {1.1.8-hotfix}
[25Aug2026 11:23:46.169] [main/DEBUG] [net.minecraftforge.fml.loading.moddiscovery.ModFile/LOADING]: Loading mod file /workspaces/Marangooners/servidor_minecraft/mods/tacz-1.20.1-1.1.8-hotfix.jar with languages [LanguageSpec[languageName=javafml, acceptedVersions=[46,)]]
[25Aug2026 11:23:46.169] [main/DEBUG] [net.minecraftforge.fml.loading.moddiscovery.ModFileParser/LOADING]: Considering mod file candidate /workspaces/Marangooners/servidor_minecraft/mods/libraryferret-forge-1.20.1-4.0.0.jar
[25Aug2026 11:23:46.170] [main/DEBUG] [net.minecraftforge.fml.loading.moddiscovery.ModFileInfo/LOADING]: Found valid mod file libraryferret-forge-1.20.1-4.0.0.jar with {libraryferret} mods - versions {4.0.0}
[25Aug2026 11:23:46.170] [main/DEBUG] [net.minecraftforge.fml.loading.moddiscovery.ModFile/LOADING]: Loading mod file /workspaces/Marangooners/servidor_minecraft/mods/libraryferret-forge-1.20.1-4.0.0.jar with languages [LanguageSpec[languageName=javafml, acceptedVersions=[0,)]]
[25Aug2026 11:23:46.170] [main/DEBUG] [net.minecraftforge.fml.loading.moddiscovery.ModFileParser/LOADING]: Considering mod file candidate /workspaces/Marangooners/servidor_minecraft/mods/mcw-mcwwindows-2.4.2-mc1.20.1forge.jar
[25Aug2026 11:23:46.170] [main/DEBUG] [net.minecraftforge.fml.loading.moddiscovery.ModFileInfo/LOADING]: Found valid mod file mcw-mcwwindows-2.4.2-mc1.20.1forge.jar with {mcwwindows} mods - versions {2.4.2}
[25Aug2026 11:23:46.170] [main/DEBUG] [net.minecraftforge.fml.loading.moddiscovery.ModFile/LOADING]: Loading mod file /workspaces/Marangooners/servidor_minecraft/mods/mcw-mcwwindows-2.4.2-mc1.20.1forge.jar with languages [LanguageSpec[languageName=javafml, acceptedVersions=[28,)]]
[25Aug2026 11:23:46.170] [main/DEBUG] [net.minecraftforge.fml.loading.moddiscovery.ModFileParser/LOADING]: Considering mod file candidate /workspaces/Marangooners/servidor_minecraft/mods/Incendium_1.20.x_v5.3.5.jar
[25Aug2026 11:23:46.171] [main/DEBUG] [net.minecraftforge.fml.loading.moddiscovery.ModFileInfo/LOADING]: Found valid mod file Incendium_1.20.x_v5.3.5.jar with {incendium} mods - versions {5.3.5}
[25Aug2026 11:23:46.171] [main/DEBUG] [net.minecraftforge.fml.loading.moddiscovery.ModFile/LOADING]: Loading mod file /workspaces/Marangooners/servidor_minecraft/mods/Incendium_1.20.x_v5.3.5.jar with languages [LanguageSpec[languageName=lowcodefml, acceptedVersions=[1,)]]
[25Aug2026 11:23:46.171] [main/DEBUG] [net.minecraftforge.fml.loading.moddiscovery.ModFileParser/LOADING]: Considering mod file candidate /workspaces/Marangooners/servidor_minecraft/mods/sophisticatedcore-1.20.1-1.3.84.2308.jar
[25Aug2026 11:23:46.172] [main/DEBUG] [net.minecraftforge.fml.loading.moddiscovery.ModFileInfo/LOADING]: Found valid mod file sophisticatedcore-1.20.1-1.3.84.2308.jar with {sophisticatedcore} mods - versions {1.3.84.2308}
[25Aug2026 11:23:46.172] [main/DEBUG] [net.minecraftforge.fml.loading.moddiscovery.ModFile/LOADING]: Loading mod file /workspaces/Marangooners/servidor_minecraft/mods/sophisticatedcore-1.20.1-1.3.84.2308.jar with languages [LanguageSpec[languageName=javafml, acceptedVersions=[47,)]]
[25Aug2026 11:23:46.172] [main/DEBUG] [net.minecraftforge.fml.loading.moddiscovery.ModFileParser/LOADING]: Considering mod file candidate /workspaces/Marangooners/servidor_minecraft/mods/SereneSeasons-forge-1.20.1-9.1.0.3.jar
[25Aug2026 11:23:46.172] [main/DEBUG] [net.minecraftforge.fml.loading.moddiscovery.ModFileInfo/LOADING]: Found valid mod file SereneSeasons-forge-1.20.1-9.1.0.3.jar with {sereneseasons} mods - versions {9.1.0.3}
[25Aug2026 11:23:46.172] [main/DEBUG] [net.minecraftforge.fml.loading.moddiscovery.ModFile/LOADING]: Loading mod file /workspaces/Marangooners/servidor_minecraft/mods/SereneSeasons-forge-1.20.1-9.1.0.3.jar with languages [LanguageSpec[languageName=javafml, acceptedVersions=[47,)]]
[25Aug2026 11:23:46.172] [main/DEBUG] [net.minecraftforge.fml.loading.moddiscovery.ModFileParser/LOADING]: Considering mod file candidate 
[25Aug2026 11:23:46.173] [main/DEBUG] [net.minecraftforge.fml.loading.moddiscovery.ModFileInfo/LOADING]: Found valid mod file fabric-data-attachment-api-v1-1.0.0+30ef839e77.jar with {fabric_data_attachment_api_v1} mods - versions {1.0.0+30ef839e77}
[25Aug2026 11:23:46.173] [main/DEBUG] [net.minecraftforge.fml.loading.moddiscovery.ModFile/LOADING]: Loading mod file  with languages [LanguageSpec[languageName=javafml, acceptedVersions=[47,)]]
[25Aug2026 11:23:46.173] [main/DEBUG] [net.minecraftforge.fml.loading.moddiscovery.ModFileParser/LOADING]: Considering mod file candidate /workspaces/Marangooners/servidor_minecraft/mods/GlitchCore-forge-1.20.1-0.0.1.1.jar
[25Aug2026 11:23:46.173] [main/DEBUG] [net.minecraftforge.fml.loading.moddiscovery.ModFileInfo/LOADING]: Found valid mod file GlitchCore-forge-1.20.1-0.0.1.1.jar with {glitchcore} mods - versions {0.0.1.1}
[25Aug2026 11:23:46.174] [main/DEBUG] [net.minecraftforge.fml.loading.moddiscovery.ModFile/LOADING]: Loading mod file /workspaces/Marangooners/servidor_minecraft/mods/GlitchCore-forge-1.20.1-0.0.1.1.jar with languages [LanguageSpec[languageName=javafml, acceptedVersions=[47,)]]
[25Aug2026 11:23:46.174] [main/DEBUG] [net.minecraftforge.fml.loading.moddiscovery.ModFileParser/LOADING]: Considering mod file candidate /workspaces/Marangooners/servidor_minecraft/mods/sophisticatedbackpacks-1.20.1-3.24.67.2109.jar
[25Aug2026 11:23:46.174] [main/DEBUG] [net.minecraftforge.fml.loading.moddiscovery.ModFileInfo/LOADING]: Found valid mod file sophisticatedbackpacks-1.20.1-3.24.67.2109.jar with {sophisticatedbackpacks} mods - versions {3.24.67.2109}
[25Aug2026 11:23:46.174] [main/DEBUG] [net.minecraftforge.fml.loading.moddiscovery.ModFile/LOADING]: Loading mod file /workspaces/Marangooners/servidor_minecraft/mods/sophisticatedbackpacks-1.20.1-3.24.67.2109.jar with languages [LanguageSpec[languageName=javafml, acceptedVersions=[47,)]]
[25Aug2026 11:23:46.174] [main/DEBUG] [net.minecraftforge.fml.loading.moddiscovery.ModFileParser/LOADING]: Considering mod file candidate /workspaces/Marangooners/servidor_minecraft/mods/epicterrain-0.3.0.jar
[25Aug2026 11:23:46.175] [main/DEBUG] [net.minecraftforge.fml.loading.moddiscovery.ModFileInfo/LOADING]: Found valid mod file epicterrain-0.3.0.jar with {mr_epicterrain} mods - versions {0.3.0}
[25Aug2026 11:23:46.175] [main/DEBUG] [net.minecraftforge.fml.loading.moddiscovery.ModFile/LOADING]: Loading mod file /workspaces/Marangooners/servidor_minecraft/mods/epicterrain-0.3.0.jar with languages [LanguageSpec[languageName=lowcodefml, acceptedVersions=[40,)]]
[25Aug2026 11:23:46.175] [main/DEBUG] [net.minecraftforge.fml.loading.moddiscovery.ModFileParser/LOADING]: Considering mod file candidate /workspaces/Marangooners/servidor_minecraft/mods/mcw-doors-1.1.5-mc1.20.1forge.jar
[25Aug2026 11:23:46.175] [main/DEBUG] [net.minecraftforge.fml.loading.moddiscovery.ModFileInfo/LOADING]: Found valid mod file mcw-doors-1.1.5-mc1.20.1forge.jar with {mcwdoors} mods - versions {1.1.5}
[25Aug2026 11:23:46.176] [main/DEBUG] [net.minecraftforge.fml.loading.moddiscovery.ModFile/LOADING]: Loading mod file /workspaces/Marangooners/servidor_minecraft/mods/mcw-doors-1.1.5-mc1.20.1forge.jar with languages [LanguageSpec[languageName=javafml, acceptedVersions=[28,)]]
[25Aug2026 11:23:46.176] [main/DEBUG] [net.minecraftforge.fml.loading.moddiscovery.ModFileParser/LOADING]: Considering mod file candidate /workspaces/Marangooners/servidor_minecraft/mods/takesapillage-1.0.3-1.20.1.jar
[25Aug2026 11:23:46.176] [main/DEBUG] [net.minecraftforge.fml.loading.moddiscovery.ModFileInfo/LOADING]: Found valid mod file takesapillage-1.0.3-1.20.1.jar with {takesapillage} mods - versions {1.0.3}
[25Aug2026 11:23:46.176] [main/DEBUG] [net.minecraftforge.fml.loading.moddiscovery.ModFile/LOADING]: Loading mod file /workspaces/Marangooners/servidor_minecraft/mods/takesapillage-1.0.3-1.20.1.jar with languages [LanguageSpec[languageName=javafml, acceptedVersions=[46,)]]
[25Aug2026 11:23:46.176] [main/DEBUG] [net.minecraftforge.fml.loading.moddiscovery.ModFileParser/LOADING]: Considering mod file candidate /workspaces/Marangooners/servidor_minecraft/mods/superbwarfare-0.8.9.1-hotfix-mc1.20.1-993063bed-all.jar
[25Aug2026 11:23:46.177] [main/DEBUG] [net.minecraftforge.fml.loading.moddiscovery.ModFileInfo/LOADING]: Found valid mod file superbwarfare-0.8.9.1-hotfix-mc1.20.1-993063bed-all.jar with {superbwarfare} mods - versions {0.8.9.1}
[25Aug2026 11:23:46.177] [main/DEBUG] [net.minecraftforge.fml.loading.moddiscovery.ModFile/LOADING]: Loading mod file /workspaces/Marangooners/servidor_minecraft/mods/superbwarfare-0.8.9.1-hotfix-mc1.20.1-993063bed-all.jar with languages [LanguageSpec[languageName=kotlinforforge, acceptedVersions=[4.11.0,)]]
[25Aug2026 11:23:46.177] [main/DEBUG] [net.minecraftforge.fml.loading.moddiscovery.ModFileParser/LOADING]: Considering mod file candidate /workspaces/Marangooners/servidor_minecraft/mods/carryon-forge-1.20.1-2.1.2.7.jar
[25Aug2026 11:23:46.178] [main/DEBUG] [net.minecraftforge.fml.loading.moddiscovery.ModFileInfo/LOADING]: Found valid mod file carryon-forge-1.20.1-2.1.2.7.jar with {carryon} mods - versions {2.1.2.7}
[25Aug2026 11:23:46.178] [main/DEBUG] [net.minecraftforge.fml.loading.moddiscovery.ModFile/LOADING]: Loading mod file /workspaces/Marangooners/servidor_minecraft/mods/carryon-forge-1.20.1-2.1.2.7.jar with languages [LanguageSpec[languageName=javafml, acceptedVersions=[46,)]]
[25Aug2026 11:23:46.178] [main/DEBUG] [net.minecraftforge.fml.loading.moddiscovery.ModFileParser/LOADING]: Considering mod file candidate 
[25Aug2026 11:23:46.178] [main/DEBUG] [net.minecraftforge.fml.loading.moddiscovery.ModFileInfo/LOADING]: Found valid mod file puzzlesaccessapi-forge-20.1.1.jar with {puzzlesaccessapi} mods - versions {20.1.1}
[25Aug2026 11:23:46.179] [main/DEBUG] [net.minecraftforge.fml.loading.moddiscovery.ModFile/LOADING]: Loading mod file  with languages [LanguageSpec[languageName=javafml, acceptedVersions=*]]
[25Aug2026 11:23:46.179] [main/DEBUG] [net.minecraftforge.fml.loading.moddiscovery.ModFileParser/LOADING]: Considering mod file candidate 
[25Aug2026 11:23:46.179] [main/DEBUG] [net.minecraftforge.fml.loading.moddiscovery.ModFileInfo/LOADING]: Found valid mod file cloth-config-forge-11.1.106.jar with {cloth_config} mods - versions {11.1.106}
[25Aug2026 11:23:46.179] [main/DEBUG] [net.minecraftforge.fml.loading.moddiscovery.ModFile/LOADING]: Loading mod file  with languages [LanguageSpec[languageName=javafml, acceptedVersions=[34,)]]
[25Aug2026 11:23:46.179] [main/DEBUG] [net.minecraftforge.fml.loading.moddiscovery.ModFileParser/LOADING]: Considering mod file candidate /workspaces/Marangooners/servidor_minecraft/libraries/net/minecraftforge/forge/1.20.1-47.3.7/forge-1.20.1-47.3.7-universal.jar
[25Aug2026 11:23:46.180] [main/DEBUG] [net.minecraftforge.fml.loading.moddiscovery.ModFileInfo/LOADING]: Found valid mod file forge-1.20.1-47.3.7-universal.jar with {forge} mods - versions {47.3.7}
[25Aug2026 11:23:46.180] [main/DEBUG] [net.minecraftforge.fml.loading.moddiscovery.ModFile/LOADING]: Loading mod file /workspaces/Marangooners/servidor_minecraft/libraries/net/minecraftforge/forge/1.20.1-47.3.7/forge-1.20.1-47.3.7-universal.jar with languages [LanguageSpec[languageName=javafml, acceptedVersions=[24,]]]
[25Aug2026 11:23:46.182] [main/DEBUG] [net.minecraftforge.fml.loading.moddiscovery.ModFileParser/LOADING]: Found coremod field_to_method with Javascript path coremods/field_to_method.js
[25Aug2026 11:23:46.182] [main/DEBUG] [net.minecraftforge.fml.loading.moddiscovery.ModFileParser/LOADING]: Found coremod field_to_instanceof with Javascript path coremods/field_to_instanceof.js
[25Aug2026 11:23:46.182] [main/DEBUG] [net.minecraftforge.fml.loading.moddiscovery.ModFileParser/LOADING]: Found coremod add_bouncer_method with Javascript path coremods/add_bouncer_method.js
[25Aug2026 11:23:46.182] [main/DEBUG] [net.minecraftforge.fml.loading.moddiscovery.ModFileParser/LOADING]: Found coremod method_redirector with Javascript path coremods/method_redirector.js
[25Aug2026 11:23:46.183] [main/DEBUG] [net.minecraftforge.fml.loading.moddiscovery.ModFile/LOADING]: Found coremod coremods/field_to_method.js
[25Aug2026 11:23:46.183] [main/DEBUG] [net.minecraftforge.fml.loading.moddiscovery.ModFile/LOADING]: Found coremod coremods/field_to_instanceof.js
[25Aug2026 11:23:46.183] [main/DEBUG] [net.minecraftforge.fml.loading.moddiscovery.ModFile/LOADING]: Found coremod coremods/add_bouncer_method.js
[25Aug2026 11:23:46.183] [main/DEBUG] [net.minecraftforge.fml.loading.moddiscovery.ModFile/LOADING]: Found coremod coremods/method_redirector.js
[25Aug2026 11:23:46.183] [main/DEBUG] [net.minecraftforge.fml.loading.moddiscovery.ModFileParser/LOADING]: Considering mod file candidate /workspaces/Marangooners/servidor_minecraft/mods/letsdo-farm_and_charm-forge-1.0.14.jar
[25Aug2026 11:23:46.183] [main/DEBUG] [net.minecraftforge.fml.loading.moddiscovery.ModFileInfo/LOADING]: Found valid mod file letsdo-farm_and_charm-forge-1.0.14.jar with {farm_and_charm} mods - versions {1.0.14}
[25Aug2026 11:23:46.183] [main/DEBUG] [net.minecraftforge.fml.loading.moddiscovery.ModFile/LOADING]: Loading mod file /workspaces/Marangooners/servidor_minecraft/mods/letsdo-farm_and_charm-forge-1.0.14.jar with languages [LanguageSpec[languageName=javafml, acceptedVersions=[47,)]]
[25Aug2026 11:23:46.184] [main/DEBUG] [net.minecraftforge.fml.loading.moddiscovery.ModFileParser/LOADING]: Considering mod file candidate /workspaces/Marangooners/servidor_minecraft/mods/FarmersDelight-1.20.1-1.3.3.jar
[25Aug2026 11:23:46.184] [main/DEBUG] [net.minecraftforge.fml.loading.moddiscovery.ModFileInfo/LOADING]: Found valid mod file FarmersDelight-1.20.1-1.3.3.jar with {farmersdelight} mods - versions {1.20.1-1.3.3}
[25Aug2026 11:23:46.184] [main/DEBUG] [net.minecraftforge.fml.loading.moddiscovery.ModFile/LOADING]: Loading mod file /workspaces/Marangooners/servidor_minecraft/mods/FarmersDelight-1.20.1-1.3.3.jar with languages [LanguageSpec[languageName=javafml, acceptedVersions=[46,)]]
[25Aug2026 11:23:46.184] [main/DEBUG] [net.minecraftforge.fml.loading.moddiscovery.ModFileInfo/LOADING]: Found valid mod file server-1.20.1-20230612.114412-srg.jar with {minecraft} mods - versions {1.20.1}
[25Aug2026 11:23:46.184] [main/DEBUG] [net.minecraftforge.fml.loading.moddiscovery.ModFile/LOADING]: Loading mod file /workspaces/Marangooners/servidor_minecraft/libraries/net/minecraft/server/1.20.1-20230612.114412/server-1.20.1-20230612.114412-srg.jar with languages [LanguageSpec[languageName=minecraft, acceptedVersions=1]]
[25Aug2026 11:23:46.185] [main/DEBUG] [net.minecraftforge.fml.loading.moddiscovery.ModFileParser/LOADING]: Considering mod file candidate 
[25Aug2026 11:23:46.185] [main/DEBUG] [net.minecraftforge.fml.loading.moddiscovery.ModFileInfo/LOADING]: Found valid mod file fabric-api-base-0.4.31+ef105b4977.jar with {fabric_api_base} mods - versions {0.4.31+ef105b4977}
[25Aug2026 11:23:46.185] [main/DEBUG] [net.minecraftforge.fml.loading.moddiscovery.ModFile/LOADING]: Loading mod file  with languages [LanguageSpec[languageName=javafml, acceptedVersions=[47,)]]
[25Aug2026 11:23:46.185] [main/DEBUG] [net.minecraftforge.fml.loading.moddiscovery.ModFileParser/LOADING]: Considering mod file candidate /workspaces/Marangooners/servidor_minecraft/mods/endrem_forge-5.3.3-R-1.20.1.jar
[25Aug2026 11:23:46.186] [main/DEBUG] [net.minecraftforge.fml.loading.moddiscovery.ModFileInfo/LOADING]: Found valid mod file endrem_forge-5.3.3-R-1.20.1.jar with {endrem} mods - versions {5.3.3-R-1.20.1}
[25Aug2026 11:23:46.186] [main/DEBUG] [net.minecraftforge.fml.loading.moddiscovery.ModFile/LOADING]: Loading mod file /workspaces/Marangooners/servidor_minecraft/mods/endrem_forge-5.3.3-R-1.20.1.jar with languages [LanguageSpec[languageName=javafml, acceptedVersions=[46,)]]
[25Aug2026 11:23:46.186] [main/DEBUG] [net.minecraftforge.fml.loading.moddiscovery.ModFileParser/LOADING]: Considering mod file candidate /workspaces/Marangooners/servidor_minecraft/mods/another_furniture-forge-1.20.1-3.0.4.jar
[25Aug2026 11:23:46.187] [main/DEBUG] [net.minecraftforge.fml.loading.moddiscovery.ModFileInfo/LOADING]: Found valid mod file another_furniture-forge-1.20.1-3.0.4.jar with {another_furniture} mods - versions {1.20.1-3.0.4}
[25Aug2026 11:23:46.187] [main/DEBUG] [net.minecraftforge.fml.loading.moddiscovery.ModFile/LOADING]: Loading mod file /workspaces/Marangooners/servidor_minecraft/mods/another_furniture-forge-1.20.1-3.0.4.jar with languages [LanguageSpec[languageName=javafml, acceptedVersions=[43,)]]
[25Aug2026 11:23:46.187] [main/DEBUG] [net.minecraftforge.fml.loading.moddiscovery.ModFileParser/LOADING]: Considering mod file candidate /workspaces/Marangooners/servidor_minecraft/mods/justhammers-forge-2.0.3+mc1.20.1.jar
[25Aug2026 11:23:46.187] [main/DEBUG] [net.minecraftforge.fml.loading.moddiscovery.ModFileInfo/LOADING]: Found valid mod file justhammers-forge-2.0.3+mc1.20.1.jar with {justhammers} mods - versions {2.0.3+mc1.20.1}
[25Aug2026 11:23:46.187] [main/DEBUG] [net.minecraftforge.fml.loading.moddiscovery.ModFile/LOADING]: Loading mod file /workspaces/Marangooners/servidor_minecraft/mods/justhammers-forge-2.0.3+mc1.20.1.jar with languages [LanguageSpec[languageName=javafml, acceptedVersions=[47,)]]
[25Aug2026 11:23:46.187] [main/DEBUG] [net.minecraftforge.fml.loading.moddiscovery.ModFileParser/LOADING]: Considering mod file candidate /workspaces/Marangooners/servidor_minecraft/mods/Chunky-1.3.146.jar
[25Aug2026 11:23:46.188] [main/DEBUG] [net.minecraftforge.fml.loading.moddiscovery.ModFileInfo/LOADING]: Found valid mod file Chunky-1.3.146.jar with {chunky} mods - versions {1.3.146}
[25Aug2026 11:23:46.188] [main/DEBUG] [net.minecraftforge.fml.loading.moddiscovery.ModFile/LOADING]: Loading mod file /workspaces/Marangooners/servidor_minecraft/mods/Chunky-1.3.146.jar with languages [LanguageSpec[languageName=javafml, acceptedVersions=[38,)]]
[25Aug2026 11:23:46.188] [main/DEBUG] [net.minecraftforge.fml.loading.moddiscovery.ModFileParser/LOADING]: Considering mod file candidate /workspaces/Marangooners/servidor_minecraft/mods/mcw-mcwfences-1.2.1-mc1.20.1forge.jar
[25Aug2026 11:23:46.188] [main/DEBUG] [net.minecraftforge.fml.loading.moddiscovery.ModFileInfo/LOADING]: Found valid mod file mcw-mcwfences-1.2.1-mc1.20.1forge.jar with {mcwfences} mods - versions {1.2.1}
[25Aug2026 11:23:46.188] [main/DEBUG] [net.minecraftforge.fml.loading.moddiscovery.ModFile/LOADING]: Loading mod file /workspaces/Marangooners/servidor_minecraft/mods/mcw-mcwfences-1.2.1-mc1.20.1forge.jar with languages [LanguageSpec[languageName=javafml, acceptedVersions=[28,)]]
[25Aug2026 11:23:46.189] [main/DEBUG] [net.minecraftforge.fml.loading.moddiscovery.ModFileParser/LOADING]: Considering mod file candidate 
[25Aug2026 11:23:46.189] [main/DEBUG] [net.minecraftforge.fml.loading.moddiscovery.ModFileInfo/LOADING]: Found valid mod file kffmod-4.12.0.jar with {kotlinforforge} mods - versions {4.12.0}
[25Aug2026 11:23:46.189] [main/DEBUG] [net.minecraftforge.fml.loading.moddiscovery.ModFile/LOADING]: Loading mod file  with languages [LanguageSpec[languageName=kotlinforforge, acceptedVersions=[4,)]]
[25Aug2026 11:23:46.189] [main/DEBUG] [net.minecraftforge.fml.loading.moddiscovery.ModFileParser/LOADING]: Considering mod file candidate 
[25Aug2026 11:23:46.189] [main/DEBUG] [net.minecraftforge.fml.loading.moddiscovery.ModFileInfo/LOADING]: Found valid mod file flywheel-forge-1.20.1-1.0.5.jar with {flywheel} mods - versions {1.0.5}
[25Aug2026 11:23:46.190] [main/DEBUG] [net.minecraftforge.fml.loading.moddiscovery.ModFile/LOADING]: Loading mod file  with languages [LanguageSpec[languageName=javafml, acceptedVersions=[0,)]]
[25Aug2026 11:23:46.190] [main/DEBUG] [net.minecraftforge.fml.loading.moddiscovery.ModFileParser/LOADING]: Considering mod file candidate 
[25Aug2026 11:23:46.190] [main/DEBUG] [net.minecraftforge.fml.loading.moddiscovery.ModFileInfo/LOADING]: Found valid mod file curios-forge-5.14.1+1.20.1.jar with {curios} mods - versions {5.14.1+1.20.1}
[25Aug2026 11:23:46.190] [main/DEBUG] [net.minecraftforge.fml.loading.moddiscovery.ModFile/LOADING]: Loading mod file  with languages [LanguageSpec[languageName=javafml, acceptedVersions=[41,)]]
[25Aug2026 11:23:46.190] [main/DEBUG] [net.minecraftforge.fml.loading.moddiscovery.ModFileParser/LOADING]: Considering mod file candidate 
[25Aug2026 11:23:46.190] [main/DEBUG] [net.minecraftforge.fml.loading.moddiscovery.ModFileInfo/LOADING]: Found valid mod file simplebedrockmodel-2.5.1-forge-mc1.20.1.jar with {simplebedrockmodel} mods - versions {2.5.1-forge-mc1.20.1}
[25Aug2026 11:23:46.190] [main/DEBUG] [net.minecraftforge.fml.loading.moddiscovery.ModFile/LOADING]: Loading mod file  with languages [LanguageSpec[languageName=javafml, acceptedVersions=[47,)]]
[25Aug2026 11:23:46.190] [main/DEBUG] [net.minecraftforge.fml.loading.moddiscovery.ModFileParser/LOADING]: Considering mod file candidate /workspaces/Marangooners/servidor_minecraft/mods/gravestone-forge-1.20.1-1.0.35.jar
[25Aug2026 11:23:46.191] [main/DEBUG] [net.minecraftforge.fml.loading.moddiscovery.ModFileInfo/LOADING]: Found valid mod file gravestone-forge-1.20.1-1.0.35.jar with {gravestone} mods - versions {1.20.1-1.0.35}
[25Aug2026 11:23:46.191] [main/DEBUG] [net.minecraftforge.fml.loading.moddiscovery.ModFile/LOADING]: Loading mod file /workspaces/Marangooners/servidor_minecraft/mods/gravestone-forge-1.20.1-1.0.35.jar with languages [LanguageSpec[languageName=javafml, acceptedVersions=*]]
[25Aug2026 11:23:46.191] [main/DEBUG] [net.minecraftforge.fml.loading.moddiscovery.ModFileParser/LOADING]: Considering mod file candidate /workspaces/Marangooners/servidor_minecraft/mods/[1.20.1] SecurityCraft v1.9.10.jar
[25Aug2026 11:23:46.191] [main/DEBUG] [net.minecraftforge.fml.loading.moddiscovery.ModFileInfo/LOADING]: Found valid mod file [1.20.1] SecurityCraft v1.9.10.jar with {securitycraft} mods - versions {1.9.10}
[25Aug2026 11:23:46.191] [main/DEBUG] [net.minecraftforge.fml.loading.moddiscovery.ModFile/LOADING]: Loading mod file /workspaces/Marangooners/servidor_minecraft/mods/[1.20.1] SecurityCraft v1.9.10.jar with languages [LanguageSpec[languageName=javafml, acceptedVersions=[46,)]]
[25Aug2026 11:23:46.191] [main/DEBUG] [net.minecraftforge.fml.loading.moddiscovery.ModFileParser/LOADING]: Considering mod file candidate /workspaces/Marangooners/servidor_minecraft/mods/Nullscape_1.20.x_v1.2.8.jar
[25Aug2026 11:23:46.192] [main/DEBUG] [net.minecraftforge.fml.loading.moddiscovery.ModFileInfo/LOADING]: Found valid mod file Nullscape_1.20.x_v1.2.8.jar with {nullscape} mods - versions {1.2.8}
[25Aug2026 11:23:46.192] [main/DEBUG] [net.minecraftforge.fml.loading.moddiscovery.ModFile/LOADING]: Loading mod file /workspaces/Marangooners/servidor_minecraft/mods/Nullscape_1.20.x_v1.2.8.jar with languages [LanguageSpec[languageName=lowcodefml, acceptedVersions=[1,)]]
[25Aug2026 11:23:46.192] [main/DEBUG] [net.minecraftforge.fml.loading.moddiscovery.ModFileParser/LOADING]: Considering mod file candidate /workspaces/Marangooners/servidor_minecraft/mods/bettervillage-forge-1.20.1-3.3.1-all.jar
[25Aug2026 11:23:46.192] [main/DEBUG] [net.minecraftforge.fml.loading.moddiscovery.ModFileInfo/LOADING]: Found valid mod file bettervillage-forge-1.20.1-3.3.1-all.jar with {bettervillage} mods - versions {3.3.1}
[25Aug2026 11:23:46.192] [main/DEBUG] [net.minecraftforge.fml.loading.moddiscovery.ModFile/LOADING]: Loading mod file /workspaces/Marangooners/servidor_minecraft/mods/bettervillage-forge-1.20.1-3.3.1-all.jar with languages [LanguageSpec[languageName=javafml, acceptedVersions=[0,)]]
[25Aug2026 11:23:46.192] [main/DEBUG] [net.minecraftforge.fml.loading.moddiscovery.ModFileParser/LOADING]: Considering mod file candidate 
[25Aug2026 11:23:46.192] [main/DEBUG] [net.minecraftforge.fml.loading.moddiscovery.ModFileInfo/LOADING]: Found valid mod file fabric-entity-events-v1-1.6.0+6274ab9d77.jar with {fabric_entity_events_v1} mods - versions {1.6.0+6274ab9d77}
[25Aug2026 11:23:46.193] [main/DEBUG] [net.minecraftforge.fml.loading.moddiscovery.ModFile/LOADING]: Loading mod file  with languages [LanguageSpec[languageName=javafml, acceptedVersions=[47,)]]
[25Aug2026 11:23:46.193] [main/DEBUG] [net.minecraftforge.fml.loading.moddiscovery.ModFileParser/LOADING]: Considering mod file candidate /workspaces/Marangooners/servidor_minecraft/mods/overweightfarming-1.20.1-2.1.0-forge.jar
[25Aug2026 11:23:46.193] [main/DEBUG] [net.minecraftforge.fml.loading.moddiscovery.ModFileInfo/LOADING]: Found valid mod file overweightfarming-1.20.1-2.1.0-forge.jar with {overweight_farming} mods - versions {1.20.1-2.1.0-forge}
[25Aug2026 11:23:46.193] [main/DEBUG] [net.minecraftforge.fml.loading.moddiscovery.ModFile/LOADING]: Loading mod file /workspaces/Marangooners/servidor_minecraft/mods/overweightfarming-1.20.1-2.1.0-forge.jar with languages [LanguageSpec[languageName=javafml, acceptedVersions=[39,)]]
[25Aug2026 11:23:46.193] [main/DEBUG] [net.minecraftforge.fml.loading.moddiscovery.ModFileParser/LOADING]: Considering mod file candidate /workspaces/Marangooners/servidor_minecraft/mods/fracturepoint-1.20.1-3.0.0-PT2-all.jar
[25Aug2026 11:23:46.193] [main/DEBUG] [net.minecraftforge.fml.loading.moddiscovery.ModFileInfo/LOADING]: Found valid mod file fracturepoint-1.20.1-3.0.0-PT2-all.jar with {fracturepoint} mods - versions {3.0.0-PT2}
[25Aug2026 11:23:46.194] [main/DEBUG] [net.minecraftforge.fml.loading.moddiscovery.ModFile/LOADING]: Loading mod file /workspaces/Marangooners/servidor_minecraft/mods/fracturepoint-1.20.1-3.0.0-PT2-all.jar with languages [LanguageSpec[languageName=javafml, acceptedVersions=[47,)]]
[25Aug2026 11:23:46.194] [main/DEBUG] [net.minecraftforge.fml.loading.moddiscovery.ModFileParser/LOADING]: Considering mod file candidate /workspaces/Marangooners/servidor_minecraft/mods/accessories-neoforge-1.0.0-beta.48+1.20.1.jar
[25Aug2026 11:23:46.194] [main/DEBUG] [net.minecraftforge.fml.loading.moddiscovery.ModFileInfo/LOADING]: Found valid mod file accessories-neoforge-1.0.0-beta.48+1.20.1.jar with {accessories} mods - versions {1.0.0-beta48+1.20.1}
[25Aug2026 11:23:46.194] [main/DEBUG] [net.minecraftforge.fml.loading.moddiscovery.ModFile/LOADING]: Loading mod file /workspaces/Marangooners/servidor_minecraft/mods/accessories-neoforge-1.0.0-beta.48+1.20.1.jar with languages [LanguageSpec[languageName=javafml, acceptedVersions=[47,)]]
[25Aug2026 11:23:46.194] [main/DEBUG] [net.minecraftforge.fml.loading.moddiscovery.ModFileParser/LOADING]: Considering mod file candidate /workspaces/Marangooners/servidor_minecraft/mods/architectury-9.2.14-forge.jar
[25Aug2026 11:23:46.194] [main/DEBUG] [net.minecraftforge.fml.loading.moddiscovery.ModFileInfo/LOADING]: Found valid mod file architectury-9.2.14-forge.jar with {architectury} mods - versions {9.2.14}
[25Aug2026 11:23:46.194] [main/DEBUG] [net.minecraftforge.fml.loading.moddiscovery.ModFile/LOADING]: Loading mod file /workspaces/Marangooners/servidor_minecraft/mods/architectury-9.2.14-forge.jar with languages [LanguageSpec[languageName=javafml, acceptedVersions=[46,)]]
[25Aug2026 11:23:46.195] [main/DEBUG] [net.minecraftforge.fml.loading.moddiscovery.ModFileParser/LOADING]: Considering mod file candidate 
[25Aug2026 11:23:46.195] [main/DEBUG] [net.minecraftforge.fml.loading.moddiscovery.ModFileInfo/LOADING]: Found valid mod file fabric-object-builder-api-v1-11.1.3+2174fc8477.jar with {fabric_object_builder_api_v1} mods - versions {11.1.3+2174fc8477}
[25Aug2026 11:23:46.195] [main/DEBUG] [net.minecraftforge.fml.loading.moddiscovery.ModFile/LOADING]: Loading mod file  with languages [LanguageSpec[languageName=javafml, acceptedVersions=[47,)]]
[25Aug2026 11:23:46.195] [main/DEBUG] [net.minecraftforge.fml.loading.moddiscovery.ModFileParser/LOADING]: Considering mod file candidate /workspaces/Marangooners/servidor_minecraft/mods/moremobvariants-forge+1.20.1-1.3.0.1.jar
[25Aug2026 11:23:46.196] [main/DEBUG] [net.minecraftforge.fml.loading.moddiscovery.ModFileInfo/LOADING]: Found valid mod file moremobvariants-forge+1.20.1-1.3.0.1.jar with {moremobvariants} mods - versions {1.3.0.1}
[25Aug2026 11:23:46.196] [main/DEBUG] [net.minecraftforge.fml.loading.moddiscovery.ModFile/LOADING]: Loading mod file /workspaces/Marangooners/servidor_minecraft/mods/moremobvariants-forge+1.20.1-1.3.0.1.jar with languages [LanguageSpec[languageName=javafml, acceptedVersions=[46,)]]
[25Aug2026 11:23:46.196] [main/DEBUG] [net.minecraftforge.fml.loading.moddiscovery.ModFileParser/LOADING]: Considering mod file candidate /workspaces/Marangooners/servidor_minecraft/mods/mcw-furniture-3.4.1-mc1.20.1forge.jar
[25Aug2026 11:23:46.197] [main/DEBUG] [net.minecraftforge.fml.loading.moddiscovery.ModFileInfo/LOADING]: Found valid mod file mcw-furniture-3.4.1-mc1.20.1forge.jar with {mcwfurnitures} mods - versions {3.4.1}
[25Aug2026 11:23:46.197] [main/DEBUG] [net.minecraftforge.fml.loading.moddiscovery.ModFile/LOADING]: Loading mod file /workspaces/Marangooners/servidor_minecraft/mods/mcw-furniture-3.4.1-mc1.20.1forge.jar with languages [LanguageSpec[languageName=javafml, acceptedVersions=[28,)]]
[25Aug2026 11:23:46.197] [main/DEBUG] [net.minecraftforge.fml.loading.moddiscovery.ModFileParser/LOADING]: Considering mod file candidate /workspaces/Marangooners/servidor_minecraft/mods/PuzzlesLib-v8.1.33-1.20.1-Forge.jar
[25Aug2026 11:23:46.197] [main/DEBUG] [net.minecraftforge.fml.loading.moddiscovery.ModFileInfo/LOADING]: Found valid mod file PuzzlesLib-v8.1.33-1.20.1-Forge.jar with {puzzleslib} mods - versions {8.1.33}
[25Aug2026 11:23:46.197] [main/DEBUG] [net.minecraftforge.fml.loading.moddiscovery.ModFile/LOADING]: Loading mod file /workspaces/Marangooners/servidor_minecraft/mods/PuzzlesLib-v8.1.33-1.20.1-Forge.jar with languages [LanguageSpec[languageName=javafml, acceptedVersions=[47,)]]
[25Aug2026 11:23:46.197] [main/DEBUG] [net.minecraftforge.fml.loading.moddiscovery.ModFileParser/LOADING]: Considering mod file candidate /workspaces/Marangooners/servidor_minecraft/mods/EasyShulkerBoxes-v8.0.2-1.20.1-Forge.jar
[25Aug2026 11:23:46.198] [main/DEBUG] [net.minecraftforge.fml.loading.moddiscovery.ModFileInfo/LOADING]: Found valid mod file EasyShulkerBoxes-v8.0.2-1.20.1-Forge.jar with {easyshulkerboxes} mods - versions {8.0.2}
[25Aug2026 11:23:46.198] [main/DEBUG] [net.minecraftforge.fml.loading.moddiscovery.ModFile/LOADING]: Loading mod file /workspaces/Marangooners/servidor_minecraft/mods/EasyShulkerBoxes-v8.0.2-1.20.1-Forge.jar with languages [LanguageSpec[languageName=javafml, acceptedVersions=[47,)]]
[25Aug2026 11:23:46.198] [main/DEBUG] [net.minecraftforge.fml.loading.moddiscovery.ModFile/LOADING]: Loading mod file  with languages []
[25Aug2026 11:23:46.198] [main/DEBUG] [net.minecraftforge.fml.loading.moddiscovery.ModFile/LOADING]: Loading mod file  with languages []
[25Aug2026 11:23:46.198] [main/DEBUG] [net.minecraftforge.fml.loading.moddiscovery.ModFile/LOADING]: Loading mod file  with languages []
[25Aug2026 11:23:46.198] [main/DEBUG] [net.minecraftforge.fml.loading.moddiscovery.ModFileParser/LOADING]: Considering mod file candidate 
[25Aug2026 11:23:46.198] [main/DEBUG] [net.minecraftforge.fml.loading.moddiscovery.ModFileInfo/LOADING]: Found valid mod file mixinextras-forge-0.2.0-beta.6.jar with {mixinextras} mods - versions {0.2.0-beta.6}
[25Aug2026 11:23:46.198] [main/DEBUG] [net.minecraftforge.fml.loading.moddiscovery.ModFile/LOADING]: Loading mod file  with languages [LanguageSpec[languageName=javafml, acceptedVersions=*]]
[25Aug2026 11:23:46.199] [main/DEBUG] [net.minecraftforge.fml.loading.moddiscovery.ModFile/LOADING]: Loading mod file  with languages []
[25Aug2026 11:23:46.199] [main/DEBUG] [net.minecraftforge.fml.loading.moddiscovery.ModFile/LOADING]: Loading mod file  with languages []
[25Aug2026 11:23:46.199] [main/DEBUG] [net.minecraftforge.fml.loading.moddiscovery.ModFile/LOADING]: Loading mod file  with languages []
[25Aug2026 11:23:46.199] [main/DEBUG] [net.minecraftforge.fml.loading.moddiscovery.ModFile/LOADING]: Loading mod file  with languages []
[25Aug2026 11:23:46.199] [main/DEBUG] [net.minecraftforge.fml.loading.moddiscovery.ModFile/LOADING]: Loading mod file  with languages []
[25Aug2026 11:23:46.199] [main/DEBUG] [net.minecraftforge.fml.loading.moddiscovery.ModFile/LOADING]: Loading mod file  with languages []
[25Aug2026 11:23:46.199] [main/DEBUG] [net.minecraftforge.fml.loading.moddiscovery.ModFile/LOADING]: Loading mod file  with languages []
[25Aug2026 11:23:46.199] [main/DEBUG] [net.minecraftforge.fml.loading.moddiscovery.ModFile/LOADING]: Loading mod file  with languages []
[25Aug2026 11:23:46.199] [main/DEBUG] [net.minecraftforge.fml.loading.moddiscovery.ModFile/LOADING]: Loading mod file  with languages []
[25Aug2026 11:23:46.199] [main/DEBUG] [net.minecraftforge.fml.loading.moddiscovery.ModFile/LOADING]: Loading mod file  with languages []
[25Aug2026 11:23:46.199] [main/DEBUG] [net.minecraftforge.fml.loading.moddiscovery.ModFile/LOADING]: Loading mod file  with languages []
[25Aug2026 11:23:46.199] [main/DEBUG] [net.minecraftforge.fml.loading.moddiscovery.ModFile/LOADING]: Loading mod file  with languages []
[25Aug2026 11:23:46.199] [main/DEBUG] [net.minecraftforge.fml.loading.moddiscovery.ModFileParser/LOADING]: Considering mod file candidate 
[25Aug2026 11:23:46.200] [main/DEBUG] [net.minecraftforge.fml.loading.moddiscovery.ModFileInfo/LOADING]: Found valid mod file mixinextras-forge-0.2.0-beta.6.jar with {mixinextras} mods - versions {0.2.0-beta.6}
[25Aug2026 11:23:46.200] [main/DEBUG] [net.minecraftforge.fml.loading.moddiscovery.ModFile/LOADING]: Loading mod file  with languages [LanguageSpec[languageName=javafml, acceptedVersions=*]]
[25Aug2026 11:23:46.200] [main/DEBUG] [net.minecraftforge.fml.loading.moddiscovery.ModFile/LOADING]: Loading mod file  with languages []
[25Aug2026 11:23:46.200] [main/DEBUG] [net.minecraftforge.fml.loading.moddiscovery.ModFile/LOADING]: Loading mod file  with languages []
[25Aug2026 11:23:46.200] [main/DEBUG] [net.minecraftforge.fml.loading.moddiscovery.ModFile/LOADING]: Loading mod file  with languages []
[25Aug2026 11:23:46.200] [main/DEBUG] [net.minecraftforge.fml.loading.moddiscovery.ModFile/LOADING]: Loading mod file  with languages []
[25Aug2026 11:23:46.200] [main/DEBUG] [net.minecraftforge.fml.loading.moddiscovery.ModFile/LOADING]: Loading mod file  with languages []
[25Aug2026 11:23:46.200] [main/DEBUG] [net.minecraftforge.fml.loading.moddiscovery.ModFile/LOADING]: Loading mod file  with languages []
[25Aug2026 11:23:46.201] [main/DEBUG] [net.minecraftforge.fml.loading.moddiscovery.ModFile/LOADING]: Loading mod file  with languages []
[25Aug2026 11:23:46.201] [main/DEBUG] [net.minecraftforge.fml.loading.moddiscovery.ModFile/LOADING]: Loading mod file  with languages []
[25Aug2026 11:23:46.201] [main/DEBUG] [net.minecraftforge.fml.loading.moddiscovery.ModFile/LOADING]: Loading mod file  with languages []
[25Aug2026 11:23:46.202] [main/DEBUG] [cpw.mods.modlauncher.TransformationServiceDecorator/MODLAUNCHER]: End scan trigger - transformation service fml
[25Aug2026 11:23:46.213] [main/DEBUG] [net.minecraftforge.fml.loading.LanguageLoadingProvider/CORE]: Found 4 language providers
[25Aug2026 11:23:46.213] [main/DEBUG] [net.minecraftforge.fml.loading.LanguageLoadingProvider/CORE]: Found language provider minecraft, version 1.0
[25Aug2026 11:23:46.214] [main/DEBUG] [net.minecraftforge.fml.loading.LanguageLoadingProvider/CORE]: Found language provider kotlinforforge, version 4.12.0
[25Aug2026 11:23:46.214] [main/DEBUG] [net.minecraftforge.fml.loading.LanguageLoadingProvider/CORE]: Found language provider javafml, version 47
[25Aug2026 11:23:46.214] [main/DEBUG] [net.minecraftforge.fml.loading.LanguageLoadingProvider/CORE]: Found language provider lowcodefml, version 47
[25Aug2026 11:23:46.218] [main/DEBUG] [net.minecraftforge.fml.loading.UniqueModListBuilder/]: Found 2 mods for first modid mclib, selecting most recent based on version data
[25Aug2026 11:23:46.219] [main/DEBUG] [net.minecraftforge.fml.loading.UniqueModListBuilder/]: Selected file mclib-20.jar for modid mclib with version 0.0NONE
[25Aug2026 11:23:46.219] [main/DEBUG] [net.minecraftforge.fml.loading.UniqueModListBuilder/]: Found 2 mods for first modid luaj.core.figura, selecting most recent based on version data
[25Aug2026 11:23:46.219] [main/DEBUG] [net.minecraftforge.fml.loading.UniqueModListBuilder/]: Selected file luaj-core-3.0.8-figura.jar for modid luaj.core.figura with version 0.0NONE
[25Aug2026 11:23:46.219] [main/DEBUG] [net.minecraftforge.fml.loading.UniqueModListBuilder/]: Found 2 mods for first modid rhino.SNAPSHOT, selecting most recent based on version data
[25Aug2026 11:23:46.219] [main/DEBUG] [net.minecraftforge.fml.loading.UniqueModListBuilder/]: Selected file rhino-1.8.1-SNAPSHOT.jar for modid rhino.SNAPSHOT with version 1.8.1-SNAPSHOT
[25Aug2026 11:23:46.219] [main/DEBUG] [net.minecraftforge.fml.loading.UniqueModListBuilder/]: Found 2 mods for first modid mixinextras, selecting most recent based on version data
[25Aug2026 11:23:46.219] [main/DEBUG] [net.minecraftforge.fml.loading.UniqueModListBuilder/]: Selected file mixinextras-forge-0.2.0-beta.6.jar for modid mixinextras with version 0.2.0-beta.6
[25Aug2026 11:23:46.219] [main/DEBUG] [net.minecraftforge.fml.loading.UniqueModListBuilder/]: Found 2 mods for first modid mae, selecting most recent based on version data
[25Aug2026 11:23:46.219] [main/DEBUG] [net.minecraftforge.fml.loading.UniqueModListBuilder/]: Selected file mae-1.1.4.jar for modid mae with version 0.0NONE
[25Aug2026 11:23:46.220] [main/DEBUG] [net.minecraftforge.fml.loading.UniqueModListBuilder/]: Found 2 mods for first modid luaj.jse.figura, selecting most recent based on version data
[25Aug2026 11:23:46.220] [main/DEBUG] [net.minecraftforge.fml.loading.UniqueModListBuilder/]: Selected file luaj-jse-3.0.8-figura.jar for modid luaj.jse.figura with version 0.0NONE
[25Aug2026 11:23:46.220] [main/DEBUG] [net.minecraftforge.fml.loading.UniqueModListBuilder/]: Found 2 mods for first modid org.apache.bcel, selecting most recent based on version data
[25Aug2026 11:23:46.220] [main/DEBUG] [net.minecraftforge.fml.loading.UniqueModListBuilder/]: Selected file bcel-6.6.1.jar for modid org.apache.bcel with version 6.6.1
[25Aug2026 11:23:46.220] [main/DEBUG] [net.minecraftforge.fml.loading.UniqueModListBuilder/]: Found 2 mods for first modid thedarkcolour.kotlinforforge.kfflib, selecting most recent based on version data
[25Aug2026 11:23:46.220] [main/DEBUG] [net.minecraftforge.fml.loading.UniqueModListBuilder/]: Selected file kfflib-4.12.0.jar for modid thedarkcolour.kotlinforforge.kfflib with version 4.12.0
[25Aug2026 11:23:46.220] [main/DEBUG] [net.minecraftforge.fml.loading.UniqueModListBuilder/]: Found 2 mods for first modid netty_endec, selecting most recent based on version data
[25Aug2026 11:23:46.220] [main/DEBUG] [net.minecraftforge.fml.loading.UniqueModListBuilder/]: Selected file netty-0.1.4.jar for modid netty_endec with version 0.0NONE
[25Aug2026 11:23:46.220] [main/DEBUG] [net.minecraftforge.fml.loading.UniqueModListBuilder/]: Found 2 mods for first modid MixinExtras, selecting most recent based on version data
[25Aug2026 11:23:46.220] [main/DEBUG] [net.minecraftforge.fml.loading.UniqueModListBuilder/]: Selected file MixinExtras-0.4.1.jar for modid MixinExtras with version 0.0NONE
[25Aug2026 11:23:46.220] [main/DEBUG] [net.minecraftforge.fml.loading.UniqueModListBuilder/]: Found 2 mods for first modid endec, selecting most recent based on version data
[25Aug2026 11:23:46.220] [main/DEBUG] [net.minecraftforge.fml.loading.UniqueModListBuilder/]: Selected file endec-0.1.8.jar for modid endec with version 0.0NONE
[25Aug2026 11:23:46.220] [main/DEBUG] [net.minecraftforge.fml.loading.UniqueModListBuilder/]: Found 2 mods for first modid commons.math3, selecting most recent based on version data
[25Aug2026 11:23:46.220] [main/DEBUG] [net.minecraftforge.fml.loading.UniqueModListBuilder/]: Selected file commons-math3-3.6.1.jar for modid commons.math3 with version 3.6.1
[25Aug2026 11:23:46.222] [main/DEBUG] [net.minecraftforge.fml.loading.UniqueModListBuilder/]: Found 2 mods for first modid gson_endec, selecting most recent based on version data
[25Aug2026 11:23:46.222] [main/DEBUG] [net.minecraftforge.fml.loading.UniqueModListBuilder/]: Selected file gson-0.1.5.jar for modid gson_endec with version 0.0NONE
[25Aug2026 11:23:46.223] [main/DEBUG] [net.minecraftforge.fml.loading.ModSorter/]: Configured system mods: [minecraft, forge]
[25Aug2026 11:23:46.224] [main/DEBUG] [net.minecraftforge.fml.loading.ModSorter/]: Found system mod: minecraft
[25Aug2026 11:23:46.224] [main/DEBUG] [net.minecraftforge.fml.loading.ModSorter/]: Found system mod: forge
[25Aug2026 11:23:46.226] [main/DEBUG] [net.minecraftforge.fml.loading.ModSorter/LOADING]: Found 108 mod requirements (95 mandatory, 13 optional)
[25Aug2026 11:23:46.227] [main/DEBUG] [net.minecraftforge.fml.loading.ModSorter/LOADING]: Found 0 mod requirements missing (0 mandatory, 0 optional)
[25Aug2026 11:23:46.774] [main/DEBUG] [cpw.mods.modlauncher.TransformationServicesHandler/MODLAUNCHER]: Transformation services loading transformers
[25Aug2026 11:23:46.775] [main/DEBUG] [cpw.mods.modlauncher.TransformationServiceDecorator/MODLAUNCHER]: Initializing transformers for transformation service mixin
[25Aug2026 11:23:46.775] [main/DEBUG] [cpw.mods.modlauncher.TransformationServiceDecorator/MODLAUNCHER]: Initialized transformers for transformation service mixin
[25Aug2026 11:23:46.776] [main/DEBUG] [cpw.mods.modlauncher.TransformationServiceDecorator/MODLAUNCHER]: Initializing transformers for transformation service fml
[25Aug2026 11:23:46.776] [main/DEBUG] [net.minecraftforge.fml.loading.FMLServiceProvider/CORE]: Loading coremod transformers
[25Aug2026 11:23:46.776] [main/DEBUG] [net.minecraftforge.coremod.CoreModEngine/COREMOD]: Loading CoreMod from coremods/field_to_method.js
[25Aug2026 11:23:46.926] [main/DEBUG] [net.minecraftforge.coremod.CoreModEngine/COREMOD]: CoreMod loaded successfully
[25Aug2026 11:23:46.926] [main/DEBUG] [net.minecraftforge.coremod.CoreModEngine/COREMOD]: Loading CoreMod from coremods/field_to_instanceof.js
[25Aug2026 11:23:46.981] [main/DEBUG] [net.minecraftforge.coremod.CoreModEngine/COREMOD]: CoreMod loaded successfully
[25Aug2026 11:23:46.981] [main/DEBUG] [net.minecraftforge.coremod.CoreModEngine/COREMOD]: Loading CoreMod from coremods/add_bouncer_method.js
[25Aug2026 11:23:47.014] [main/DEBUG] [net.minecraftforge.coremod.CoreModEngine/COREMOD]: CoreMod loaded successfully
[25Aug2026 11:23:47.014] [main/DEBUG] [net.minecraftforge.coremod.CoreModEngine/COREMOD]: Loading CoreMod from coremods/method_redirector.js
[25Aug2026 11:23:47.087] [main/DEBUG] [net.minecraftforge.coremod.CoreModEngine/COREMOD]: CoreMod loaded successfully
[25Aug2026 11:23:47.095] [main/DEBUG] [cpw.mods.modlauncher.TransformStore/MODLAUNCHER]: Adding transformer net.minecraftforge.coremod.transformer.CoreModClassTransformer@64c781a9 to Target : CLASS {Lnet/minecraft/world/level/biome/Biome;} {} {V}
[25Aug2026 11:23:47.096] [main/DEBUG] [cpw.mods.modlauncher.TransformStore/MODLAUNCHER]: Adding transformer net.minecraftforge.coremod.transformer.CoreModClassTransformer@5a545b0f to Target : CLASS {Lnet/minecraft/world/level/levelgen/structure/Structure;} {} {V}
[25Aug2026 11:23:47.096] [main/DEBUG] [cpw.mods.modlauncher.TransformStore/MODLAUNCHER]: Adding transformer net.minecraftforge.coremod.transformer.CoreModClassTransformer@2be21396 to Target : CLASS {Lnet/minecraft/world/effect/MobEffectInstance;} {} {V}
[25Aug2026 11:23:47.096] [main/DEBUG] [cpw.mods.modlauncher.TransformStore/MODLAUNCHER]: Adding transformer net.minecraftforge.coremod.transformer.CoreModClassTransformer@124dac75 to Target : CLASS {Lnet/minecraft/world/level/block/LiquidBlock;} {} {V}
[25Aug2026 11:23:47.096] [main/DEBUG] [cpw.mods.modlauncher.TransformStore/MODLAUNCHER]: Adding transformer net.minecraftforge.coremod.transformer.CoreModClassTransformer@315105f to Target : CLASS {Lnet/minecraft/world/item/BucketItem;} {} {V}
[25Aug2026 11:23:47.096] [main/DEBUG] [cpw.mods.modlauncher.TransformStore/MODLAUNCHER]: Adding transformer net.minecraftforge.coremod.transformer.CoreModClassTransformer@7b61bf11 to Target : CLASS {Lnet/minecraft/world/level/block/StairBlock;} {} {V}
[25Aug2026 11:23:47.096] [main/DEBUG] [cpw.mods.modlauncher.TransformStore/MODLAUNCHER]: Adding transformer net.minecraftforge.coremod.transformer.CoreModClassTransformer@40247d48 to Target : CLASS {Lnet/minecraft/world/level/block/FlowerPotBlock;} {} {V}
[25Aug2026 11:23:47.096] [main/DEBUG] [cpw.mods.modlauncher.TransformStore/MODLAUNCHER]: Adding transformer net.minecraftforge.coremod.transformer.CoreModClassTransformer@3ff54f3d to Target : CLASS {Lnet/minecraft/world/item/ItemStack;} {} {V}
[25Aug2026 11:23:47.096] [main/DEBUG] [cpw.mods.modlauncher.TransformStore/MODLAUNCHER]: Adding transformer net.minecraftforge.coremod.transformer.CoreModClassTransformer@14c93774 to Target : CLASS {Lnet/minecraft/network/play/client/CClientSettingsPacket;} {} {V}
[25Aug2026 11:23:47.096] [main/DEBUG] [cpw.mods.modlauncher.TransformStore/MODLAUNCHER]: Adding transformer net.minecraftforge.coremod.transformer.CoreModClassTransformer@62a68bcb to Target : CLASS {Lnet/minecraft/world/entity/monster/Evoker$EvokerSummonSpellGoal;} {} {V}
[25Aug2026 11:23:47.097] [main/DEBUG] [cpw.mods.modlauncher.TransformStore/MODLAUNCHER]: Adding transformer net.minecraftforge.coremod.transformer.CoreModClassTransformer@62a68bcb to Target : CLASS {Lnet/minecraft/world/level/levelgen/structure/structures/OceanMonumentPieces$OceanMonumentPiece;} {} {V}
[25Aug2026 11:23:47.097] [main/DEBUG] [cpw.mods.modlauncher.TransformStore/MODLAUNCHER]: Adding transformer net.minecraftforge.coremod.transformer.CoreModClassTransformer@62a68bcb to Target : CLASS {Lnet/minecraft/world/level/NaturalSpawner;} {} {V}
[25Aug2026 11:23:47.097] [main/DEBUG] [cpw.mods.modlauncher.TransformStore/MODLAUNCHER]: Adding transformer net.minecraftforge.coremod.transformer.CoreModClassTransformer@62a68bcb to Target : CLASS {Lnet/minecraft/world/level/levelgen/structure/structures/WoodlandMansionPieces$WoodlandMansionPiece;} {} {V}
[25Aug2026 11:23:47.097] [main/DEBUG] [cpw.mods.modlauncher.TransformStore/MODLAUNCHER]: Adding transformer net.minecraftforge.coremod.transformer.CoreModClassTransformer@62a68bcb to Target : CLASS {Lnet/minecraft/world/entity/npc/Villager;} {} {V}
[25Aug2026 11:23:47.097] [main/DEBUG] [cpw.mods.modlauncher.TransformStore/MODLAUNCHER]: Adding transformer net.minecraftforge.coremod.transformer.CoreModClassTransformer@62a68bcb to Target : CLASS {Lnet/minecraft/world/level/levelgen/structure/structures/OceanRuinPieces$OceanRuinPiece;} {} {V}
[25Aug2026 11:23:47.097] [main/DEBUG] [cpw.mods.modlauncher.TransformStore/MODLAUNCHER]: Adding transformer net.minecraftforge.coremod.transformer.CoreModClassTransformer@62a68bcb to Target : CLASS {Lnet/minecraft/world/entity/monster/Spider;} {} {V}
[25Aug2026 11:23:47.097] [main/DEBUG] [cpw.mods.modlauncher.TransformStore/MODLAUNCHER]: Adding transformer net.minecraftforge.coremod.transformer.CoreModClassTransformer@62a68bcb to Target : CLASS {Lnet/minecraft/world/entity/animal/horse/SkeletonTrapGoal;} {} {V}
[25Aug2026 11:23:47.097] [main/DEBUG] [cpw.mods.modlauncher.TransformStore/MODLAUNCHER]: Adding transformer net.minecraftforge.coremod.transformer.CoreModClassTransformer@62a68bcb to Target : CLASS {Lnet/minecraft/world/level/levelgen/structure/structures/SwampHutPiece;} {} {V}
[25Aug2026 11:23:47.097] [main/DEBUG] [cpw.mods.modlauncher.TransformStore/MODLAUNCHER]: Adding transformer net.minecraftforge.coremod.transformer.CoreModClassTransformer@62a68bcb to Target : CLASS {Lnet/minecraft/world/entity/EntityType;} {} {V}
[25Aug2026 11:23:47.097] [main/DEBUG] [cpw.mods.modlauncher.TransformStore/MODLAUNCHER]: Adding transformer net.minecraftforge.coremod.transformer.CoreModClassTransformer@62a68bcb to Target : CLASS {Lnet/minecraft/world/level/levelgen/PatrolSpawner;} {} {V}
[25Aug2026 11:23:47.097] [main/DEBUG] [cpw.mods.modlauncher.TransformStore/MODLAUNCHER]: Adding transformer net.minecraftforge.coremod.transformer.CoreModClassTransformer@62a68bcb to Target : CLASS {Lnet/minecraft/world/entity/ai/village/VillageSiege;} {} {V}
[25Aug2026 11:23:47.097] [main/DEBUG] [cpw.mods.modlauncher.TransformStore/MODLAUNCHER]: Adding transformer net.minecraftforge.coremod.transformer.CoreModClassTransformer@62a68bcb to Target : CLASS {Lnet/minecraft/world/entity/monster/Strider;} {} {V}
[25Aug2026 11:23:47.098] [main/DEBUG] [cpw.mods.modlauncher.TransformStore/MODLAUNCHER]: Adding transformer net.minecraftforge.coremod.transformer.CoreModClassTransformer@62a68bcb to Target : CLASS {Lnet/minecraft/world/entity/raid/Raid;} {} {V}
[25Aug2026 11:23:47.098] [main/DEBUG] [cpw.mods.modlauncher.TransformStore/MODLAUNCHER]: Adding transformer net.minecraftforge.coremod.transformer.CoreModClassTransformer@62a68bcb to Target : CLASS {Lnet/minecraft/world/entity/monster/Zombie;} {} {V}
[25Aug2026 11:23:47.098] [main/DEBUG] [cpw.mods.modlauncher.TransformStore/MODLAUNCHER]: Adding transformer net.minecraftforge.coremod.transformer.CoreModClassTransformer@62a68bcb to Target : CLASS {Lnet/minecraft/world/level/levelgen/PhantomSpawner;} {} {V}
[25Aug2026 11:23:47.098] [main/DEBUG] [cpw.mods.modlauncher.TransformStore/MODLAUNCHER]: Adding transformer net.minecraftforge.coremod.transformer.CoreModClassTransformer@62a68bcb to Target : CLASS {Lnet/minecraft/server/commands/SummonCommand;} {} {V}
[25Aug2026 11:23:47.098] [main/DEBUG] [cpw.mods.modlauncher.TransformStore/MODLAUNCHER]: Adding transformer net.minecraftforge.coremod.transformer.CoreModClassTransformer@62a68bcb to Target : CLASS {Lnet/minecraft/world/entity/animal/frog/Tadpole;} {} {V}
[25Aug2026 11:23:47.098] [main/DEBUG] [cpw.mods.modlauncher.TransformStore/MODLAUNCHER]: Adding transformer net.minecraftforge.coremod.transformer.CoreModClassTransformer@62a68bcb to Target : CLASS {Lnet/minecraft/world/entity/npc/CatSpawner;} {} {V}
[25Aug2026 11:23:47.098] [main/DEBUG] [cpw.mods.modlauncher.TransformStore/MODLAUNCHER]: Adding transformer net.minecraftforge.coremod.transformer.CoreModClassTransformer@62a68bcb to Target : CLASS {Lnet/minecraft/server/commands/RaidCommand;} {} {V}
[25Aug2026 11:23:47.098] [main/DEBUG] [cpw.mods.modlauncher.TransformStore/MODLAUNCHER]: Adding transformer net.minecraftforge.coremod.transformer.CoreModClassTransformer@62a68bcb to Target : CLASS {Lnet/minecraft/world/entity/monster/ZombieVillager;} {} {V}
[25Aug2026 11:23:47.098] [main/DEBUG] [cpw.mods.modlauncher.TransformStore/MODLAUNCHER]: Adding transformer net.minecraftforge.coremod.transformer.CoreModClassTransformer@62a68bcb to Target : CLASS {Lnet/minecraft/world/level/levelgen/structure/templatesystem/StructureTemplate;} {} {V}
[25Aug2026 11:23:47.098] [main/DEBUG] [cpw.mods.modlauncher.TransformationServiceDecorator/MODLAUNCHER]: Initialized transformers for transformation service fml
[25Aug2026 11:23:48.924] [main/DEBUG] [mixin/]: Processing prepare() for PlatformAgent[MixinPlatformAgentDefault:ModLauncher Root Container(ModLauncher:4f56a0a2)]
[25Aug2026 11:23:48.924] [main/DEBUG] [mixin/]: Processing launch tasks for PlatformAgent[MixinPlatformAgentDefault:ModLauncher Root Container(ModLauncher:4f56a0a2)]
[25Aug2026 11:23:48.924] [main/DEBUG] [mixin/]: Adding mixin platform agents for container SecureJarResource(treechop)
[25Aug2026 11:23:48.924] [main/DEBUG] [mixin/]: Instancing new MixinPlatformAgentMinecraftForge for SecureJarResource(treechop)
[25Aug2026 11:23:48.924] [main/DEBUG] [mixin/]: MixinPlatformAgentMinecraftForge rejected container SecureJarResource(treechop)
[25Aug2026 11:23:48.924] [main/DEBUG] [mixin/]: Instancing new MixinPlatformAgentDefault for SecureJarResource(treechop)
[25Aug2026 11:23:48.924] [main/DEBUG] [mixin/]: MixinPlatformAgentDefault accepted container SecureJarResource(treechop)
[25Aug2026 11:23:48.924] [main/DEBUG] [mixin/]: Processing prepare() for PlatformAgent[MixinPlatformAgentDefault:SecureJarResource(treechop)]
[25Aug2026 11:23:48.925] [main/DEBUG] [mixin/]: Registering mixin config: treechop.mixins.json
[25Aug2026 11:23:48.940] [main/DEBUG] [mixin/]: Compatibility level JAVA_17 specified by treechop.mixins.json is higher than the maximum level supported by this version of mixin (JAVA_13).
[25Aug2026 11:23:48.944] [main/INFO] [mixin/]: Compatibility level set to JAVA_17
[25Aug2026 11:23:48.944] [main/DEBUG] [mixin/]: Adding mixin platform agents for container SecureJarResource(easyanvils)
[25Aug2026 11:23:48.944] [main/DEBUG] [mixin/]: Instancing new MixinPlatformAgentMinecraftForge for SecureJarResource(easyanvils)
[25Aug2026 11:23:48.944] [main/DEBUG] [mixin/]: MixinPlatformAgentMinecraftForge rejected container SecureJarResource(easyanvils)
[25Aug2026 11:23:48.944] [main/DEBUG] [mixin/]: Instancing new MixinPlatformAgentDefault for SecureJarResource(easyanvils)
[25Aug2026 11:23:48.944] [main/DEBUG] [mixin/]: MixinPlatformAgentDefault accepted container SecureJarResource(easyanvils)
[25Aug2026 11:23:48.944] [main/DEBUG] [mixin/]: Processing prepare() for PlatformAgent[MixinPlatformAgentDefault:SecureJarResource(easyanvils)]
[25Aug2026 11:23:48.944] [main/DEBUG] [mixin/]: Registering mixin config: easyanvils.common.mixins.json
[25Aug2026 11:23:48.946] [main/DEBUG] [mixin/]: Registering mixin config: easyanvils.forge.mixins.json
[25Aug2026 11:23:48.947] [main/DEBUG] [mixin/]: Adding mixin platform agents for container SecureJarResource(puzzlesapi)
[25Aug2026 11:23:48.947] [main/DEBUG] [mixin/]: Instancing new MixinPlatformAgentMinecraftForge for SecureJarResource(puzzlesapi)
[25Aug2026 11:23:48.947] [main/DEBUG] [mixin/]: MixinPlatformAgentMinecraftForge rejected container SecureJarResource(puzzlesapi)
[25Aug2026 11:23:48.947] [main/DEBUG] [mixin/]: Instancing new MixinPlatformAgentDefault for SecureJarResource(puzzlesapi)
[25Aug2026 11:23:48.947] [main/DEBUG] [mixin/]: MixinPlatformAgentDefault accepted container SecureJarResource(puzzlesapi)
[25Aug2026 11:23:48.947] [main/DEBUG] [mixin/]: Processing prepare() for PlatformAgent[MixinPlatformAgentDefault:SecureJarResource(puzzlesapi)]
[25Aug2026 11:23:48.947] [main/DEBUG] [mixin/]: Registering mixin config: puzzlesapi.common.mixins.json
[25Aug2026 11:23:48.949] [main/DEBUG] [mixin/]: Adding mixin platform agents for container SecureJarResource(mr_ore_veinminer)
[25Aug2026 11:23:48.949] [main/DEBUG] [mixin/]: Instancing new MixinPlatformAgentMinecraftForge for SecureJarResource(mr_ore_veinminer)
[25Aug2026 11:23:48.949] [main/DEBUG] [mixin/]: MixinPlatformAgentMinecraftForge rejected container SecureJarResource(mr_ore_veinminer)
[25Aug2026 11:23:48.949] [main/DEBUG] [mixin/]: Instancing new MixinPlatformAgentDefault for SecureJarResource(mr_ore_veinminer)
[25Aug2026 11:23:48.949] [main/DEBUG] [mixin/]: MixinPlatformAgentDefault accepted container SecureJarResource(mr_ore_veinminer)
[25Aug2026 11:23:48.949] [main/DEBUG] [mixin/]: Processing prepare() for PlatformAgent[MixinPlatformAgentDefault:SecureJarResource(mr_ore_veinminer)]
[25Aug2026 11:23:48.949] [main/DEBUG] [mixin/]: Adding mixin platform agents for container SecureJarResource(geckolib)
[25Aug2026 11:23:48.949] [main/DEBUG] [mixin/]: Instancing new MixinPlatformAgentMinecraftForge for SecureJarResource(geckolib)
[25Aug2026 11:23:48.949] [main/DEBUG] [mixin/]: MixinPlatformAgentMinecraftForge rejected container SecureJarResource(geckolib)
[25Aug2026 11:23:48.950] [main/DEBUG] [mixin/]: Instancing new MixinPlatformAgentDefault for SecureJarResource(geckolib)
[25Aug2026 11:23:48.950] [main/DEBUG] [mixin/]: MixinPlatformAgentDefault accepted container SecureJarResource(geckolib)
[25Aug2026 11:23:48.950] [main/DEBUG] [mixin/]: Processing prepare() for PlatformAgent[MixinPlatformAgentDefault:SecureJarResource(geckolib)]
[25Aug2026 11:23:48.950] [main/DEBUG] [mixin/]: Registering mixin config: geckolib.mixins.json
[25Aug2026 11:23:48.951] [main/DEBUG] [mixin/]: Adding mixin platform agents for container SecureJarResource(easymagic)
[25Aug2026 11:23:48.951] [main/DEBUG] [mixin/]: Instancing new MixinPlatformAgentMinecraftForge for SecureJarResource(easymagic)
[25Aug2026 11:23:48.951] [main/DEBUG] [mixin/]: MixinPlatformAgentMinecraftForge rejected container SecureJarResource(easymagic)
[25Aug2026 11:23:48.952] [main/DEBUG] [mixin/]: Instancing new MixinPlatformAgentDefault for SecureJarResource(easymagic)
[25Aug2026 11:23:48.952] [main/DEBUG] [mixin/]: MixinPlatformAgentDefault accepted container SecureJarResource(easymagic)
[25Aug2026 11:23:48.952] [main/DEBUG] [mixin/]: Processing prepare() for PlatformAgent[MixinPlatformAgentDefault:SecureJarResource(easymagic)]
[25Aug2026 11:23:48.952] [main/DEBUG] [mixin/]: Registering mixin config: easymagic.common.mixins.json
[25Aug2026 11:23:48.953] [main/DEBUG] [mixin/]: Adding mixin platform agents for container SecureJarResource(visualworkbench)
[25Aug2026 11:23:48.953] [main/DEBUG] [mixin/]: Instancing new MixinPlatformAgentMinecraftForge for SecureJarResource(visualworkbench)
[25Aug2026 11:23:48.953] [main/DEBUG] [mixin/]: MixinPlatformAgentMinecraftForge rejected container SecureJarResource(visualworkbench)
[25Aug2026 11:23:48.953] [main/DEBUG] [mixin/]: Instancing new MixinPlatformAgentDefault for SecureJarResource(visualworkbench)
[25Aug2026 11:23:48.953] [main/DEBUG] [mixin/]: MixinPlatformAgentDefault accepted container SecureJarResource(visualworkbench)
[25Aug2026 11:23:48.953] [main/DEBUG] [mixin/]: Processing prepare() for PlatformAgent[MixinPlatformAgentDefault:SecureJarResource(visualworkbench)]
[25Aug2026 11:23:48.953] [main/DEBUG] [mixin/]: Registering mixin config: visualworkbench.common.mixins.json
[25Aug2026 11:23:48.955] [main/DEBUG] [mixin/]: Adding mixin platform agents for container SecureJarResource(tacz)
[25Aug2026 11:23:48.955] [main/DEBUG] [mixin/]: Instancing new MixinPlatformAgentMinecraftForge for SecureJarResource(tacz)
[25Aug2026 11:23:48.955] [main/DEBUG] [mixin/]: MixinPlatformAgentMinecraftForge rejected container SecureJarResource(tacz)
[25Aug2026 11:23:48.955] [main/DEBUG] [mixin/]: Instancing new MixinPlatformAgentDefault for SecureJarResource(tacz)
[25Aug2026 11:23:48.955] [main/DEBUG] [mixin/]: MixinPlatformAgentDefault accepted container SecureJarResource(tacz)
[25Aug2026 11:23:48.955] [main/DEBUG] [mixin/]: Processing prepare() for PlatformAgent[MixinPlatformAgentDefault:SecureJarResource(tacz)]
[25Aug2026 11:23:48.955] [main/DEBUG] [mixin/]: Registering mixin config: tacz.mixins.json
[25Aug2026 11:23:48.956] [main/DEBUG] [mixin/]: Registering mixin config: tacz.compat.acceleratedrendering.mixins.json
[25Aug2026 11:23:48.957] [main/DEBUG] [mixin/]: Adding mixin platform agents for container SecureJarResource(libraryferret)
[25Aug2026 11:23:48.958] [main/DEBUG] [mixin/]: Instancing new MixinPlatformAgentMinecraftForge for SecureJarResource(libraryferret)
[25Aug2026 11:23:48.958] [main/DEBUG] [mixin/]: MixinPlatformAgentMinecraftForge rejected container SecureJarResource(libraryferret)
[25Aug2026 11:23:48.958] [main/DEBUG] [mixin/]: Instancing new MixinPlatformAgentDefault for SecureJarResource(libraryferret)
[25Aug2026 11:23:48.958] [main/DEBUG] [mixin/]: MixinPlatformAgentDefault accepted container SecureJarResource(libraryferret)
[25Aug2026 11:23:48.958] [main/DEBUG] [mixin/]: Processing prepare() for PlatformAgent[MixinPlatformAgentDefault:SecureJarResource(libraryferret)]
[25Aug2026 11:23:48.958] [main/DEBUG] [mixin/]: Adding mixin platform agents for container SecureJarResource(mcwwindows)
[25Aug2026 11:23:48.958] [main/DEBUG] [mixin/]: Instancing new MixinPlatformAgentMinecraftForge for SecureJarResource(mcwwindows)
[25Aug2026 11:23:48.958] [main/DEBUG] [mixin/]: MixinPlatformAgentMinecraftForge rejected container SecureJarResource(mcwwindows)
[25Aug2026 11:23:48.959] [main/DEBUG] [mixin/]: Instancing new MixinPlatformAgentDefault for SecureJarResource(mcwwindows)
[25Aug2026 11:23:48.959] [main/DEBUG] [mixin/]: MixinPlatformAgentDefault accepted container SecureJarResource(mcwwindows)
[25Aug2026 11:23:48.959] [main/DEBUG] [mixin/]: Processing prepare() for PlatformAgent[MixinPlatformAgentDefault:SecureJarResource(mcwwindows)]
[25Aug2026 11:23:48.959] [main/DEBUG] [mixin/]: Adding mixin platform agents for container SecureJarResource(incendium)
[25Aug2026 11:23:48.959] [main/DEBUG] [mixin/]: Instancing new MixinPlatformAgentMinecraftForge for SecureJarResource(incendium)
[25Aug2026 11:23:48.959] [main/DEBUG] [mixin/]: MixinPlatformAgentMinecraftForge rejected container SecureJarResource(incendium)
[25Aug2026 11:23:48.959] [main/DEBUG] [mixin/]: Instancing new MixinPlatformAgentDefault for SecureJarResource(incendium)
[25Aug2026 11:23:48.959] [main/DEBUG] [mixin/]: MixinPlatformAgentDefault accepted container SecureJarResource(incendium)
[25Aug2026 11:23:48.959] [main/DEBUG] [mixin/]: Processing prepare() for PlatformAgent[MixinPlatformAgentDefault:SecureJarResource(incendium)]
[25Aug2026 11:23:48.959] [main/DEBUG] [mixin/]: Adding mixin platform agents for container SecureJarResource(sophisticatedcore)
[25Aug2026 11:23:48.959] [main/DEBUG] [mixin/]: Instancing new MixinPlatformAgentMinecraftForge for SecureJarResource(sophisticatedcore)
[25Aug2026 11:23:48.959] [main/DEBUG] [mixin/]: MixinPlatformAgentMinecraftForge rejected container SecureJarResource(sophisticatedcore)
[25Aug2026 11:23:48.959] [main/DEBUG] [mixin/]: Instancing new MixinPlatformAgentDefault for SecureJarResource(sophisticatedcore)
[25Aug2026 11:23:48.959] [main/DEBUG] [mixin/]: MixinPlatformAgentDefault accepted container SecureJarResource(sophisticatedcore)
[25Aug2026 11:23:48.959] [main/DEBUG] [mixin/]: Processing prepare() for PlatformAgent[MixinPlatformAgentDefault:SecureJarResource(sophisticatedcore)]
[25Aug2026 11:23:48.959] [main/DEBUG] [mixin/]: Registering mixin config: sophisticatedcore.mixins.json
[25Aug2026 11:23:48.961] [main/DEBUG] [mixin/]: Registering mixin config: sophisticatedcore.create.mixins.json
[25Aug2026 11:23:48.962] [main/DEBUG] [mixin/]: Adding mixin platform agents for container SecureJarResource(fabric_data_attachment_api_v1)
[25Aug2026 11:23:48.962] [main/DEBUG] [mixin/]: Instancing new MixinPlatformAgentMinecraftForge for SecureJarResource(fabric_data_attachment_api_v1)
[25Aug2026 11:23:48.962] [main/DEBUG] [mixin/]: MixinPlatformAgentMinecraftForge rejected container SecureJarResource(fabric_data_attachment_api_v1)
[25Aug2026 11:23:48.963] [main/DEBUG] [mixin/]: Instancing new MixinPlatformAgentDefault for SecureJarResource(fabric_data_attachment_api_v1)
[25Aug2026 11:23:48.963] [main/DEBUG] [mixin/]: MixinPlatformAgentDefault accepted container SecureJarResource(fabric_data_attachment_api_v1)
[25Aug2026 11:23:48.963] [main/DEBUG] [mixin/]: Processing prepare() for PlatformAgent[MixinPlatformAgentDefault:SecureJarResource(fabric_data_attachment_api_v1)]
[25Aug2026 11:23:48.963] [main/DEBUG] [mixin/]: Registering mixin config: fabric-data-attachment-api-v1.mixins.json
[25Aug2026 11:23:48.964] [main/ERROR] [mixin/]: Mixin config fabric-data-attachment-api-v1.mixins.json does not specify "minVersion" property
[25Aug2026 11:23:48.964] [main/DEBUG] [mixin/]: Registering mixin config: fabric-data-attachment-api-v1.client.mixins.json
[25Aug2026 11:23:48.966] [main/ERROR] [mixin/]: Mixin config fabric-data-attachment-api-v1.client.mixins.json does not specify "minVersion" property
[25Aug2026 11:23:48.966] [main/DEBUG] [mixin/]: Adding mixin platform agents for container SecureJarResource(mixinextras)
[25Aug2026 11:23:48.966] [main/DEBUG] [mixin/]: Instancing new MixinPlatformAgentMinecraftForge for SecureJarResource(mixinextras)
[25Aug2026 11:23:48.966] [main/DEBUG] [mixin/]: MixinPlatformAgentMinecraftForge rejected container SecureJarResource(mixinextras)
[25Aug2026 11:23:48.966] [main/DEBUG] [mixin/]: Instancing new MixinPlatformAgentDefault for SecureJarResource(mixinextras)
[25Aug2026 11:23:48.966] [main/DEBUG] [mixin/]: MixinPlatformAgentDefault accepted container SecureJarResource(mixinextras)
[25Aug2026 11:23:48.966] [main/DEBUG] [mixin/]: Processing prepare() for PlatformAgent[MixinPlatformAgentDefault:SecureJarResource(mixinextras)]
[25Aug2026 11:23:48.966] [main/DEBUG] [mixin/]: Registering mixin config: mixinextras.init.mixins.json
[25Aug2026 11:23:48.968] [main/DEBUG] [mixin/]: Adding mixin platform agents for container SecureJarResource(glitchcore)
[25Aug2026 11:23:48.968] [main/DEBUG] [mixin/]: Instancing new MixinPlatformAgentMinecraftForge for SecureJarResource(glitchcore)
[25Aug2026 11:23:48.968] [main/DEBUG] [mixin/]: MixinPlatformAgentMinecraftForge rejected container SecureJarResource(glitchcore)
[25Aug2026 11:23:48.968] [main/DEBUG] [mixin/]: Instancing new MixinPlatformAgentDefault for SecureJarResource(glitchcore)
[25Aug2026 11:23:48.968] [main/DEBUG] [mixin/]: MixinPlatformAgentDefault accepted container SecureJarResource(glitchcore)
[25Aug2026 11:23:48.968] [main/DEBUG] [mixin/]: Processing prepare() for PlatformAgent[MixinPlatformAgentDefault:SecureJarResource(glitchcore)]
[25Aug2026 11:23:48.968] [main/DEBUG] [mixin/]: Registering mixin config: glitchcore.mixins.json
[25Aug2026 11:23:48.969] [main/DEBUG] [mixin/]: Registering mixin config: glitchcore.forge.mixins.json
[25Aug2026 11:23:48.970] [main/DEBUG] [mixin/]: Adding mixin platform agents for container SecureJarResource(sereneseasons)
[25Aug2026 11:23:48.970] [main/DEBUG] [mixin/]: Instancing new MixinPlatformAgentMinecraftForge for SecureJarResource(sereneseasons)
[25Aug2026 11:23:48.971] [main/DEBUG] [mixin/]: MixinPlatformAgentMinecraftForge rejected container SecureJarResource(sereneseasons)
[25Aug2026 11:23:48.971] [main/DEBUG] [mixin/]: Instancing new MixinPlatformAgentDefault for SecureJarResource(sereneseasons)
[25Aug2026 11:23:48.971] [main/DEBUG] [mixin/]: MixinPlatformAgentDefault accepted container SecureJarResource(sereneseasons)
[25Aug2026 11:23:48.971] [main/DEBUG] [mixin/]: Processing prepare() for PlatformAgent[MixinPlatformAgentDefault:SecureJarResource(sereneseasons)]
[25Aug2026 11:23:48.971] [main/DEBUG] [mixin/]: Registering mixin config: sereneseasons.mixins.json
[25Aug2026 11:23:48.972] [main/DEBUG] [mixin/]: Registering mixin config: sereneseasons.forge.mixins.json
[25Aug2026 11:23:48.973] [main/DEBUG] [mixin/]: Adding mixin platform agents for container SecureJarResource(sophisticatedbackpacks)
[25Aug2026 11:23:48.973] [main/DEBUG] [mixin/]: Instancing new MixinPlatformAgentMinecraftForge for SecureJarResource(sophisticatedbackpacks)
[25Aug2026 11:23:48.973] [main/DEBUG] [mixin/]: MixinPlatformAgentMinecraftForge rejected container SecureJarResource(sophisticatedbackpacks)
[25Aug2026 11:23:48.973] [main/DEBUG] [mixin/]: Instancing new MixinPlatformAgentDefault for SecureJarResource(sophisticatedbackpacks)
[25Aug2026 11:23:48.974] [main/DEBUG] [mixin/]: MixinPlatformAgentDefault accepted container SecureJarResource(sophisticatedbackpacks)
[25Aug2026 11:23:48.974] [main/DEBUG] [mixin/]: Processing prepare() for PlatformAgent[MixinPlatformAgentDefault:SecureJarResource(sophisticatedbackpacks)]
[25Aug2026 11:23:48.974] [main/DEBUG] [mixin/]: Registering mixin config: sophisticatedbackpacks.mixins.json
[25Aug2026 11:23:48.975] [main/DEBUG] [mixin/]: Adding mixin platform agents for container SecureJarResource(mr_epicterrain)
[25Aug2026 11:23:48.975] [main/DEBUG] [mixin/]: Instancing new MixinPlatformAgentMinecraftForge for SecureJarResource(mr_epicterrain)
[25Aug2026 11:23:48.975] [main/DEBUG] [mixin/]: MixinPlatformAgentMinecraftForge rejected container SecureJarResource(mr_epicterrain)
[25Aug2026 11:23:48.975] [main/DEBUG] [mixin/]: Instancing new MixinPlatformAgentDefault for SecureJarResource(mr_epicterrain)
[25Aug2026 11:23:48.975] [main/DEBUG] [mixin/]: MixinPlatformAgentDefault accepted container SecureJarResource(mr_epicterrain)
[25Aug2026 11:23:48.975] [main/DEBUG] [mixin/]: Processing prepare() for PlatformAgent[MixinPlatformAgentDefault:SecureJarResource(mr_epicterrain)]
[25Aug2026 11:23:48.976] [main/DEBUG] [mixin/]: Adding mixin platform agents for container SecureJarResource(takesapillage)
[25Aug2026 11:23:48.976] [main/DEBUG] [mixin/]: Instancing new MixinPlatformAgentMinecraftForge for SecureJarResource(takesapillage)
[25Aug2026 11:23:48.976] [main/DEBUG] [mixin/]: MixinPlatformAgentMinecraftForge rejected container SecureJarResource(takesapillage)
[25Aug2026 11:23:48.976] [main/DEBUG] [mixin/]: Instancing new MixinPlatformAgentDefault for SecureJarResource(takesapillage)
[25Aug2026 11:23:48.976] [main/DEBUG] [mixin/]: MixinPlatformAgentDefault accepted container SecureJarResource(takesapillage)
[25Aug2026 11:23:48.976] [main/DEBUG] [mixin/]: Processing prepare() for PlatformAgent[MixinPlatformAgentDefault:SecureJarResource(takesapillage)]
[25Aug2026 11:23:48.976] [main/DEBUG] [mixin/]: Registering mixin config: takesapillage.mixins.json
[25Aug2026 11:23:48.976] [main/DEBUG] [mixin/]: Adding mixin platform agents for container SecureJarResource(mcwdoors)
[25Aug2026 11:23:48.977] [main/DEBUG] [mixin/]: Instancing new MixinPlatformAgentMinecraftForge for SecureJarResource(mcwdoors)
[25Aug2026 11:23:48.977] [main/DEBUG] [mixin/]: MixinPlatformAgentMinecraftForge rejected container SecureJarResource(mcwdoors)
[25Aug2026 11:23:48.977] [main/DEBUG] [mixin/]: Instancing new MixinPlatformAgentDefault for SecureJarResource(mcwdoors)
[25Aug2026 11:23:48.977] [main/DEBUG] [mixin/]: MixinPlatformAgentDefault accepted container SecureJarResource(mcwdoors)
[25Aug2026 11:23:48.977] [main/DEBUG] [mixin/]: Processing prepare() for PlatformAgent[MixinPlatformAgentDefault:SecureJarResource(mcwdoors)]
[25Aug2026 11:23:48.977] [main/DEBUG] [mixin/]: Adding mixin platform agents for container SecureJarResource(superbwarfare)
[25Aug2026 11:23:48.977] [main/DEBUG] [mixin/]: Instancing new MixinPlatformAgentMinecraftForge for SecureJarResource(superbwarfare)
[25Aug2026 11:23:48.977] [main/DEBUG] [mixin/]: MixinPlatformAgentMinecraftForge rejected container SecureJarResource(superbwarfare)
[25Aug2026 11:23:48.977] [main/DEBUG] [mixin/]: Instancing new MixinPlatformAgentDefault for SecureJarResource(superbwarfare)
[25Aug2026 11:23:48.977] [main/DEBUG] [mixin/]: MixinPlatformAgentDefault accepted container SecureJarResource(superbwarfare)
[25Aug2026 11:23:48.977] [main/DEBUG] [mixin/]: Processing prepare() for PlatformAgent[MixinPlatformAgentDefault:SecureJarResource(superbwarfare)]
[25Aug2026 11:23:48.977] [main/DEBUG] [mixin/]: Registering mixin config: mixins.superbwarfare.json
[25Aug2026 11:23:48.979] [main/DEBUG] [mixin/]: Adding mixin platform agents for container SecureJarResource(carryon)
[25Aug2026 11:23:48.979] [main/DEBUG] [mixin/]: Instancing new MixinPlatformAgentMinecraftForge for SecureJarResource(carryon)
[25Aug2026 11:23:48.979] [main/DEBUG] [mixin/]: MixinPlatformAgentMinecraftForge rejected container SecureJarResource(carryon)
[25Aug2026 11:23:48.980] [main/DEBUG] [mixin/]: Instancing new MixinPlatformAgentDefault for SecureJarResource(carryon)
[25Aug2026 11:23:48.980] [main/DEBUG] [mixin/]: MixinPlatformAgentDefault accepted container SecureJarResource(carryon)
[25Aug2026 11:23:48.980] [main/DEBUG] [mixin/]: Processing prepare() for PlatformAgent[MixinPlatformAgentDefault:SecureJarResource(carryon)]
[25Aug2026 11:23:48.980] [main/DEBUG] [mixin/]: Registering mixin config: carryon.mixins.json
[25Aug2026 11:23:48.981] [main/DEBUG] [mixin/]: Registering mixin config: carryon.forge.mixins.json
[25Aug2026 11:23:48.982] [main/DEBUG] [mixin/]: Adding mixin platform agents for container SecureJarResource(puzzlesaccessapi)
[25Aug2026 11:23:48.982] [main/DEBUG] [mixin/]: Instancing new MixinPlatformAgentMinecraftForge for SecureJarResource(puzzlesaccessapi)
[25Aug2026 11:23:48.982] [main/DEBUG] [mixin/]: MixinPlatformAgentMinecraftForge rejected container SecureJarResource(puzzlesaccessapi)
[25Aug2026 11:23:48.982] [main/DEBUG] [mixin/]: Instancing new MixinPlatformAgentDefault for SecureJarResource(puzzlesaccessapi)
[25Aug2026 11:23:48.982] [main/DEBUG] [mixin/]: MixinPlatformAgentDefault accepted container SecureJarResource(puzzlesaccessapi)
[25Aug2026 11:23:48.982] [main/DEBUG] [mixin/]: Processing prepare() for PlatformAgent[MixinPlatformAgentDefault:SecureJarResource(puzzlesaccessapi)]
[25Aug2026 11:23:48.982] [main/DEBUG] [mixin/]: Registering mixin config: puzzlesaccessapi.common.mixins.json
[25Aug2026 11:23:48.983] [main/DEBUG] [mixin/]: Registering mixin config: puzzlesaccessapi.forge.mixins.json
[25Aug2026 11:23:48.984] [main/DEBUG] [mixin/]: Adding mixin platform agents for container SecureJarResource(cloth_config)
[25Aug2026 11:23:48.984] [main/DEBUG] [mixin/]: Instancing new MixinPlatformAgentMinecraftForge for SecureJarResource(cloth_config)
[25Aug2026 11:23:48.984] [main/DEBUG] [mixin/]: MixinPlatformAgentMinecraftForge rejected container SecureJarResource(cloth_config)
[25Aug2026 11:23:48.984] [main/DEBUG] [mixin/]: Instancing new MixinPlatformAgentDefault for SecureJarResource(cloth_config)
[25Aug2026 11:23:48.984] [main/DEBUG] [mixin/]: MixinPlatformAgentDefault accepted container SecureJarResource(cloth_config)
[25Aug2026 11:23:48.984] [main/DEBUG] [mixin/]: Processing prepare() for PlatformAgent[MixinPlatformAgentDefault:SecureJarResource(cloth_config)]
[25Aug2026 11:23:48.984] [main/DEBUG] [mixin/]: Adding mixin platform agents for container SecureJarResource(forge)
[25Aug2026 11:23:48.984] [main/DEBUG] [mixin/]: Instancing new MixinPlatformAgentMinecraftForge for SecureJarResource(forge)
[25Aug2026 11:23:48.984] [main/DEBUG] [mixin/]: MixinPlatformAgentMinecraftForge rejected container SecureJarResource(forge)
[25Aug2026 11:23:48.984] [main/DEBUG] [mixin/]: Instancing new MixinPlatformAgentDefault for SecureJarResource(forge)
[25Aug2026 11:23:48.984] [main/DEBUG] [mixin/]: MixinPlatformAgentDefault accepted container SecureJarResource(forge)
[25Aug2026 11:23:48.984] [main/DEBUG] [mixin/]: Processing prepare() for PlatformAgent[MixinPlatformAgentDefault:SecureJarResource(forge)]
[25Aug2026 11:23:48.984] [main/DEBUG] [mixin/]: Adding mixin platform agents for container SecureJarResource(minecraft)
[25Aug2026 11:23:48.984] [main/DEBUG] [mixin/]: Instancing new MixinPlatformAgentMinecraftForge for SecureJarResource(minecraft)
[25Aug2026 11:23:48.984] [main/DEBUG] [mixin/]: MixinPlatformAgentMinecraftForge rejected container SecureJarResource(minecraft)
[25Aug2026 11:23:48.984] [main/DEBUG] [mixin/]: Instancing new MixinPlatformAgentDefault for SecureJarResource(minecraft)
[25Aug2026 11:23:48.985] [main/DEBUG] [mixin/]: MixinPlatformAgentDefault accepted container SecureJarResource(minecraft)
[25Aug2026 11:23:48.985] [main/DEBUG] [mixin/]: Processing prepare() for PlatformAgent[MixinPlatformAgentDefault:SecureJarResource(minecraft)]
[25Aug2026 11:23:48.985] [main/DEBUG] [mixin/]: Adding mixin platform agents for container SecureJarResource(farmersdelight)
[25Aug2026 11:23:48.985] [main/DEBUG] [mixin/]: Instancing new MixinPlatformAgentMinecraftForge for SecureJarResource(farmersdelight)
[25Aug2026 11:23:48.985] [main/DEBUG] [mixin/]: MixinPlatformAgentMinecraftForge rejected container SecureJarResource(farmersdelight)
[25Aug2026 11:23:48.985] [main/DEBUG] [mixin/]: Instancing new MixinPlatformAgentDefault for SecureJarResource(farmersdelight)
[25Aug2026 11:23:48.985] [main/DEBUG] [mixin/]: MixinPlatformAgentDefault accepted container SecureJarResource(farmersdelight)
[25Aug2026 11:23:48.985] [main/DEBUG] [mixin/]: Processing prepare() for PlatformAgent[MixinPlatformAgentDefault:SecureJarResource(farmersdelight)]
[25Aug2026 11:23:48.985] [main/DEBUG] [mixin/]: Registering mixin config: farmersdelight.mixins.json
[25Aug2026 11:23:48.986] [main/DEBUG] [mixin/]: Adding mixin platform agents for container SecureJarResource(fabric_api_base)
[25Aug2026 11:23:48.986] [main/DEBUG] [mixin/]: Instancing new MixinPlatformAgentMinecraftForge for SecureJarResource(fabric_api_base)
[25Aug2026 11:23:48.986] [main/DEBUG] [mixin/]: MixinPlatformAgentMinecraftForge rejected container SecureJarResource(fabric_api_base)
[25Aug2026 11:23:48.986] [main/DEBUG] [mixin/]: Instancing new MixinPlatformAgentDefault for SecureJarResource(fabric_api_base)
[25Aug2026 11:23:48.986] [main/DEBUG] [mixin/]: MixinPlatformAgentDefault accepted container SecureJarResource(fabric_api_base)
[25Aug2026 11:23:48.987] [main/DEBUG] [mixin/]: Processing prepare() for PlatformAgent[MixinPlatformAgentDefault:SecureJarResource(fabric_api_base)]
[25Aug2026 11:23:48.987] [main/DEBUG] [mixin/]: Registering mixin config: fabric-api-base.init.mixins.json
[25Aug2026 11:23:48.988] [main/DEBUG] [mixin/]: Adding mixin platform agents for container SecureJarResource(endrem)
[25Aug2026 11:23:48.988] [main/DEBUG] [mixin/]: Instancing new MixinPlatformAgentMinecraftForge for SecureJarResource(endrem)
[25Aug2026 11:23:48.988] [main/DEBUG] [mixin/]: MixinPlatformAgentMinecraftForge rejected container SecureJarResource(endrem)
[25Aug2026 11:23:48.988] [main/DEBUG] [mixin/]: Instancing new MixinPlatformAgentDefault for SecureJarResource(endrem)
[25Aug2026 11:23:48.988] [main/DEBUG] [mixin/]: MixinPlatformAgentDefault accepted container SecureJarResource(endrem)
[25Aug2026 11:23:48.988] [main/DEBUG] [mixin/]: Processing prepare() for PlatformAgent[MixinPlatformAgentDefault:SecureJarResource(endrem)]
[25Aug2026 11:23:48.988] [main/DEBUG] [mixin/]: Registering mixin config: endrem.mixins.json
[25Aug2026 11:23:48.989] [main/DEBUG] [mixin/]: Adding mixin platform agents for container SecureJarResource(another_furniture)
[25Aug2026 11:23:48.989] [main/DEBUG] [mixin/]: Instancing new MixinPlatformAgentMinecraftForge for SecureJarResource(another_furniture)
[25Aug2026 11:23:48.989] [main/DEBUG] [mixin/]: MixinPlatformAgentMinecraftForge rejected container SecureJarResource(another_furniture)
[25Aug2026 11:23:48.989] [main/DEBUG] [mixin/]: Instancing new MixinPlatformAgentDefault for SecureJarResource(another_furniture)
[25Aug2026 11:23:48.989] [main/DEBUG] [mixin/]: MixinPlatformAgentDefault accepted container SecureJarResource(another_furniture)
[25Aug2026 11:23:48.989] [main/DEBUG] [mixin/]: Processing prepare() for PlatformAgent[MixinPlatformAgentDefault:SecureJarResource(another_furniture)]
[25Aug2026 11:23:48.989] [main/DEBUG] [mixin/]: Registering mixin config: another_furniture-common.mixins.json
[25Aug2026 11:23:48.990] [main/DEBUG] [mixin/]: Registering mixin config: another_furniture.mixins.json
[25Aug2026 11:23:48.992] [main/DEBUG] [mixin/]: Adding mixin platform agents for container SecureJarResource(chunky)
[25Aug2026 11:23:48.992] [main/DEBUG] [mixin/]: Instancing new MixinPlatformAgentMinecraftForge for SecureJarResource(chunky)
[25Aug2026 11:23:48.992] [main/DEBUG] [mixin/]: MixinPlatformAgentMinecraftForge rejected container SecureJarResource(chunky)
[25Aug2026 11:23:48.992] [main/DEBUG] [mixin/]: Instancing new MixinPlatformAgentDefault for SecureJarResource(chunky)
[25Aug2026 11:23:48.992] [main/DEBUG] [mixin/]: MixinPlatformAgentDefault accepted container SecureJarResource(chunky)
[25Aug2026 11:23:48.992] [main/DEBUG] [mixin/]: Processing prepare() for PlatformAgent[MixinPlatformAgentDefault:SecureJarResource(chunky)]
[25Aug2026 11:23:48.992] [main/DEBUG] [mixin/]: Adding mixin platform agents for container SecureJarResource(mcwfences)
[25Aug2026 11:23:48.992] [main/DEBUG] [mixin/]: Instancing new MixinPlatformAgentMinecraftForge for SecureJarResource(mcwfences)
[25Aug2026 11:23:48.992] [main/DEBUG] [mixin/]: MixinPlatformAgentMinecraftForge rejected container SecureJarResource(mcwfences)
[25Aug2026 11:23:48.992] [main/DEBUG] [mixin/]: Instancing new MixinPlatformAgentDefault for SecureJarResource(mcwfences)
[25Aug2026 11:23:48.992] [main/DEBUG] [mixin/]: MixinPlatformAgentDefault accepted container SecureJarResource(mcwfences)
[25Aug2026 11:23:48.992] [main/DEBUG] [mixin/]: Processing prepare() for PlatformAgent[MixinPlatformAgentDefault:SecureJarResource(mcwfences)]
[25Aug2026 11:23:48.992] [main/DEBUG] [mixin/]: Adding mixin platform agents for container SecureJarResource(kotlinforforge)
[25Aug2026 11:23:48.992] [main/DEBUG] [mixin/]: Instancing new MixinPlatformAgentMinecraftForge for SecureJarResource(kotlinforforge)
[25Aug2026 11:23:48.992] [main/DEBUG] [mixin/]: MixinPlatformAgentMinecraftForge rejected container SecureJarResource(kotlinforforge)
[25Aug2026 11:23:48.992] [main/DEBUG] [mixin/]: Instancing new MixinPlatformAgentDefault for SecureJarResource(kotlinforforge)
[25Aug2026 11:23:48.992] [main/DEBUG] [mixin/]: MixinPlatformAgentDefault accepted container SecureJarResource(kotlinforforge)
[25Aug2026 11:23:48.992] [main/DEBUG] [mixin/]: Processing prepare() for PlatformAgent[MixinPlatformAgentDefault:SecureJarResource(kotlinforforge)]
[25Aug2026 11:23:48.992] [main/DEBUG] [mixin/]: Adding mixin platform agents for container SecureJarResource(curios)
[25Aug2026 11:23:48.992] [main/DEBUG] [mixin/]: Instancing new MixinPlatformAgentMinecraftForge for SecureJarResource(curios)
[25Aug2026 11:23:48.992] [main/DEBUG] [mixin/]: MixinPlatformAgentMinecraftForge rejected container SecureJarResource(curios)
[25Aug2026 11:23:48.992] [main/DEBUG] [mixin/]: Instancing new MixinPlatformAgentDefault for SecureJarResource(curios)
[25Aug2026 11:23:48.992] [main/DEBUG] [mixin/]: MixinPlatformAgentDefault accepted container SecureJarResource(curios)
[25Aug2026 11:23:48.992] [main/DEBUG] [mixin/]: Processing prepare() for PlatformAgent[MixinPlatformAgentDefault:SecureJarResource(curios)]
[25Aug2026 11:23:48.992] [main/DEBUG] [mixin/]: Registering mixin config: curios.mixins.json
[25Aug2026 11:23:48.993] [main/DEBUG] [mixin/]: Adding mixin platform agents for container SecureJarResource(flywheel)
[25Aug2026 11:23:48.993] [main/DEBUG] [mixin/]: Instancing new MixinPlatformAgentMinecraftForge for SecureJarResource(flywheel)
[25Aug2026 11:23:48.993] [main/DEBUG] [mixin/]: MixinPlatformAgentMinecraftForge rejected container SecureJarResource(flywheel)
[25Aug2026 11:23:48.993] [main/DEBUG] [mixin/]: Instancing new MixinPlatformAgentDefault for SecureJarResource(flywheel)
[25Aug2026 11:23:48.993] [main/DEBUG] [mixin/]: MixinPlatformAgentDefault accepted container SecureJarResource(flywheel)
[25Aug2026 11:23:48.993] [main/DEBUG] [mixin/]: Processing prepare() for PlatformAgent[MixinPlatformAgentDefault:SecureJarResource(flywheel)]
[25Aug2026 11:23:48.993] [main/DEBUG] [mixin/]: Registering mixin config: flywheel.backend.mixins.json
[25Aug2026 11:23:48.994] [main/DEBUG] [mixin/]: Registering mixin config: flywheel.impl.mixins.json
[25Aug2026 11:23:48.995] [main/DEBUG] [mixin/]: Adding mixin platform agents for container SecureJarResource(ponder)
[25Aug2026 11:23:48.996] [main/DEBUG] [mixin/]: Instancing new MixinPlatformAgentMinecraftForge for SecureJarResource(ponder)
[25Aug2026 11:23:48.996] [main/DEBUG] [mixin/]: MixinPlatformAgentMinecraftForge rejected container SecureJarResource(ponder)
[25Aug2026 11:23:48.996] [main/DEBUG] [mixin/]: Instancing new MixinPlatformAgentDefault for SecureJarResource(ponder)
[25Aug2026 11:23:48.996] [main/DEBUG] [mixin/]: MixinPlatformAgentDefault accepted container SecureJarResource(ponder)
[25Aug2026 11:23:48.996] [main/DEBUG] [mixin/]: Processing prepare() for PlatformAgent[MixinPlatformAgentDefault:SecureJarResource(ponder)]
[25Aug2026 11:23:48.996] [main/DEBUG] [mixin/]: Registering mixin config: ponder.mixins.json
[25Aug2026 11:23:48.997] [main/DEBUG] [mixin/]: Registering mixin config: ponder-common.mixins.json
[25Aug2026 11:23:48.998] [main/DEBUG] [mixin/]: Adding mixin platform agents for container SecureJarResource(simplebedrockmodel)
[25Aug2026 11:23:48.998] [main/DEBUG] [mixin/]: Instancing new MixinPlatformAgentMinecraftForge for SecureJarResource(simplebedrockmodel)
[25Aug2026 11:23:48.998] [main/DEBUG] [mixin/]: MixinPlatformAgentMinecraftForge rejected container SecureJarResource(simplebedrockmodel)
[25Aug2026 11:23:48.998] [main/DEBUG] [mixin/]: Instancing new MixinPlatformAgentDefault for SecureJarResource(simplebedrockmodel)
[25Aug2026 11:23:48.998] [main/DEBUG] [mixin/]: MixinPlatformAgentDefault accepted container SecureJarResource(simplebedrockmodel)
[25Aug2026 11:23:48.998] [main/DEBUG] [mixin/]: Processing prepare() for PlatformAgent[MixinPlatformAgentDefault:SecureJarResource(simplebedrockmodel)]
[25Aug2026 11:23:48.998] [main/DEBUG] [mixin/]: Registering mixin config: simplebedrockmodel.mixins.json
[25Aug2026 11:23:49.000] [main/DEBUG] [mixin/]: Compatibility level JAVA_8 specified by simplebedrockmodel.mixins.json is lower than the default level supported by the current mixin service (JAVA_16).
[25Aug2026 11:23:49.000] [main/DEBUG] [mixin/]: Adding mixin platform agents for container SecureJarResource(gravestone)
[25Aug2026 11:23:49.000] [main/DEBUG] [mixin/]: Instancing new MixinPlatformAgentMinecraftForge for SecureJarResource(gravestone)
[25Aug2026 11:23:49.000] [main/DEBUG] [mixin/]: MixinPlatformAgentMinecraftForge rejected container SecureJarResource(gravestone)
[25Aug2026 11:23:49.000] [main/DEBUG] [mixin/]: Instancing new MixinPlatformAgentDefault for SecureJarResource(gravestone)
[25Aug2026 11:23:49.000] [main/DEBUG] [mixin/]: MixinPlatformAgentDefault accepted container SecureJarResource(gravestone)
[25Aug2026 11:23:49.000] [main/DEBUG] [mixin/]: Processing prepare() for PlatformAgent[MixinPlatformAgentDefault:SecureJarResource(gravestone)]
[25Aug2026 11:23:49.000] [main/DEBUG] [mixin/]: Adding mixin platform agents for container SecureJarResource(securitycraft)
[25Aug2026 11:23:49.001] [main/DEBUG] [mixin/]: Instancing new MixinPlatformAgentMinecraftForge for SecureJarResource(securitycraft)
[25Aug2026 11:23:49.001] [main/DEBUG] [mixin/]: MixinPlatformAgentMinecraftForge rejected container SecureJarResource(securitycraft)
[25Aug2026 11:23:49.001] [main/DEBUG] [mixin/]: Instancing new MixinPlatformAgentDefault for SecureJarResource(securitycraft)
[25Aug2026 11:23:49.001] [main/DEBUG] [mixin/]: MixinPlatformAgentDefault accepted container SecureJarResource(securitycraft)
[25Aug2026 11:23:49.001] [main/DEBUG] [mixin/]: Processing prepare() for PlatformAgent[MixinPlatformAgentDefault:SecureJarResource(securitycraft)]
[25Aug2026 11:23:49.001] [main/DEBUG] [mixin/]: Registering mixin config: securitycraft.mixins.json
[25Aug2026 11:23:49.002] [main/DEBUG] [mixin/]: Adding mixin platform agents for container SecureJarResource(nullscape)
[25Aug2026 11:23:49.003] [main/DEBUG] [mixin/]: Instancing new MixinPlatformAgentMinecraftForge for SecureJarResource(nullscape)
[25Aug2026 11:23:49.003] [main/DEBUG] [mixin/]: MixinPlatformAgentMinecraftForge rejected container SecureJarResource(nullscape)
[25Aug2026 11:23:49.003] [main/DEBUG] [mixin/]: Instancing new MixinPlatformAgentDefault for SecureJarResource(nullscape)
[25Aug2026 11:23:49.003] [main/DEBUG] [mixin/]: MixinPlatformAgentDefault accepted container SecureJarResource(nullscape)
[25Aug2026 11:23:49.003] [main/DEBUG] [mixin/]: Processing prepare() for PlatformAgent[MixinPlatformAgentDefault:SecureJarResource(nullscape)]
[25Aug2026 11:23:49.003] [main/DEBUG] [mixin/]: Adding mixin platform agents for container SecureJarResource(bettervillage)
[25Aug2026 11:23:49.003] [main/DEBUG] [mixin/]: Instancing new MixinPlatformAgentMinecraftForge for SecureJarResource(bettervillage)
[25Aug2026 11:23:49.003] [main/DEBUG] [mixin/]: MixinPlatformAgentMinecraftForge rejected container SecureJarResource(bettervillage)
[25Aug2026 11:23:49.003] [main/DEBUG] [mixin/]: Instancing new MixinPlatformAgentDefault for SecureJarResource(bettervillage)
[25Aug2026 11:23:49.003] [main/DEBUG] [mixin/]: MixinPlatformAgentDefault accepted container SecureJarResource(bettervillage)
[25Aug2026 11:23:49.004] [main/DEBUG] [mixin/]: Processing prepare() for PlatformAgent[MixinPlatformAgentDefault:SecureJarResource(bettervillage)]
[25Aug2026 11:23:49.004] [main/DEBUG] [mixin/]: Registering mixin config: bettervillage.mixins.json
[25Aug2026 11:23:49.005] [main/DEBUG] [mixin/]: Adding mixin platform agents for container SecureJarResource(overweight_farming)
[25Aug2026 11:23:49.005] [main/DEBUG] [mixin/]: Instancing new MixinPlatformAgentMinecraftForge for SecureJarResource(overweight_farming)
[25Aug2026 11:23:49.005] [main/DEBUG] [mixin/]: MixinPlatformAgentMinecraftForge rejected container SecureJarResource(overweight_farming)
[25Aug2026 11:23:49.005] [main/DEBUG] [mixin/]: Instancing new MixinPlatformAgentDefault for SecureJarResource(overweight_farming)
[25Aug2026 11:23:49.005] [main/DEBUG] [mixin/]: MixinPlatformAgentDefault accepted container SecureJarResource(overweight_farming)
[25Aug2026 11:23:49.005] [main/DEBUG] [mixin/]: Processing prepare() for PlatformAgent[MixinPlatformAgentDefault:SecureJarResource(overweight_farming)]
[25Aug2026 11:23:49.006] [main/DEBUG] [mixin/]: Registering mixin config: overweight_farming.mixins.json
[25Aug2026 11:23:49.007] [main/DEBUG] [mixin/]: Adding mixin platform agents for container SecureJarResource(fabric_entity_events_v1)
[25Aug2026 11:23:49.007] [main/DEBUG] [mixin/]: Instancing new MixinPlatformAgentMinecraftForge for SecureJarResource(fabric_entity_events_v1)
[25Aug2026 11:23:49.007] [main/DEBUG] [mixin/]: MixinPlatformAgentMinecraftForge rejected container SecureJarResource(fabric_entity_events_v1)
[25Aug2026 11:23:49.007] [main/DEBUG] [mixin/]: Instancing new MixinPlatformAgentDefault for SecureJarResource(fabric_entity_events_v1)
[25Aug2026 11:23:49.007] [main/DEBUG] [mixin/]: MixinPlatformAgentDefault accepted container SecureJarResource(fabric_entity_events_v1)
[25Aug2026 11:23:49.007] [main/DEBUG] [mixin/]: Processing prepare() for PlatformAgent[MixinPlatformAgentDefault:SecureJarResource(fabric_entity_events_v1)]
[25Aug2026 11:23:49.007] [main/DEBUG] [mixin/]: Registering mixin config: fabric-entity-events-v1.mixins.json
[25Aug2026 11:23:49.008] [main/DEBUG] [mixin/]: Compatibility level JAVA_16 specified by fabric-entity-events-v1.mixins.json is higher than the maximum level supported by this version of mixin (JAVA_13).
[25Aug2026 11:23:49.009] [main/DEBUG] [mixin/]: Registering mixin config: fabric-entity-events-v1.client.mixins.json
[25Aug2026 11:23:49.010] [main/DEBUG] [mixin/]: Compatibility level JAVA_16 specified by fabric-entity-events-v1.client.mixins.json is higher than the maximum level supported by this version of mixin (JAVA_13).
[25Aug2026 11:23:49.010] [main/DEBUG] [mixin/]: Adding mixin platform agents for container SecureJarResource(fracturepoint)
[25Aug2026 11:23:49.010] [main/DEBUG] [mixin/]: Instancing new MixinPlatformAgentMinecraftForge for SecureJarResource(fracturepoint)
[25Aug2026 11:23:49.010] [main/DEBUG] [mixin/]: MixinPlatformAgentMinecraftForge rejected container SecureJarResource(fracturepoint)
[25Aug2026 11:23:49.010] [main/DEBUG] [mixin/]: Instancing new MixinPlatformAgentDefault for SecureJarResource(fracturepoint)
[25Aug2026 11:23:49.010] [main/DEBUG] [mixin/]: MixinPlatformAgentDefault accepted container SecureJarResource(fracturepoint)
[25Aug2026 11:23:49.010] [main/DEBUG] [mixin/]: Processing prepare() for PlatformAgent[MixinPlatformAgentDefault:SecureJarResource(fracturepoint)]
[25Aug2026 11:23:49.010] [main/DEBUG] [mixin/]: Registering mixin config: fracturepoint.mixins.json
[25Aug2026 11:23:49.011] [main/DEBUG] [mixin/]: Registering mixin config: fracturepoint.jei.mixins.json
[25Aug2026 11:23:49.012] [main/DEBUG] [mixin/]: Registering mixin config: fracturepoint.compat.mixins.json
[25Aug2026 11:23:49.013] [main/DEBUG] [mixin/]: Adding mixin platform agents for container SecureJarResource(accessories)
[25Aug2026 11:23:49.013] [main/DEBUG] [mixin/]: Instancing new MixinPlatformAgentMinecraftForge for SecureJarResource(accessories)
[25Aug2026 11:23:49.013] [main/DEBUG] [mixin/]: MixinPlatformAgentMinecraftForge rejected container SecureJarResource(accessories)
[25Aug2026 11:23:49.013] [main/DEBUG] [mixin/]: Instancing new MixinPlatformAgentDefault for SecureJarResource(accessories)
[25Aug2026 11:23:49.014] [main/DEBUG] [mixin/]: MixinPlatformAgentDefault accepted container SecureJarResource(accessories)
[25Aug2026 11:23:49.014] [main/DEBUG] [mixin/]: Processing prepare() for PlatformAgent[MixinPlatformAgentDefault:SecureJarResource(accessories)]
[25Aug2026 11:23:49.014] [main/DEBUG] [mixin/]: Registering mixin config: accessories-common.mixins.json
[25Aug2026 11:23:49.015] [main/DEBUG] [mixin/]: Registering mixin config: accessories-neoforge.mixins.json
[25Aug2026 11:23:49.016] [main/DEBUG] [mixin/]: Adding mixin platform agents for container SecureJarResource(architectury)
[25Aug2026 11:23:49.016] [main/DEBUG] [mixin/]: Instancing new MixinPlatformAgentMinecraftForge for SecureJarResource(architectury)
[25Aug2026 11:23:49.016] [main/DEBUG] [mixin/]: MixinPlatformAgentMinecraftForge rejected container SecureJarResource(architectury)
[25Aug2026 11:23:49.016] [main/DEBUG] [mixin/]: Instancing new MixinPlatformAgentDefault for SecureJarResource(architectury)
[25Aug2026 11:23:49.016] [main/DEBUG] [mixin/]: MixinPlatformAgentDefault accepted container SecureJarResource(architectury)
[25Aug2026 11:23:49.016] [main/DEBUG] [mixin/]: Processing prepare() for PlatformAgent[MixinPlatformAgentDefault:SecureJarResource(architectury)]
[25Aug2026 11:23:49.016] [main/DEBUG] [mixin/]: Registering mixin config: architectury.mixins.json
[25Aug2026 11:23:49.017] [main/DEBUG] [mixin/]: Compatibility level JAVA_16 specified by architectury.mixins.json is higher than the maximum level supported by this version of mixin (JAVA_13).
[25Aug2026 11:23:49.017] [main/DEBUG] [mixin/]: Registering mixin config: architectury-common.mixins.json
[25Aug2026 11:23:49.018] [main/DEBUG] [mixin/]: Compatibility level JAVA_16 specified by architectury-common.mixins.json is higher than the maximum level supported by this version of mixin (JAVA_13).
[25Aug2026 11:23:49.018] [main/DEBUG] [mixin/]: Adding mixin platform agents for container SecureJarResource(farm_and_charm)
[25Aug2026 11:23:49.018] [main/DEBUG] [mixin/]: Instancing new MixinPlatformAgentMinecraftForge for SecureJarResource(farm_and_charm)
[25Aug2026 11:23:49.018] [main/DEBUG] [mixin/]: MixinPlatformAgentMinecraftForge rejected container SecureJarResource(farm_and_charm)
[25Aug2026 11:23:49.018] [main/DEBUG] [mixin/]: Instancing new MixinPlatformAgentDefault for SecureJarResource(farm_and_charm)
[25Aug2026 11:23:49.018] [main/DEBUG] [mixin/]: MixinPlatformAgentDefault accepted container SecureJarResource(farm_and_charm)
[25Aug2026 11:23:49.018] [main/DEBUG] [mixin/]: Processing prepare() for PlatformAgent[MixinPlatformAgentDefault:SecureJarResource(farm_and_charm)]
[25Aug2026 11:23:49.018] [main/DEBUG] [mixin/]: Registering mixin config: FarmAndCharm-common.mixins.json
[25Aug2026 11:23:49.019] [main/DEBUG] [mixin/]: Registering mixin config: FarmAndCharm.mixins.json
[25Aug2026 11:23:49.020] [main/DEBUG] [mixin/]: Adding mixin platform agents for container SecureJarResource(justhammers)
[25Aug2026 11:23:49.020] [main/DEBUG] [mixin/]: Instancing new MixinPlatformAgentMinecraftForge for SecureJarResource(justhammers)
[25Aug2026 11:23:49.020] [main/DEBUG] [mixin/]: MixinPlatformAgentMinecraftForge rejected container SecureJarResource(justhammers)
[25Aug2026 11:23:49.020] [main/DEBUG] [mixin/]: Instancing new MixinPlatformAgentDefault for SecureJarResource(justhammers)
[25Aug2026 11:23:49.020] [main/DEBUG] [mixin/]: MixinPlatformAgentDefault accepted container SecureJarResource(justhammers)
[25Aug2026 11:23:49.020] [main/DEBUG] [mixin/]: Processing prepare() for PlatformAgent[MixinPlatformAgentDefault:SecureJarResource(justhammers)]
[25Aug2026 11:23:49.020] [main/DEBUG] [mixin/]: Registering mixin config: justhammers-common.mixins.json
[25Aug2026 11:23:49.021] [main/DEBUG] [mixin/]: Registering mixin config: justhammers.mixins.json
[25Aug2026 11:23:49.023] [main/DEBUG] [mixin/]: Adding mixin platform agents for container SecureJarResource(moremobvariants)
[25Aug2026 11:23:49.023] [main/DEBUG] [mixin/]: Instancing new MixinPlatformAgentMinecraftForge for SecureJarResource(moremobvariants)
[25Aug2026 11:23:49.023] [main/DEBUG] [mixin/]: MixinPlatformAgentMinecraftForge rejected container SecureJarResource(moremobvariants)
[25Aug2026 11:23:49.023] [main/DEBUG] [mixin/]: Instancing new MixinPlatformAgentDefault for SecureJarResource(moremobvariants)
[25Aug2026 11:23:49.023] [main/DEBUG] [mixin/]: MixinPlatformAgentDefault accepted container SecureJarResource(moremobvariants)
[25Aug2026 11:23:49.023] [main/DEBUG] [mixin/]: Processing prepare() for PlatformAgent[MixinPlatformAgentDefault:SecureJarResource(moremobvariants)]
[25Aug2026 11:23:49.023] [main/DEBUG] [mixin/]: Registering mixin config: moremobvariants.mixins.json
[25Aug2026 11:23:49.024] [main/DEBUG] [mixin/]: Adding mixin platform agents for container SecureJarResource(fabric_object_builder_api_v1)
[25Aug2026 11:23:49.024] [main/DEBUG] [mixin/]: Instancing new MixinPlatformAgentMinecraftForge for SecureJarResource(fabric_object_builder_api_v1)
[25Aug2026 11:23:49.024] [main/DEBUG] [mixin/]: MixinPlatformAgentMinecraftForge rejected container SecureJarResource(fabric_object_builder_api_v1)
[25Aug2026 11:23:49.024] [main/DEBUG] [mixin/]: Instancing new MixinPlatformAgentDefault for SecureJarResource(fabric_object_builder_api_v1)
[25Aug2026 11:23:49.024] [main/DEBUG] [mixin/]: MixinPlatformAgentDefault accepted container SecureJarResource(fabric_object_builder_api_v1)
[25Aug2026 11:23:49.024] [main/DEBUG] [mixin/]: Processing prepare() for PlatformAgent[MixinPlatformAgentDefault:SecureJarResource(fabric_object_builder_api_v1)]
[25Aug2026 11:23:49.024] [main/DEBUG] [mixin/]: Registering mixin config: fabric-object-builder-v1.mixins.json
[25Aug2026 11:23:49.025] [main/DEBUG] [mixin/]: Compatibility level JAVA_16 specified by fabric-object-builder-v1.mixins.json is higher than the maximum level supported by this version of mixin (JAVA_13).
[25Aug2026 11:23:49.026] [main/DEBUG] [mixin/]: Adding mixin platform agents for container SecureJarResource(mcwfurnitures)
[25Aug2026 11:23:49.026] [main/DEBUG] [mixin/]: Instancing new MixinPlatformAgentMinecraftForge for SecureJarResource(mcwfurnitures)
[25Aug2026 11:23:49.026] [main/DEBUG] [mixin/]: MixinPlatformAgentMinecraftForge rejected container SecureJarResource(mcwfurnitures)
[25Aug2026 11:23:49.026] [main/DEBUG] [mixin/]: Instancing new MixinPlatformAgentDefault for SecureJarResource(mcwfurnitures)
[25Aug2026 11:23:49.026] [main/DEBUG] [mixin/]: MixinPlatformAgentDefault accepted container SecureJarResource(mcwfurnitures)
[25Aug2026 11:23:49.026] [main/DEBUG] [mixin/]: Processing prepare() for PlatformAgent[MixinPlatformAgentDefault:SecureJarResource(mcwfurnitures)]
[25Aug2026 11:23:49.026] [main/DEBUG] [mixin/]: Adding mixin platform agents for container SecureJarResource(puzzleslib)
[25Aug2026 11:23:49.026] [main/DEBUG] [mixin/]: Instancing new MixinPlatformAgentMinecraftForge for SecureJarResource(puzzleslib)
[25Aug2026 11:23:49.026] [main/DEBUG] [mixin/]: MixinPlatformAgentMinecraftForge rejected container SecureJarResource(puzzleslib)
[25Aug2026 11:23:49.026] [main/DEBUG] [mixin/]: Instancing new MixinPlatformAgentDefault for SecureJarResource(puzzleslib)
[25Aug2026 11:23:49.026] [main/DEBUG] [mixin/]: MixinPlatformAgentDefault accepted container SecureJarResource(puzzleslib)
[25Aug2026 11:23:49.026] [main/DEBUG] [mixin/]: Processing prepare() for PlatformAgent[MixinPlatformAgentDefault:SecureJarResource(puzzleslib)]
[25Aug2026 11:23:49.027] [main/DEBUG] [mixin/]: Registering mixin config: puzzleslib.common.mixins.json
[25Aug2026 11:23:49.028] [main/DEBUG] [mixin/]: Registering mixin config: puzzleslib.forge.mixins.json
[25Aug2026 11:23:49.029] [main/DEBUG] [mixin/]: Adding mixin platform agents for container SecureJarResource(easyshulkerboxes)
[25Aug2026 11:23:49.029] [main/DEBUG] [mixin/]: Instancing new MixinPlatformAgentMinecraftForge for SecureJarResource(easyshulkerboxes)
[25Aug2026 11:23:49.029] [main/DEBUG] [mixin/]: MixinPlatformAgentMinecraftForge rejected container SecureJarResource(easyshulkerboxes)
[25Aug2026 11:23:49.029] [main/DEBUG] [mixin/]: Instancing new MixinPlatformAgentDefault for SecureJarResource(easyshulkerboxes)
[25Aug2026 11:23:49.029] [main/DEBUG] [mixin/]: MixinPlatformAgentDefault accepted container SecureJarResource(easyshulkerboxes)
[25Aug2026 11:23:49.029] [main/DEBUG] [mixin/]: Processing prepare() for PlatformAgent[MixinPlatformAgentDefault:SecureJarResource(easyshulkerboxes)]
[25Aug2026 11:23:49.029] [main/DEBUG] [mixin/]: Registering mixin config: easyshulkerboxes.common.mixins.json
[25Aug2026 11:23:49.030] [main/DEBUG] [mixin/]: Adding mixin platform agents for container SecureJarResource(mclib)
[25Aug2026 11:23:49.030] [main/DEBUG] [mixin/]: Instancing new MixinPlatformAgentMinecraftForge for SecureJarResource(mclib)
[25Aug2026 11:23:49.030] [main/DEBUG] [mixin/]: MixinPlatformAgentMinecraftForge rejected container SecureJarResource(mclib)
[25Aug2026 11:23:49.030] [main/DEBUG] [mixin/]: Instancing new MixinPlatformAgentDefault for SecureJarResource(mclib)
[25Aug2026 11:23:49.030] [main/DEBUG] [mixin/]: MixinPlatformAgentDefault accepted container SecureJarResource(mclib)
[25Aug2026 11:23:49.030] [main/DEBUG] [mixin/]: Processing prepare() for PlatformAgent[MixinPlatformAgentDefault:SecureJarResource(mclib)]
[25Aug2026 11:23:49.031] [main/DEBUG] [mixin/]: Adding mixin platform agents for container SecureJarResource(luaj.core.figura)
[25Aug2026 11:23:49.031] [main/DEBUG] [mixin/]: Instancing new MixinPlatformAgentMinecraftForge for SecureJarResource(luaj.core.figura)
[25Aug2026 11:23:49.031] [main/DEBUG] [mixin/]: MixinPlatformAgentMinecraftForge rejected container SecureJarResource(luaj.core.figura)
[25Aug2026 11:23:49.031] [main/DEBUG] [mixin/]: Instancing new MixinPlatformAgentDefault for SecureJarResource(luaj.core.figura)
[25Aug2026 11:23:49.031] [main/DEBUG] [mixin/]: MixinPlatformAgentDefault accepted container SecureJarResource(luaj.core.figura)
[25Aug2026 11:23:49.031] [main/DEBUG] [mixin/]: Processing prepare() for PlatformAgent[MixinPlatformAgentDefault:SecureJarResource(luaj.core.figura)]
[25Aug2026 11:23:49.031] [main/DEBUG] [mixin/]: Adding mixin platform agents for container SecureJarResource(rhino.SNAPSHOT)
[25Aug2026 11:23:49.031] [main/DEBUG] [mixin/]: Instancing new MixinPlatformAgentMinecraftForge for SecureJarResource(rhino.SNAPSHOT)
[25Aug2026 11:23:49.031] [main/DEBUG] [mixin/]: MixinPlatformAgentMinecraftForge rejected container SecureJarResource(rhino.SNAPSHOT)
[25Aug2026 11:23:49.031] [main/DEBUG] [mixin/]: Instancing new MixinPlatformAgentDefault for SecureJarResource(rhino.SNAPSHOT)
[25Aug2026 11:23:49.031] [main/DEBUG] [mixin/]: MixinPlatformAgentDefault accepted container SecureJarResource(rhino.SNAPSHOT)
[25Aug2026 11:23:49.031] [main/DEBUG] [mixin/]: Processing prepare() for PlatformAgent[MixinPlatformAgentDefault:SecureJarResource(rhino.SNAPSHOT)]
[25Aug2026 11:23:49.031] [main/DEBUG] [mixin/]: Adding mixin platform agents for container SecureJarResource(mae)
[25Aug2026 11:23:49.031] [main/DEBUG] [mixin/]: Instancing new MixinPlatformAgentMinecraftForge for SecureJarResource(mae)
[25Aug2026 11:23:49.031] [main/DEBUG] [mixin/]: MixinPlatformAgentMinecraftForge rejected container SecureJarResource(mae)
[25Aug2026 11:23:49.031] [main/DEBUG] [mixin/]: Instancing new MixinPlatformAgentDefault for SecureJarResource(mae)
[25Aug2026 11:23:49.032] [main/DEBUG] [mixin/]: MixinPlatformAgentDefault accepted container SecureJarResource(mae)
[25Aug2026 11:23:49.032] [main/DEBUG] [mixin/]: Processing prepare() for PlatformAgent[MixinPlatformAgentDefault:SecureJarResource(mae)]
[25Aug2026 11:23:49.032] [main/DEBUG] [mixin/]: Adding mixin platform agents for container SecureJarResource(luaj.jse.figura)
[25Aug2026 11:23:49.032] [main/DEBUG] [mixin/]: Instancing new MixinPlatformAgentMinecraftForge for SecureJarResource(luaj.jse.figura)
[25Aug2026 11:23:49.032] [main/DEBUG] [mixin/]: MixinPlatformAgentMinecraftForge rejected container SecureJarResource(luaj.jse.figura)
[25Aug2026 11:23:49.032] [main/DEBUG] [mixin/]: Instancing new MixinPlatformAgentDefault for SecureJarResource(luaj.jse.figura)
[25Aug2026 11:23:49.032] [main/DEBUG] [mixin/]: MixinPlatformAgentDefault accepted container SecureJarResource(luaj.jse.figura)
[25Aug2026 11:23:49.032] [main/DEBUG] [mixin/]: Processing prepare() for PlatformAgent[MixinPlatformAgentDefault:SecureJarResource(luaj.jse.figura)]
[25Aug2026 11:23:49.032] [main/DEBUG] [mixin/]: Adding mixin platform agents for container SecureJarResource(org.apache.bcel)
[25Aug2026 11:23:49.032] [main/DEBUG] [mixin/]: Instancing new MixinPlatformAgentMinecraftForge for SecureJarResource(org.apache.bcel)
[25Aug2026 11:23:49.032] [main/DEBUG] [mixin/]: MixinPlatformAgentMinecraftForge rejected container SecureJarResource(org.apache.bcel)
[25Aug2026 11:23:49.032] [main/DEBUG] [mixin/]: Instancing new MixinPlatformAgentDefault for SecureJarResource(org.apache.bcel)
[25Aug2026 11:23:49.032] [main/DEBUG] [mixin/]: MixinPlatformAgentDefault accepted container SecureJarResource(org.apache.bcel)
[25Aug2026 11:23:49.032] [main/DEBUG] [mixin/]: Processing prepare() for PlatformAgent[MixinPlatformAgentDefault:SecureJarResource(org.apache.bcel)]
[25Aug2026 11:23:49.032] [main/DEBUG] [mixin/]: Adding mixin platform agents for container SecureJarResource(thedarkcolour.kotlinforforge.kfflib)
[25Aug2026 11:23:49.032] [main/DEBUG] [mixin/]: Instancing new MixinPlatformAgentMinecraftForge for SecureJarResource(thedarkcolour.kotlinforforge.kfflib)
[25Aug2026 11:23:49.032] [main/DEBUG] [mixin/]: MixinPlatformAgentMinecraftForge rejected container SecureJarResource(thedarkcolour.kotlinforforge.kfflib)
[25Aug2026 11:23:49.032] [main/DEBUG] [mixin/]: Instancing new MixinPlatformAgentDefault for SecureJarResource(thedarkcolour.kotlinforforge.kfflib)
[25Aug2026 11:23:49.032] [main/DEBUG] [mixin/]: MixinPlatformAgentDefault accepted container SecureJarResource(thedarkcolour.kotlinforforge.kfflib)
[25Aug2026 11:23:49.032] [main/DEBUG] [mixin/]: Processing prepare() for PlatformAgent[MixinPlatformAgentDefault:SecureJarResource(thedarkcolour.kotlinforforge.kfflib)]
[25Aug2026 11:23:49.032] [main/DEBUG] [mixin/]: Adding mixin platform agents for container SecureJarResource(netty_endec)
[25Aug2026 11:23:49.032] [main/DEBUG] [mixin/]: Instancing new MixinPlatformAgentMinecraftForge for SecureJarResource(netty_endec)
[25Aug2026 11:23:49.033] [main/DEBUG] [mixin/]: MixinPlatformAgentMinecraftForge rejected container SecureJarResource(netty_endec)
[25Aug2026 11:23:49.033] [main/DEBUG] [mixin/]: Instancing new MixinPlatformAgentDefault for SecureJarResource(netty_endec)
[25Aug2026 11:23:49.033] [main/DEBUG] [mixin/]: MixinPlatformAgentDefault accepted container SecureJarResource(netty_endec)
[25Aug2026 11:23:49.033] [main/DEBUG] [mixin/]: Processing prepare() for PlatformAgent[MixinPlatformAgentDefault:SecureJarResource(netty_endec)]
[25Aug2026 11:23:49.033] [main/DEBUG] [mixin/]: Adding mixin platform agents for container SecureJarResource(MixinExtras)
[25Aug2026 11:23:49.033] [main/DEBUG] [mixin/]: Instancing new MixinPlatformAgentMinecraftForge for SecureJarResource(MixinExtras)
[25Aug2026 11:23:49.033] [main/DEBUG] [mixin/]: MixinPlatformAgentMinecraftForge rejected container SecureJarResource(MixinExtras)
[25Aug2026 11:23:49.033] [main/DEBUG] [mixin/]: Instancing new MixinPlatformAgentDefault for SecureJarResource(MixinExtras)
[25Aug2026 11:23:49.033] [main/DEBUG] [mixin/]: MixinPlatformAgentDefault accepted container SecureJarResource(MixinExtras)
[25Aug2026 11:23:49.033] [main/DEBUG] [mixin/]: Processing prepare() for PlatformAgent[MixinPlatformAgentDefault:SecureJarResource(MixinExtras)]
[25Aug2026 11:23:49.033] [main/DEBUG] [mixin/]: Adding mixin platform agents for container SecureJarResource(commons.math3)
[25Aug2026 11:23:49.033] [main/DEBUG] [mixin/]: Instancing new MixinPlatformAgentMinecraftForge for SecureJarResource(commons.math3)
[25Aug2026 11:23:49.033] [main/DEBUG] [mixin/]: MixinPlatformAgentMinecraftForge rejected container SecureJarResource(commons.math3)
[25Aug2026 11:23:49.033] [main/DEBUG] [mixin/]: Instancing new MixinPlatformAgentDefault for SecureJarResource(commons.math3)
[25Aug2026 11:23:49.033] [main/DEBUG] [mixin/]: MixinPlatformAgentDefault accepted container SecureJarResource(commons.math3)
[25Aug2026 11:23:49.033] [main/DEBUG] [mixin/]: Processing prepare() for PlatformAgent[MixinPlatformAgentDefault:SecureJarResource(commons.math3)]
[25Aug2026 11:23:49.033] [main/DEBUG] [mixin/]: Adding mixin platform agents for container SecureJarResource(endec)
[25Aug2026 11:23:49.033] [main/DEBUG] [mixin/]: Instancing new MixinPlatformAgentMinecraftForge for SecureJarResource(endec)
[25Aug2026 11:23:49.033] [main/DEBUG] [mixin/]: MixinPlatformAgentMinecraftForge rejected container SecureJarResource(endec)
[25Aug2026 11:23:49.033] [main/DEBUG] [mixin/]: Instancing new MixinPlatformAgentDefault for SecureJarResource(endec)
[25Aug2026 11:23:49.033] [main/DEBUG] [mixin/]: MixinPlatformAgentDefault accepted container SecureJarResource(endec)
[25Aug2026 11:23:49.033] [main/DEBUG] [mixin/]: Processing prepare() for PlatformAgent[MixinPlatformAgentDefault:SecureJarResource(endec)]
[25Aug2026 11:23:49.033] [main/DEBUG] [mixin/]: Adding mixin platform agents for container SecureJarResource(gson_endec)
[25Aug2026 11:23:49.033] [main/DEBUG] [mixin/]: Instancing new MixinPlatformAgentMinecraftForge for SecureJarResource(gson_endec)
[25Aug2026 11:23:49.033] [main/DEBUG] [mixin/]: MixinPlatformAgentMinecraftForge rejected container SecureJarResource(gson_endec)
[25Aug2026 11:23:49.033] [main/DEBUG] [mixin/]: Instancing new MixinPlatformAgentDefault for SecureJarResource(gson_endec)
[25Aug2026 11:23:49.033] [main/DEBUG] [mixin/]: MixinPlatformAgentDefault accepted container SecureJarResource(gson_endec)
[25Aug2026 11:23:49.033] [main/DEBUG] [mixin/]: Processing prepare() for PlatformAgent[MixinPlatformAgentDefault:SecureJarResource(gson_endec)]
[25Aug2026 11:23:49.033] [main/DEBUG] [mixin/]: inject() running with 66 agents
[25Aug2026 11:23:49.033] [main/DEBUG] [mixin/]: Processing inject() for PlatformAgent[MixinPlatformAgentDefault:ModLauncher Root Container(ModLauncher:4f56a0a2)]
[25Aug2026 11:23:49.033] [main/DEBUG] [mixin/]: Processing inject() for PlatformAgent[MixinPlatformAgentDefault:SecureJarResource(treechop)]
[25Aug2026 11:23:49.033] [main/DEBUG] [mixin/]: Processing inject() for PlatformAgent[MixinPlatformAgentDefault:SecureJarResource(easyanvils)]
[25Aug2026 11:23:49.033] [main/DEBUG] [mixin/]: Processing inject() for PlatformAgent[MixinPlatformAgentDefault:SecureJarResource(puzzlesapi)]
[25Aug2026 11:23:49.033] [main/DEBUG] [mixin/]: Processing inject() for PlatformAgent[MixinPlatformAgentDefault:SecureJarResource(mr_ore_veinminer)]
[25Aug2026 11:23:49.033] [main/DEBUG] [mixin/]: Processing inject() for PlatformAgent[MixinPlatformAgentDefault:SecureJarResource(geckolib)]
[25Aug2026 11:23:49.033] [main/DEBUG] [mixin/]: Processing inject() for PlatformAgent[MixinPlatformAgentDefault:SecureJarResource(easymagic)]
[25Aug2026 11:23:49.033] [main/DEBUG] [mixin/]: Processing inject() for PlatformAgent[MixinPlatformAgentDefault:SecureJarResource(visualworkbench)]
[25Aug2026 11:23:49.033] [main/DEBUG] [mixin/]: Processing inject() for PlatformAgent[MixinPlatformAgentDefault:SecureJarResource(tacz)]
[25Aug2026 11:23:49.033] [main/DEBUG] [mixin/]: Processing inject() for PlatformAgent[MixinPlatformAgentDefault:SecureJarResource(libraryferret)]
[25Aug2026 11:23:49.033] [main/DEBUG] [mixin/]: Processing inject() for PlatformAgent[MixinPlatformAgentDefault:SecureJarResource(mcwwindows)]
[25Aug2026 11:23:49.033] [main/DEBUG] [mixin/]: Processing inject() for PlatformAgent[MixinPlatformAgentDefault:SecureJarResource(incendium)]
[25Aug2026 11:23:49.033] [main/DEBUG] [mixin/]: Processing inject() for PlatformAgent[MixinPlatformAgentDefault:SecureJarResource(sophisticatedcore)]
[25Aug2026 11:23:49.033] [main/DEBUG] [mixin/]: Processing inject() for PlatformAgent[MixinPlatformAgentDefault:SecureJarResource(fabric_data_attachment_api_v1)]
[25Aug2026 11:23:49.034] [main/DEBUG] [mixin/]: Processing inject() for PlatformAgent[MixinPlatformAgentDefault:SecureJarResource(mixinextras)]
[25Aug2026 11:23:49.034] [main/DEBUG] [mixin/]: Processing inject() for PlatformAgent[MixinPlatformAgentDefault:SecureJarResource(glitchcore)]
[25Aug2026 11:23:49.034] [main/DEBUG] [mixin/]: Processing inject() for PlatformAgent[MixinPlatformAgentDefault:SecureJarResource(sereneseasons)]
[25Aug2026 11:23:49.034] [main/DEBUG] [mixin/]: Processing inject() for PlatformAgent[MixinPlatformAgentDefault:SecureJarResource(sophisticatedbackpacks)]
[25Aug2026 11:23:49.034] [main/DEBUG] [mixin/]: Processing inject() for PlatformAgent[MixinPlatformAgentDefault:SecureJarResource(mr_epicterrain)]
[25Aug2026 11:23:49.034] [main/DEBUG] [mixin/]: Processing inject() for PlatformAgent[MixinPlatformAgentDefault:SecureJarResource(takesapillage)]
[25Aug2026 11:23:49.034] [main/DEBUG] [mixin/]: Processing inject() for PlatformAgent[MixinPlatformAgentDefault:SecureJarResource(mcwdoors)]
[25Aug2026 11:23:49.034] [main/DEBUG] [mixin/]: Processing inject() for PlatformAgent[MixinPlatformAgentDefault:SecureJarResource(superbwarfare)]
[25Aug2026 11:23:49.034] [main/DEBUG] [mixin/]: Processing inject() for PlatformAgent[MixinPlatformAgentDefault:SecureJarResource(carryon)]
[25Aug2026 11:23:49.034] [main/DEBUG] [mixin/]: Processing inject() for PlatformAgent[MixinPlatformAgentDefault:SecureJarResource(puzzlesaccessapi)]
[25Aug2026 11:23:49.034] [main/DEBUG] [mixin/]: Processing inject() for PlatformAgent[MixinPlatformAgentDefault:SecureJarResource(cloth_config)]
[25Aug2026 11:23:49.034] [main/DEBUG] [mixin/]: Processing inject() for PlatformAgent[MixinPlatformAgentDefault:SecureJarResource(forge)]
[25Aug2026 11:23:49.034] [main/DEBUG] [mixin/]: Processing inject() for PlatformAgent[MixinPlatformAgentDefault:SecureJarResource(minecraft)]
[25Aug2026 11:23:49.034] [main/DEBUG] [mixin/]: Processing inject() for PlatformAgent[MixinPlatformAgentDefault:SecureJarResource(farmersdelight)]
[25Aug2026 11:23:49.034] [main/DEBUG] [mixin/]: Processing inject() for PlatformAgent[MixinPlatformAgentDefault:SecureJarResource(fabric_api_base)]
[25Aug2026 11:23:49.034] [main/DEBUG] [mixin/]: Processing inject() for PlatformAgent[MixinPlatformAgentDefault:SecureJarResource(endrem)]
[25Aug2026 11:23:49.034] [main/DEBUG] [mixin/]: Processing inject() for PlatformAgent[MixinPlatformAgentDefault:SecureJarResource(another_furniture)]
[25Aug2026 11:23:49.034] [main/DEBUG] [mixin/]: Processing inject() for PlatformAgent[MixinPlatformAgentDefault:SecureJarResource(chunky)]
[25Aug2026 11:23:49.034] [main/DEBUG] [mixin/]: Processing inject() for PlatformAgent[MixinPlatformAgentDefault:SecureJarResource(mcwfences)]
[25Aug2026 11:23:49.034] [main/DEBUG] [mixin/]: Processing inject() for PlatformAgent[MixinPlatformAgentDefault:SecureJarResource(kotlinforforge)]
[25Aug2026 11:23:49.034] [main/DEBUG] [mixin/]: Processing inject() for PlatformAgent[MixinPlatformAgentDefault:SecureJarResource(curios)]
[25Aug2026 11:23:49.034] [main/DEBUG] [mixin/]: Processing inject() for PlatformAgent[MixinPlatformAgentDefault:SecureJarResource(flywheel)]
[25Aug2026 11:23:49.034] [main/DEBUG] [mixin/]: Processing inject() for PlatformAgent[MixinPlatformAgentDefault:SecureJarResource(ponder)]
[25Aug2026 11:23:49.034] [main/DEBUG] [mixin/]: Processing inject() for PlatformAgent[MixinPlatformAgentDefault:SecureJarResource(simplebedrockmodel)]
[25Aug2026 11:23:49.034] [main/DEBUG] [mixin/]: Processing inject() for PlatformAgent[MixinPlatformAgentDefault:SecureJarResource(gravestone)]
[25Aug2026 11:23:49.034] [main/DEBUG] [mixin/]: Processing inject() for PlatformAgent[MixinPlatformAgentDefault:SecureJarResource(securitycraft)]
[25Aug2026 11:23:49.034] [main/DEBUG] [mixin/]: Processing inject() for PlatformAgent[MixinPlatformAgentDefault:SecureJarResource(nullscape)]
[25Aug2026 11:23:49.034] [main/DEBUG] [mixin/]: Processing inject() for PlatformAgent[MixinPlatformAgentDefault:SecureJarResource(bettervillage)]
[25Aug2026 11:23:49.034] [main/DEBUG] [mixin/]: Processing inject() for PlatformAgent[MixinPlatformAgentDefault:SecureJarResource(overweight_farming)]
[25Aug2026 11:23:49.034] [main/DEBUG] [mixin/]: Processing inject() for PlatformAgent[MixinPlatformAgentDefault:SecureJarResource(fabric_entity_events_v1)]
[25Aug2026 11:23:49.034] [main/DEBUG] [mixin/]: Processing inject() for PlatformAgent[MixinPlatformAgentDefault:SecureJarResource(fracturepoint)]
[25Aug2026 11:23:49.034] [main/DEBUG] [mixin/]: Processing inject() for PlatformAgent[MixinPlatformAgentDefault:SecureJarResource(accessories)]
[25Aug2026 11:23:49.034] [main/DEBUG] [mixin/]: Processing inject() for PlatformAgent[MixinPlatformAgentDefault:SecureJarResource(architectury)]
[25Aug2026 11:23:49.034] [main/DEBUG] [mixin/]: Processing inject() for PlatformAgent[MixinPlatformAgentDefault:SecureJarResource(farm_and_charm)]
[25Aug2026 11:23:49.034] [main/DEBUG] [mixin/]: Processing inject() for PlatformAgent[MixinPlatformAgentDefault:SecureJarResource(justhammers)]
[25Aug2026 11:23:49.034] [main/DEBUG] [mixin/]: Processing inject() for PlatformAgent[MixinPlatformAgentDefault:SecureJarResource(moremobvariants)]
[25Aug2026 11:23:49.034] [main/DEBUG] [mixin/]: Processing inject() for PlatformAgent[MixinPlatformAgentDefault:SecureJarResource(fabric_object_builder_api_v1)]
[25Aug2026 11:23:49.035] [main/DEBUG] [mixin/]: Processing inject() for PlatformAgent[MixinPlatformAgentDefault:SecureJarResource(mcwfurnitures)]
[25Aug2026 11:23:49.035] [main/DEBUG] [mixin/]: Processing inject() for PlatformAgent[MixinPlatformAgentDefault:SecureJarResource(puzzleslib)]
[25Aug2026 11:23:49.035] [main/DEBUG] [mixin/]: Processing inject() for PlatformAgent[MixinPlatformAgentDefault:SecureJarResource(easyshulkerboxes)]
[25Aug2026 11:23:49.035] [main/DEBUG] [mixin/]: Processing inject() for PlatformAgent[MixinPlatformAgentDefault:SecureJarResource(mclib)]
[25Aug2026 11:23:49.035] [main/DEBUG] [mixin/]: Processing inject() for PlatformAgent[MixinPlatformAgentDefault:SecureJarResource(luaj.core.figura)]
[25Aug2026 11:23:49.035] [main/DEBUG] [mixin/]: Processing inject() for PlatformAgent[MixinPlatformAgentDefault:SecureJarResource(rhino.SNAPSHOT)]
[25Aug2026 11:23:49.035] [main/DEBUG] [mixin/]: Processing inject() for PlatformAgent[MixinPlatformAgentDefault:SecureJarResource(mae)]
[25Aug2026 11:23:49.035] [main/DEBUG] [mixin/]: Processing inject() for PlatformAgent[MixinPlatformAgentDefault:SecureJarResource(luaj.jse.figura)]
[25Aug2026 11:23:49.035] [main/DEBUG] [mixin/]: Processing inject() for PlatformAgent[MixinPlatformAgentDefault:SecureJarResource(org.apache.bcel)]
[25Aug2026 11:23:49.035] [main/DEBUG] [mixin/]: Processing inject() for PlatformAgent[MixinPlatformAgentDefault:SecureJarResource(thedarkcolour.kotlinforforge.kfflib)]
[25Aug2026 11:23:49.035] [main/DEBUG] [mixin/]: Processing inject() for PlatformAgent[MixinPlatformAgentDefault:SecureJarResource(netty_endec)]
[25Aug2026 11:23:49.035] [main/DEBUG] [mixin/]: Processing inject() for PlatformAgent[MixinPlatformAgentDefault:SecureJarResource(MixinExtras)]
[25Aug2026 11:23:49.035] [main/DEBUG] [mixin/]: Processing inject() for PlatformAgent[MixinPlatformAgentDefault:SecureJarResource(commons.math3)]
[25Aug2026 11:23:49.035] [main/DEBUG] [mixin/]: Processing inject() for PlatformAgent[MixinPlatformAgentDefault:SecureJarResource(endec)]
[25Aug2026 11:23:49.035] [main/DEBUG] [mixin/]: Processing inject() for PlatformAgent[MixinPlatformAgentDefault:SecureJarResource(gson_endec)]
[25Aug2026 11:23:49.035] [main/INFO] [cpw.mods.modlauncher.LaunchServiceHandler/MODLAUNCHER]: Launching target 'forgeserver' with arguments [nogui]
[25Aug2026 11:23:49.071] [main/DEBUG] [mixin/]: Preparing mixins for MixinEnvironment[DEFAULT]
[25Aug2026 11:23:49.071] [main/DEBUG] [mixin/]: Selecting config treechop.mixins.json
[25Aug2026 11:23:49.075] [main/DEBUG] [mixin/]: Selecting config easyanvils.common.mixins.json
[25Aug2026 11:23:49.082] [main/DEBUG] [mixin/]: Selecting config easyanvils.forge.mixins.json
[25Aug2026 11:23:49.083] [main/DEBUG] [mixin/]: Selecting config puzzlesapi.common.mixins.json
[25Aug2026 11:23:49.085] [main/DEBUG] [mixin/]: Selecting config geckolib.mixins.json
[25Aug2026 11:23:49.086] [main/DEBUG] [mixin/]: Selecting config easymagic.common.mixins.json
[25Aug2026 11:23:49.088] [main/DEBUG] [mixin/]: Selecting config visualworkbench.common.mixins.json
[25Aug2026 11:23:49.090] [main/DEBUG] [mixin/]: Selecting config tacz.mixins.json
[25Aug2026 11:23:49.090] [main/DEBUG] [mixin/]: Selecting config tacz.compat.acceleratedrendering.mixins.json
[25Aug2026 11:23:49.093] [main/DEBUG] [mixin/]: Selecting config sophisticatedcore.mixins.json
[25Aug2026 11:23:49.094] [main/DEBUG] [mixin/]: Selecting config sophisticatedcore.create.mixins.json
[25Aug2026 11:23:49.095] [main/DEBUG] [mixin/]: Selecting config fabric-data-attachment-api-v1.mixins.json
[25Aug2026 11:23:49.096] [main/DEBUG] [mixin/]: Selecting config fabric-data-attachment-api-v1.client.mixins.json
[25Aug2026 11:23:49.097] [main/DEBUG] [mixin/]: Selecting config mixinextras.init.mixins.json
[25Aug2026 11:23:49.127] [main/DEBUG] [MixinExtras|Service/]: com.llamalad7.mixinextras.service.MixinExtrasServiceImpl(version=0.4.1) is taking over from null
[25Aug2026 11:23:49.234] [main/DEBUG] [mixin/]: Registering new injector for @Inject with org.spongepowered.asm.mixin.injection.struct.CallbackInjectionInfo
[25Aug2026 11:23:49.236] [main/DEBUG] [mixin/]: Registering new injector for @ModifyArg with org.spongepowered.asm.mixin.injection.struct.ModifyArgInjectionInfo
[25Aug2026 11:23:49.237] [main/DEBUG] [mixin/]: Registering new injector for @ModifyArgs with org.spongepowered.asm.mixin.injection.struct.ModifyArgsInjectionInfo
[25Aug2026 11:23:49.238] [main/DEBUG] [mixin/]: Registering new injector for @Redirect with org.spongepowered.asm.mixin.injection.struct.RedirectInjectionInfo
[25Aug2026 11:23:49.239] [main/DEBUG] [mixin/]: Registering new injector for @ModifyVariable with org.spongepowered.asm.mixin.injection.struct.ModifyVariableInjectionInfo
[25Aug2026 11:23:49.239] [main/DEBUG] [mixin/]: Registering new injector for @ModifyConstant with org.spongepowered.asm.mixin.injection.struct.ModifyConstantInjectionInfo
[25Aug2026 11:23:49.249] [main/DEBUG] [mixin/]: Selecting config glitchcore.mixins.json
[25Aug2026 11:23:49.251] [main/DEBUG] [mixin/]: Selecting config glitchcore.forge.mixins.json
[25Aug2026 11:23:49.252] [main/DEBUG] [mixin/]: Selecting config sereneseasons.mixins.json
[25Aug2026 11:23:49.253] [main/DEBUG] [mixin/]: Selecting config sereneseasons.forge.mixins.json
[25Aug2026 11:23:49.255] [main/DEBUG] [mixin/]: Selecting config sophisticatedbackpacks.mixins.json
[25Aug2026 11:23:49.258] [main/DEBUG] [mixin/]: Selecting config takesapillage.mixins.json
[25Aug2026 11:23:49.259] [main/DEBUG] [mixin/]: Selecting config mixins.superbwarfare.json
[25Aug2026 11:23:49.261] [main/DEBUG] [mixin/]: Selecting config carryon.mixins.json
[25Aug2026 11:23:49.262] [main/DEBUG] [mixin/]: Selecting config carryon.forge.mixins.json
[25Aug2026 11:23:49.263] [main/DEBUG] [mixin/]: Selecting config puzzlesaccessapi.common.mixins.json
[25Aug2026 11:23:49.264] [main/WARN] [mixin/]: Reference map 'puzzlesaccessapi.common.refmap.json' for puzzlesaccessapi.common.mixins.json could not be read. If this is a development environment you can ignore this message
[25Aug2026 11:23:49.264] [main/DEBUG] [mixin/]: Selecting config puzzlesaccessapi.forge.mixins.json
[25Aug2026 11:23:49.265] [main/DEBUG] [mixin/]: Selecting config farmersdelight.mixins.json
[25Aug2026 11:23:49.266] [main/DEBUG] [mixin/]: Selecting config fabric-api-base.init.mixins.json
[25Aug2026 11:23:49.274] [main/DEBUG] [mixin/]: Selecting config endrem.mixins.json
[25Aug2026 11:23:49.278] [main/DEBUG] [mixin/]: Selecting config another_furniture-common.mixins.json
[25Aug2026 11:23:49.278] [main/DEBUG] [mixin/]: Selecting config another_furniture.mixins.json
[25Aug2026 11:23:49.281] [main/DEBUG] [mixin/]: Selecting config curios.mixins.json
[25Aug2026 11:23:49.282] [main/DEBUG] [mixin/]: Selecting config flywheel.backend.mixins.json
[25Aug2026 11:23:49.283] [main/DEBUG] [mixin/]: Selecting config flywheel.impl.mixins.json
[25Aug2026 11:23:49.284] [main/DEBUG] [mixin/]: Selecting config ponder.mixins.json
[25Aug2026 11:23:49.285] [main/DEBUG] [mixin/]: Selecting config ponder-common.mixins.json
[25Aug2026 11:23:49.286] [main/DEBUG] [mixin/]: Selecting config simplebedrockmodel.mixins.json
[25Aug2026 11:23:49.287] [main/DEBUG] [mixin/]: Selecting config securitycraft.mixins.json
[25Aug2026 11:23:49.288] [main/DEBUG] [mixin/]: Selecting config bettervillage.mixins.json
[25Aug2026 11:23:49.289] [main/DEBUG] [mixin/]: Selecting config overweight_farming.mixins.json
[25Aug2026 11:23:49.290] [main/DEBUG] [mixin/]: Selecting config fabric-entity-events-v1.mixins.json
[25Aug2026 11:23:49.291] [main/DEBUG] [mixin/]: Selecting config fabric-entity-events-v1.client.mixins.json
[25Aug2026 11:23:49.292] [main/DEBUG] [mixin/]: Selecting config fracturepoint.mixins.json
[25Aug2026 11:23:49.293] [main/DEBUG] [mixin/]: Selecting config fracturepoint.jei.mixins.json
[25Aug2026 11:23:49.295] [main/DEBUG] [mixin/]: Selecting config fracturepoint.compat.mixins.json
[25Aug2026 11:23:49.296] [main/DEBUG] [mixin/]: Selecting config accessories-common.mixins.json
[25Aug2026 11:23:49.297] [main/DEBUG] [mixin/]: Selecting config accessories-neoforge.mixins.json
[25Aug2026 11:23:49.297] [main/DEBUG] [mixin/]: Selecting config architectury.mixins.json
[25Aug2026 11:23:49.300] [main/DEBUG] [mixin/]: Selecting config architectury-common.mixins.json
[25Aug2026 11:23:49.301] [main/DEBUG] [mixin/]: Selecting config FarmAndCharm-common.mixins.json
[25Aug2026 11:23:49.348] [main/DEBUG] [mixin/]: Selecting config FarmAndCharm.mixins.json
[25Aug2026 11:23:49.349] [main/DEBUG] [mixin/]: Selecting config justhammers-common.mixins.json
[25Aug2026 11:23:49.350] [main/WARN] [mixin/]: Reference map 'justhammers-common-refmap.json' for justhammers-common.mixins.json could not be read. If this is a development environment you can ignore this message
[25Aug2026 11:23:49.350] [main/DEBUG] [mixin/]: Selecting config justhammers.mixins.json
[25Aug2026 11:23:49.351] [main/DEBUG] [mixin/]: Selecting config moremobvariants.mixins.json
[25Aug2026 11:23:49.352] [main/DEBUG] [mixin/]: Selecting config fabric-object-builder-v1.mixins.json
[25Aug2026 11:23:49.353] [main/DEBUG] [mixin/]: Selecting config puzzleslib.common.mixins.json
[25Aug2026 11:23:49.376] [main/INFO] [Puzzles Lib/]: Loading 53 mods:
	- accessories 1.0.0-beta48+1.20.1
		|-- fabric_api_base 0.4.31+ef105b4977
		|-- fabric_data_attachment_api_v1 1.0.0+30ef839e77
		|-- fabric_entity_events_v1 1.6.0+6274ab9d77
		\-- fabric_object_builder_api_v1 11.1.3+2174fc8477
	- another_furniture 1.20.1-3.0.4
	- architectury 9.2.14
	- bettervillage 3.3.1
	- carryon 2.1.2.7
		\-- mixinextras 0.2.0-beta.6
	- chunky 1.3.146
	- easyanvils 8.0.2
	- easymagic 8.0.1
	- easyshulkerboxes 8.0.2
		\-- puzzlesapi 8.1.6
	- endrem 5.3.3-R-1.20.1
	- farm_and_charm 1.0.14
	- farmersdelight 1.20.1-1.3.3
	- forge 47.3.7
	- fracturepoint 3.0.0-PT2
	- geckolib 4.8.4
	- glitchcore 0.0.1.1
	- gravestone 1.20.1-1.0.35
	- incendium 5.3.5
	- justhammers 2.0.3+mc1.20.1
	- kotlinforforge 4.12.0
	- libraryferret 4.0.0
	- mcwdoors 1.1.5
	- mcwfences 1.2.1
	- mcwfurnitures 3.4.1
	- mcwwindows 2.4.2
	- minecraft 1.20.1
	- moremobvariants 1.3.0.1
	- mr_epicterrain 0.3.0
	- mr_ore_veinminer 1.2
	- nullscape 1.2.8
	- overweight_farming 1.20.1-2.1.0-forge
	- puzzleslib 8.1.33
		\-- puzzlesaccessapi 20.1.1
	- securitycraft 1.9.10
	- sereneseasons 9.1.0.3
	- sophisticatedbackpacks 3.24.67.2109
	- sophisticatedcore 1.3.84.2308
	- superbwarfare 0.8.9.1
		|-- cloth_config 11.1.106
		|-- curios 5.14.1+1.20.1
		|-- flywheel 1.0.5
		|-- ponder 1.0.91
		\-- simplebedrockmodel 2.5.1-forge-mc1.20.1
	- tacz 1.1.8-hotfix
	- takesapillage 1.0.3
	- treechop 0.18.8
	- visualworkbench 8.0.1
[25Aug2026 11:23:49.379] [main/DEBUG] [mixin/]: Selecting config puzzleslib.forge.mixins.json
[25Aug2026 11:23:49.381] [main/DEBUG] [mixin/]: Selecting config easyshulkerboxes.common.mixins.json
[25Aug2026 11:23:49.383] [main/DEBUG] [mixin/]: Preparing treechop.mixins.json (3)
[25Aug2026 11:23:49.599] [main/DEBUG] [mixin/]: Preparing easyanvils.common.mixins.json (5)
[25Aug2026 11:23:49.618] [main/DEBUG] [mixin/]: Preparing easyanvils.forge.mixins.json (0)
[25Aug2026 11:23:49.618] [main/DEBUG] [mixin/]: Preparing puzzlesapi.common.mixins.json (11)
[25Aug2026 11:23:49.666] [main/DEBUG] [net.minecraftforge.coremod.transformer.CoreModBaseTransformer/COREMOD]: Transforming net/minecraft/world/item/ItemStack
[25Aug2026 11:23:49.718] [main/DEBUG] [mixin/]: Preparing geckolib.mixins.json (1)
[25Aug2026 11:23:49.718] [main/DEBUG] [mixin/]: Preparing easymagic.common.mixins.json (5)
[25Aug2026 11:23:49.739] [main/DEBUG] [mixin/]: Preparing visualworkbench.common.mixins.json (2)
[25Aug2026 11:23:49.750] [main/DEBUG] [mixin/]: Preparing tacz.mixins.json (15)
[25Aug2026 11:23:49.814] [main/DEBUG] [mixin/]: Preparing tacz.compat.acceleratedrendering.mixins.json (1)
[25Aug2026 11:23:49.814] [main/DEBUG] [mixin/]: Preparing sophisticatedcore.mixins.json (3)
[25Aug2026 11:23:49.821] [main/DEBUG] [mixin/]: Preparing sophisticatedcore.create.mixins.json (1)
[25Aug2026 11:23:49.821] [main/DEBUG] [mixin/]: Preparing fabric-data-attachment-api-v1.mixins.json (8)
[25Aug2026 11:23:49.861] [main/DEBUG] [mixin/]: Preparing fabric-data-attachment-api-v1.client.mixins.json (1)
[25Aug2026 11:23:49.861] [main/DEBUG] [mixin/]: Preparing mixinextras.init.mixins.json (0)
[25Aug2026 11:23:49.861] [main/DEBUG] [mixin/]: Preparing glitchcore.mixins.json (4)
[25Aug2026 11:23:49.862] [main/DEBUG] [mixin/]: Preparing glitchcore.forge.mixins.json (7)
[25Aug2026 11:23:49.872] [main/DEBUG] [mixin/]: Preparing sereneseasons.mixins.json (6)
[25Aug2026 11:23:49.896] [main/DEBUG] [net.minecraftforge.coremod.transformer.CoreModBaseTransformer/COREMOD]: Transforming net/minecraft/world/level/biome/Biome
[25Aug2026 11:23:49.915] [main/DEBUG] [mixin/]: Preparing sereneseasons.forge.mixins.json (0)
[25Aug2026 11:23:49.916] [main/DEBUG] [mixin/]: Preparing sophisticatedbackpacks.mixins.json (1)
[25Aug2026 11:23:49.930] [main/DEBUG] [mixin/]: Preparing takesapillage.mixins.json (3)
[25Aug2026 11:23:49.940] [main/DEBUG] [mixin/]: Preparing mixins.superbwarfare.json (43)
[25Aug2026 11:23:49.966] [main/DEBUG] [net.minecraftforge.coremod.transformer.CoreModBaseTransformer/COREMOD]: Transforming net/minecraft/world/entity/npc/Villager
[25Aug2026 11:23:50.238] [main/DEBUG] [mixin/]: Preparing carryon.mixins.json (5)
[25Aug2026 11:23:50.244] [main/DEBUG] [mixin/]: Preparing carryon.forge.mixins.json (0)
[25Aug2026 11:23:50.244] [main/DEBUG] [mixin/]: Preparing puzzlesaccessapi.common.mixins.json (0)
[25Aug2026 11:23:50.245] [main/DEBUG] [mixin/]: Preparing puzzlesaccessapi.forge.mixins.json (0)
[25Aug2026 11:23:50.245] [main/DEBUG] [mixin/]: Preparing farmersdelight.mixins.json (14)
[25Aug2026 11:23:50.275] [main/DEBUG] [mixin/]: Preparing fabric-api-base.init.mixins.json (0)
[25Aug2026 11:23:50.275] [main/DEBUG] [mixin/]: Preparing endrem.mixins.json (4)
[25Aug2026 11:23:50.285] [main/DEBUG] [mixin/]: Preparing another_furniture-common.mixins.json (1)
[25Aug2026 11:23:50.290] [main/DEBUG] [mixin/]: Preparing another_furniture.mixins.json (5)
[25Aug2026 11:23:50.299] [main/DEBUG] [mixin/]: Preparing curios.mixins.json (13)
[25Aug2026 11:23:50.349] [main/DEBUG] [mixin/]: Preparing flywheel.backend.mixins.json (9)
[25Aug2026 11:23:50.350] [main/DEBUG] [mixin/]: Preparing flywheel.impl.mixins.json (15)
[25Aug2026 11:23:50.350] [main/DEBUG] [mixin/]: Preparing ponder.mixins.json (1)
[25Aug2026 11:23:50.350] [main/DEBUG] [mixin/]: Preparing ponder-common.mixins.json (6)
[25Aug2026 11:23:50.350] [main/DEBUG] [mixin/]: Preparing simplebedrockmodel.mixins.json (5)
[25Aug2026 11:23:50.351] [main/DEBUG] [mixin/]: Preparing securitycraft.mixins.json (18)
[25Aug2026 11:23:50.395] [main/DEBUG] [mixin/]: Preparing bettervillage.mixins.json (2)
[25Aug2026 11:23:50.400] [main/DEBUG] [mixin/]: Preparing overweight_farming.mixins.json (2)
[25Aug2026 11:23:50.405] [main/DEBUG] [mixin/]: Preparing fabric-entity-events-v1.mixins.json (9)
[25Aug2026 11:23:50.412] [main/DEBUG] [net.minecraftforge.coremod.transformer.CoreModBaseTransformer/COREMOD]: Transforming net/minecraft/world/entity/animal/frog/Tadpole
[25Aug2026 11:23:50.491] [main/DEBUG] [mixin/]: Preparing fabric-entity-events-v1.client.mixins.json (1)
[25Aug2026 11:23:50.491] [main/DEBUG] [mixin/]: Preparing fracturepoint.mixins.json (14)
[25Aug2026 11:23:50.498] [main/DEBUG] [mixin/]: @Mixin target com.tacz.guns.item.ModernKineticGunScriptAPI is public in fracturepoint.mixins.json:ModernKineticGunScriptAPIAccessor and should be specified in value
[25Aug2026 11:23:50.499] [main/DEBUG] [mixin/]: @Mixin target com.tacz.guns.item.ModernKineticGunScriptAPI is public in fracturepoint.mixins.json:ChestplateScriptAPIMixin and should be specified in value
[25Aug2026 11:23:50.502] [main/ERROR] [net.minecraftforge.fml.loading.RuntimeDistCleaner/DISTXFORM]: Attempted to load class net/minecraft/client/renderer/entity/LivingEntityRenderer for invalid dist DEDICATED_SERVER
[25Aug2026 11:23:50.503] [main/WARN] [mixin/]: Error loading class: net/minecraft/client/renderer/entity/LivingEntityRenderer (java.lang.RuntimeException: Attempted to load class net/minecraft/client/renderer/entity/LivingEntityRenderer for invalid dist DEDICATED_SERVER)
[25Aug2026 11:23:50.503] [main/WARN] [mixin/]: @Mixin target net.minecraft.client.renderer.entity.LivingEntityRenderer was not found fracturepoint.mixins.json:MixinLivingEntityRenderer
[25Aug2026 11:23:50.503] [main/DEBUG] [mixin/]: Preparing fracturepoint.jei.mixins.json (1)
[25Aug2026 11:23:50.503] [main/DEBUG] [mixin/]: Preparing fracturepoint.compat.mixins.json (3)
[25Aug2026 11:23:50.503] [main/DEBUG] [mixin/]: Preparing accessories-common.mixins.json (30)
[25Aug2026 11:23:50.607] [main/ERROR] [net.minecraftforge.fml.loading.RuntimeDistCleaner/DISTXFORM]: Attempted to load class net/minecraft/client/renderer/LevelRenderer for invalid dist DEDICATED_SERVER
[25Aug2026 11:23:50.608] [main/WARN] [mixin/]: Error loading class: net/minecraft/client/renderer/LevelRenderer (java.lang.RuntimeException: Attempted to load class net/minecraft/client/renderer/LevelRenderer for invalid dist DEDICATED_SERVER)
[25Aug2026 11:23:50.608] [main/WARN] [mixin/]: @Mixin target net.minecraft.client.renderer.LevelRenderer was not found accessories-common.mixins.json:LevelRendererAccessor
[25Aug2026 11:23:50.788] [main/DEBUG] [mixin/]: Preparing accessories-neoforge.mixins.json (2)
[25Aug2026 11:23:50.788] [main/DEBUG] [mixin/]: Preparing architectury.mixins.json (9)
[25Aug2026 11:23:50.797] [main/DEBUG] [mixin/]: Preparing architectury-common.mixins.json (10)
[25Aug2026 11:23:50.800] [main/DEBUG] [net.minecraftforge.coremod.transformer.CoreModBaseTransformer/COREMOD]: Transforming net/minecraft/world/item/BucketItem
[25Aug2026 11:23:50.806] [main/DEBUG] [net.minecraftforge.coremod.transformer.CoreModBaseTransformer/COREMOD]: Transforming net/minecraft/world/entity/EntityType
[25Aug2026 11:23:50.879] [main/DEBUG] [net.minecraftforge.coremod.transformer.CoreModBaseTransformer/COREMOD]: Transforming net/minecraft/world/level/block/LiquidBlock
[25Aug2026 11:23:50.885] [main/DEBUG] [mixin/]: Preparing FarmAndCharm-common.mixins.json (20)
[25Aug2026 11:23:50.912] [main/DEBUG] [net.minecraftforge.coremod.transformer.CoreModBaseTransformer/COREMOD]: Transforming net/minecraft/world/entity/monster/Zombie
[25Aug2026 11:23:50.971] [main/DEBUG] [mixin/]: Preparing FarmAndCharm.mixins.json (1)
[25Aug2026 11:23:50.974] [main/DEBUG] [mixin/]: Preparing justhammers-common.mixins.json (0)
[25Aug2026 11:23:50.974] [main/DEBUG] [mixin/]: Preparing justhammers.mixins.json (1)
[25Aug2026 11:23:50.976] [main/DEBUG] [mixin/]: Preparing moremobvariants.mixins.json (25)
[25Aug2026 11:23:50.986] [main/DEBUG] [net.minecraftforge.coremod.transformer.CoreModBaseTransformer/COREMOD]: Transforming net/minecraft/world/entity/monster/Spider
[25Aug2026 11:23:51.002] [main/DEBUG] [mixin/]: Preparing fabric-object-builder-v1.mixins.json (5)
[25Aug2026 11:23:51.009] [main/DEBUG] [mixin/]: Preparing puzzleslib.common.mixins.json (7)
[25Aug2026 11:23:51.015] [main/DEBUG] [mixin/]: Preparing puzzleslib.forge.mixins.json (13)
[25Aug2026 11:23:51.031] [main/DEBUG] [mixin/]: Preparing easyshulkerboxes.common.mixins.json (1)
[25Aug2026 11:23:51.130] [main/DEBUG] [mixin/]: Inner class glitchcore/forge/mixin/impl/MixinPacketHandler$1 in glitchcore/forge/mixin/impl/MixinPacketHandler on glitchcore/network/PacketHandler gets unique name glitchcore/network/PacketHandler$Anonymous$321f11017dc44aeb836e582ca64ca7d8
[25Aug2026 11:23:51.202] [main/ERROR] [mixin/]: accessories-common.mixins.json:ContainerMixin: Interface mixin contains a non-public method! Found extendHasAnyMatching(Ljava/util/function/Predicate;Lorg/spongepowered/asm/mixin/injection/callback/CallbackInfoReturnable;)V in accessories-common.mixins.json:ContainerMixin
org.spongepowered.asm.mixin.transformer.throwables.InvalidInterfaceMixinException: Interface mixin contains a non-public method! Found extendHasAnyMatching(Ljava/util/function/Predicate;Lorg/spongepowered/asm/mixin/injection/callback/CallbackInfoReturnable;)V in accessories-common.mixins.json:ContainerMixin
	at org.spongepowered.asm.mixin.transformer.MixinPreProcessorInterface.prepareMethod(MixinPreProcessorInterface.java:65) ~[mixin-0.8.5.jar%2365!/:0.8.5+Jenkins-b310.git-155314e6e91465dad727e621a569906a410cd6f4]
	at org.spongepowered.asm.mixin.transformer.MixinPreProcessorStandard.prepare(MixinPreProcessorStandard.java:187) ~[mixin-0.8.5.jar%2365!/:0.8.5+Jenkins-b310.git-155314e6e91465dad727e621a569906a410cd6f4]
	at org.spongepowered.asm.mixin.transformer.MixinInfo$State.validate(MixinInfo.java:322) ~[mixin-0.8.5.jar%2365!/:0.8.5+Jenkins-b310.git-155314e6e91465dad727e621a569906a410cd6f4]
	at org.spongepowered.asm.mixin.transformer.MixinInfo.validate(MixinInfo.java:913) ~[mixin-0.8.5.jar%2365!/:0.8.5+Jenkins-b310.git-155314e6e91465dad727e621a569906a410cd6f4]
	at org.spongepowered.asm.mixin.transformer.MixinConfig.postInitialise(MixinConfig.java:801) ~[mixin-0.8.5.jar%2365!/:0.8.5+Jenkins-b310.git-155314e6e91465dad727e621a569906a410cd6f4]
	at org.spongepowered.asm.mixin.transformer.MixinProcessor.prepareConfigs(MixinProcessor.java:567) ~[mixin-0.8.5.jar%2365!/:0.8.5+Jenkins-b310.git-155314e6e91465dad727e621a569906a410cd6f4]
	at org.spongepowered.asm.mixin.transformer.MixinProcessor.select(MixinProcessor.java:462) ~[mixin-0.8.5.jar%2365!/:0.8.5+Jenkins-b310.git-155314e6e91465dad727e621a569906a410cd6f4]
	at org.spongepowered.asm.mixin.transformer.MixinProcessor.checkSelect(MixinProcessor.java:438) ~[mixin-0.8.5.jar%2365!/:0.8.5+Jenkins-b310.git-155314e6e91465dad727e621a569906a410cd6f4]
	at org.spongepowered.asm.mixin.transformer.MixinProcessor.applyMixins(MixinProcessor.java:290) ~[mixin-0.8.5.jar%2365!/:0.8.5+Jenkins-b310.git-155314e6e91465dad727e621a569906a410cd6f4]
	at org.spongepowered.asm.mixin.transformer.MixinTransformer.transformClass(MixinTransformer.java:250) ~[mixin-0.8.5.jar%2365!/:0.8.5+Jenkins-b310.git-155314e6e91465dad727e621a569906a410cd6f4]
	at org.spongepowered.asm.service.modlauncher.MixinTransformationHandler.processClass(MixinTransformationHandler.java:131) ~[mixin-0.8.5.jar%2365!/:0.8.5+Jenkins-b310.git-155314e6e91465dad727e621a569906a410cd6f4]
	at org.spongepowered.asm.launch.MixinLaunchPluginLegacy.processClass(MixinLaunchPluginLegacy.java:131) ~[mixin-0.8.5.jar%2365!/:0.8.5+Jenkins-b310.git-155314e6e91465dad727e621a569906a410cd6f4]
	at cpw.mods.modlauncher.serviceapi.ILaunchPluginService.processClassWithFlags(ILaunchPluginService.java:156) ~[modlauncher-10.0.9.jar%2355!/:10.0.9+10.0.9+main.dcd20f30]
	at cpw.mods.modlauncher.LaunchPluginHandler.offerClassNodeToPlugins(LaunchPluginHandler.java:88) ~[modlauncher-10.0.9.jar%2355!/:?]
	at cpw.mods.modlauncher.ClassTransformer.transform(ClassTransformer.java:120) ~[modlauncher-10.0.9.jar%2355!/:?]
	at cpw.mods.modlauncher.TransformingClassLoader.maybeTransformClassBytes(TransformingClassLoader.java:50) ~[modlauncher-10.0.9.jar%2355!/:?]
	at cpw.mods.cl.ModuleClassLoader.readerToClass(ModuleClassLoader.java:113) ~[securejarhandler-2.1.10.jar:?]
	at cpw.mods.cl.ModuleClassLoader.lambda$findClass$15(ModuleClassLoader.java:219) ~[securejarhandler-2.1.10.jar:?]
	at cpw.mods.cl.ModuleClassLoader.loadFromModule(ModuleClassLoader.java:229) ~[securejarhandler-2.1.10.jar:?]
	at cpw.mods.cl.ModuleClassLoader.findClass(ModuleClassLoader.java:219) ~[securejarhandler-2.1.10.jar:?]
	at java.lang.ClassLoader.loadClass(ClassLoader.java:637) ~[?:?]
	at java.lang.Class.forName(Class.java:547) ~[?:?]
	at net.minecraftforge.fml.loading.ImmediateWindowHandler$DummyProvider.lambda$updateModuleReads$1(ImmediateWindowHandler.java:145) ~[fmlloader-1.20.1-47.3.7.jar%2369!/:1.0]
	at java.util.Optional.map(Optional.java:260) ~[?:?]
	at net.minecraftforge.fml.loading.ImmediateWindowHandler$DummyProvider.updateModuleReads(ImmediateWindowHandler.java:145) ~[fmlloader-1.20.1-47.3.7.jar%2369!/:1.0]
	at net.minecraftforge.fml.loading.ImmediateWindowHandler.acceptGameLayer(ImmediateWindowHandler.java:71) ~[fmlloader-1.20.1-47.3.7.jar%2369!/:1.0]
	at net.minecraftforge.fml.loading.FMLLoader.beforeStart(FMLLoader.java:207) ~[fmlloader-1.20.1-47.3.7.jar%2369!/:1.0]
	at net.minecraftforge.fml.loading.targets.CommonLaunchHandler.launchService(CommonLaunchHandler.java:92) ~[fmlloader-1.20.1-47.3.7.jar%2369!/:?]
	at cpw.mods.modlauncher.LaunchServiceHandlerDecorator.launch(LaunchServiceHandlerDecorator.java:30) ~[modlauncher-10.0.9.jar%2355!/:?]
	at cpw.mods.modlauncher.LaunchServiceHandler.launch(LaunchServiceHandler.java:53) ~[modlauncher-10.0.9.jar%2355!/:?]
	at cpw.mods.modlauncher.LaunchServiceHandler.launch(LaunchServiceHandler.java:71) ~[modlauncher-10.0.9.jar%2355!/:?]
	at cpw.mods.modlauncher.Launcher.run(Launcher.java:108) ~[modlauncher-10.0.9.jar%2355!/:?]
	at cpw.mods.modlauncher.Launcher.main(Launcher.java:78) ~[modlauncher-10.0.9.jar%2355!/:?]
	at cpw.mods.modlauncher.BootstrapLaunchConsumer.accept(BootstrapLaunchConsumer.java:26) ~[modlauncher-10.0.9.jar%2355!/:?]
	at cpw.mods.modlauncher.BootstrapLaunchConsumer.accept(BootstrapLaunchConsumer.java:23) ~[modlauncher-10.0.9.jar%2355!/:?]
	at cpw.mods.bootstraplauncher.BootstrapLauncher.main(BootstrapLauncher.java:141) ~[bootstraplauncher-1.1.2.jar:?]
[25Aug2026 11:23:51.226] [main/DEBUG] [mixin/]: Inner class net/satisfy/farm_and_charm/forge/mixin/LeggingsItemMixin$1 in net/satisfy/farm_and_charm/forge/mixin/LeggingsItemMixin on net/satisfy/farm_and_charm/core/item/DungareesItem gets unique name net/satisfy/farm_and_charm/core/item/DungareesItem$Anonymous$87f2ac48209446c4aec2eb2b261d8d78
[25Aug2026 11:23:51.235] [main/DEBUG] [mixin/]: Prepared 208 mixins in 2.163 sec (10.4ms avg) (0ms load, 0ms transform, 0ms plugin)
[25Aug2026 11:23:51.272] [main/DEBUG] [io.netty.util.internal.logging.InternalLoggerFactory/]: Using SLF4J as the default logging framework
[25Aug2026 11:23:51.274] [main/DEBUG] [io.netty.util.ResourceLeakDetector/]: -Dio.netty.leakDetection.level: simple
[25Aug2026 11:23:51.274] [main/DEBUG] [io.netty.util.ResourceLeakDetector/]: -Dio.netty.leakDetection.targetRecords: 4
[25Aug2026 11:23:51.608] [main/DEBUG] [oshi.util.FileUtil/]: No oshi.properties file found from ClassLoader cpw.mods.modlauncher.TransformingClassLoader@dd4aec3
[25Aug2026 11:23:51.609] [main/DEBUG] [oshi.util.FileUtil/]: No oshi.properties file found from ClassLoader jdk.internal.loader.ClassLoaders$AppClassLoader@76ed5528
[25Aug2026 11:23:51.661] [main/DEBUG] [oshi.util.FileUtil/]: Reading file /proc/self/auxv
[25Aug2026 11:23:51.661] [main/DEBUG] [oshi.util.FileUtil/]: Reading file /proc/self/auxv
[25Aug2026 11:23:51.666] [main/DEBUG] [oshi.util.FileUtil/]: Reading file /proc/stat
[25Aug2026 11:23:51.673] [main/DEBUG] [oshi.util.FileUtil/]: Reading file /sys/devices/system/cpu/cpu0/topology/core_id
[25Aug2026 11:23:51.673] [main/DEBUG] [oshi.util.FileUtil/]: Reading file /sys/devices/system/cpu/cpu0/topology/core_id
[25Aug2026 11:23:51.673] [main/DEBUG] [oshi.util.FileUtil/]: Reading file /sys/devices/system/cpu/cpu0/topology/physical_package_id
[25Aug2026 11:23:51.673] [main/DEBUG] [oshi.util.FileUtil/]: Reading file /sys/devices/system/cpu/cpu0/topology/physical_package_id
[25Aug2026 11:23:51.673] [main/DEBUG] [oshi.util.FileUtil/]: Reading file /sys/devices/system/cpu/cpu0/cpu_capacity
[25Aug2026 11:23:51.675] [main/DEBUG] [oshi.util.FileUtil/]: Reading file /sys/devices/system/cpu/cpu1/topology/core_id
[25Aug2026 11:23:51.675] [main/DEBUG] [oshi.util.FileUtil/]: Reading file /sys/devices/system/cpu/cpu1/topology/core_id
[25Aug2026 11:23:51.675] [main/DEBUG] [oshi.util.FileUtil/]: Reading file /sys/devices/system/cpu/cpu1/topology/physical_package_id
[25Aug2026 11:23:51.675] [main/DEBUG] [oshi.util.FileUtil/]: Reading file /sys/devices/system/cpu/cpu1/topology/physical_package_id
[25Aug2026 11:23:51.675] [main/DEBUG] [oshi.util.FileUtil/]: Reading file /sys/devices/system/cpu/cpu1/cpu_capacity
[25Aug2026 11:23:51.676] [main/DEBUG] [oshi.util.FileUtil/]: Reading file /sys/devices/system/cpu/cpu2/topology/core_id
[25Aug2026 11:23:51.676] [main/DEBUG] [oshi.util.FileUtil/]: Reading file /sys/devices/system/cpu/cpu2/topology/core_id
[25Aug2026 11:23:51.676] [main/DEBUG] [oshi.util.FileUtil/]: Reading file /sys/devices/system/cpu/cpu2/topology/physical_package_id
[25Aug2026 11:23:51.676] [main/DEBUG] [oshi.util.FileUtil/]: Reading file /sys/devices/system/cpu/cpu2/topology/physical_package_id
[25Aug2026 11:23:51.676] [main/DEBUG] [oshi.util.FileUtil/]: Reading file /sys/devices/system/cpu/cpu2/cpu_capacity
[25Aug2026 11:23:51.676] [main/DEBUG] [oshi.util.FileUtil/]: Reading file /sys/devices/system/cpu/cpu3/topology/core_id
[25Aug2026 11:23:51.676] [main/DEBUG] [oshi.util.FileUtil/]: Reading file /sys/devices/system/cpu/cpu3/topology/core_id
[25Aug2026 11:23:51.676] [main/DEBUG] [oshi.util.FileUtil/]: Reading file /sys/devices/system/cpu/cpu3/topology/physical_package_id
[25Aug2026 11:23:51.677] [main/DEBUG] [oshi.util.FileUtil/]: Reading file /sys/devices/system/cpu/cpu3/topology/physical_package_id
[25Aug2026 11:23:51.677] [main/DEBUG] [oshi.util.FileUtil/]: Reading file /sys/devices/system/cpu/cpu3/cpu_capacity
[25Aug2026 11:23:51.678] [main/DEBUG] [oshi.util.FileUtil/]: Reading file /proc/cpuinfo
[25Aug2026 11:23:51.688] [main/DEBUG] [oshi.util.FileUtil/]: Reading file /proc/self/auxv
[25Aug2026 11:23:51.691] [main/DEBUG] [oshi.util.FileUtil/]: No oshi.architecture.properties file found from ClassLoader cpw.mods.modlauncher.TransformingClassLoader@dd4aec3
[25Aug2026 11:23:51.691] [main/DEBUG] [oshi.util.FileUtil/]: No oshi.architecture.properties file found from ClassLoader jdk.internal.loader.ClassLoaders$AppClassLoader@76ed5528
[25Aug2026 11:23:51.707] [main/DEBUG] [oshi.util.FileUtil/]: Reading file /proc/meminfo
[25Aug2026 11:23:51.708] [main/DEBUG] [oshi.util.FileUtil/]: Reading file /proc/meminfo
[25Aug2026 11:23:51.919] [main/INFO] [MixinExtras|Service/]: Initializing MixinExtras via com.llamalad7.mixinextras.service.MixinExtrasServiceImpl(version=0.4.1).
[25Aug2026 11:23:51.920] [main/DEBUG] [mixin/]: Registering new injector for @SugarWrapper with com.llamalad7.mixinextras.sugar.impl.SugarWrapperInjectionInfo
[25Aug2026 11:23:51.921] [main/DEBUG] [mixin/]: Registering new injector for @FactoryRedirectWrapper with com.llamalad7.mixinextras.wrapper.factory.FactoryRedirectWrapperInjectionInfo
[25Aug2026 11:23:51.924] [main/DEBUG] [mixin/]: Mixing inject.MixinGameEvent from architectury-common.mixins.json into net.minecraft.world.level.gameevent.GameEvent
[25Aug2026 11:23:51.954] [main/DEBUG] [mixin/]: Mixing accessor.ForgeRegistryForgeAccessor from puzzleslib.forge.mixins.json into net.minecraftforge.registries.ForgeRegistry
[25Aug2026 11:23:51.980] [main/DEBUG] [mixin/]: Mixing BlockMixin from another_furniture-common.mixins.json into net.minecraft.world.level.block.Block
[25Aug2026 11:23:51.986] [main/DEBUG] [mixin/]: Mixing inject.MixinBlock from architectury-common.mixins.json into net.minecraft.world.level.block.Block
[25Aug2026 11:23:51.987] [main/DEBUG] [mixin/]: Mixing accessor.BlockAccessor from puzzleslib.common.mixins.json into net.minecraft.world.level.block.Block
[25Aug2026 11:23:52.011] [main/DEBUG] [mixin/]: Mixing AbstractBlockAccessor from fabric-object-builder-v1.mixins.json into net.minecraft.world.level.block.state.BlockBehaviour
[25Aug2026 11:23:52.011] [main/DEBUG] [mixin/]: fabric-object-builder-v1.mixins.json:AbstractBlockAccessor: Class version 61 required is higher than the class version supported by the current version of Mixin (JAVA_16 supports class version 60)
[25Aug2026 11:23:52.022] [main/DEBUG] [mixin/]: Mixing MixinBlockStateBase from sereneseasons.mixins.json into net.minecraft.world.level.block.state.BlockBehaviour$BlockStateBase
[25Aug2026 11:23:52.027] [main/DEBUG] [mixin/]: Mixing BlockStateMixin from mixins.superbwarfare.json into net.minecraft.world.level.block.state.BlockBehaviour$BlockStateBase
[25Aug2026 11:23:52.108] [main/DEBUG] [mixin/]: Mixing EntityChopSettingsMixin from treechop.mixins.json into net.minecraft.world.entity.Entity
[25Aug2026 11:23:52.112] [main/DEBUG] [mixin/]: Mixing AttachmentTargetsMixin from fabric-data-attachment-api-v1.mixins.json into net.minecraft.world.entity.Entity
[25Aug2026 11:23:52.168] [main/DEBUG] [mixin/]: Mixing EntityMixin from fabric-data-attachment-api-v1.mixins.json into net.minecraft.world.entity.Entity
[25Aug2026 11:23:52.169] [main/DEBUG] [mixin/]: Mixing EntityMixin from mixins.superbwarfare.json into net.minecraft.world.entity.Entity
[25Aug2026 11:23:52.205] [main/DEBUG] [mixin/]: Mixing EntityOnGroundAccessor from mixins.superbwarfare.json into net.minecraft.world.entity.Entity
[25Aug2026 11:23:52.205] [main/DEBUG] [mixin/]: Mixing EntitySetPosRawMixin from mixins.superbwarfare.json into net.minecraft.world.entity.Entity
[25Aug2026 11:23:52.206] [main/DEBUG] [mixin/]: Mixing SteelPipeFallMixin from mixins.superbwarfare.json into net.minecraft.world.entity.Entity
[25Aug2026 11:23:52.216] [main/DEBUG] [mixin/]: Mixing EntityMixin from carryon.mixins.json into net.minecraft.world.entity.Entity
[25Aug2026 11:23:52.231] [main/DEBUG] [mixin/]: Mixing AccessorEntity from curios.mixins.json into net.minecraft.world.entity.Entity
[25Aug2026 11:23:52.231] [main/DEBUG] [mixin/]: Mixing accessor.EntityAccessor from ponder-common.mixins.json into net.minecraft.world.entity.Entity
[25Aug2026 11:23:52.231] [main/DEBUG] [mixin/]: Mixing EntityMixin from fabric-entity-events-v1.mixins.json into net.minecraft.world.entity.Entity
[25Aug2026 11:23:52.232] [main/DEBUG] [mixin/]: fabric-entity-events-v1.mixins.json:EntityMixin: Class version 61 required is higher than the class version supported by the current version of Mixin (JAVA_16 supports class version 60)
[25Aug2026 11:23:52.343] [main/DEBUG] [mixin/]: Mixing common.LivingEntityMixin from tacz.mixins.json into net.minecraft.world.entity.LivingEntity
[25Aug2026 11:23:52.349] [main/DEBUG] [mixin/]: Renaming synthetic method lambda$initialData$0()Lnet/minecraft/world/item/ItemStack; to md08027c$lambda$initialData$0$0 in tacz.mixins.json:common.LivingEntityMixin
[25Aug2026 11:23:52.387] [main/DEBUG] [mixin/]: Mixing LivingEntityMixin from mixins.superbwarfare.json into net.minecraft.world.entity.LivingEntity
[25Aug2026 11:23:52.408] [main/DEBUG] [mixin/]: Mixing MixinLivingEntity from curios.mixins.json into net.minecraft.world.entity.LivingEntity
[25Aug2026 11:23:52.410] [main/DEBUG] [mixin/]: Mixing LivingEntityMixin from fabric-entity-events-v1.mixins.json into net.minecraft.world.entity.LivingEntity
[25Aug2026 11:23:52.411] [main/DEBUG] [mixin/]: fabric-entity-events-v1.mixins.json:LivingEntityMixin: Class version 61 required is higher than the class version supported by the current version of Mixin (JAVA_16 supports class version 60)
[25Aug2026 11:23:52.452] [main/DEBUG] [mixin/]: Mixing elytra.LivingEntityMixin from fabric-entity-events-v1.mixins.json into net.minecraft.world.entity.LivingEntity
[25Aug2026 11:23:52.452] [main/DEBUG] [mixin/]: fabric-entity-events-v1.mixins.json:elytra.LivingEntityMixin: Class version 61 required is higher than the class version supported by the current version of Mixin (JAVA_16 supports class version 60)
[25Aug2026 11:23:52.457] [main/DEBUG] [mixin/]: Mixing LivingEntityAccessor from accessories-common.mixins.json into net.minecraft.world.entity.LivingEntity
[25Aug2026 11:23:52.458] [main/DEBUG] [mixin/]: Mixing LivingEntityMixin from accessories-common.mixins.json into net.minecraft.world.entity.LivingEntity
[25Aug2026 11:23:52.536] [main/DEBUG] [mixin/]: Mixing LivingEntityMixin from FarmAndCharm-common.mixins.json into net.minecraft.world.entity.LivingEntity
[25Aug2026 11:23:52.540] [main/DEBUG] [mixin/]: Mixing BeastMixin from mixins.superbwarfare.json into net.minecraft.world.entity.LivingEntity
[25Aug2026 11:23:52.750] [main/DEBUG] [mixin/]: Mixing AttachmentTargetsMixin from fabric-data-attachment-api-v1.mixins.json into net.minecraft.world.level.Level
[25Aug2026 11:23:52.756] [main/DEBUG] [mixin/]: Mixing MixinLevel from sereneseasons.mixins.json into net.minecraft.world.level.Level
[25Aug2026 11:23:52.758] [main/DEBUG] [mixin/]: Mixing LevelMixin from mixins.superbwarfare.json into net.minecraft.world.level.Level
[25Aug2026 11:23:52.758] [main/DEBUG] [mixin/]: Renaming synthetic method lambda$getEntities$1(Lnet/minecraft/world/phys/AABB;Lorg/spongepowered/asm/mixin/injection/callback/CallbackInfoReturnable;Lnet/minecraft/world/entity/Entity;)V to md08027c$lambda$getEntities$1$0 in mixins.superbwarfare.json:LevelMixin
[25Aug2026 11:23:52.758] [main/DEBUG] [mixin/]: Renaming synthetic method lambda$getEntities$0(Ljava/util/function/Predicate;Lnet/minecraft/world/entity/Entity;Lnet/minecraft/world/entity/Entity;)Z to md08027c$lambda$getEntities$0$1 in mixins.superbwarfare.json:LevelMixin
[25Aug2026 11:23:52.809] [main/DEBUG] [mixin/]: Mixing ServerWorldMixin from fabric-data-attachment-api-v1.mixins.json into net.minecraft.server.level.ServerLevel
[25Aug2026 11:23:52.811] [main/DEBUG] [mixin/]: Renaming synthetic method lambda$createAttachmentsPersistentState$1(Lnet/minecraft/server/level/ServerLevel;)Lnet/fabricmc/fabric/impl/attachment/AttachmentPersistentState; to md08027c$lambda$createAttachmentsPersistentState$1$0 in fabric-data-attachment-api-v1.mixins.json:ServerWorldMixin
[25Aug2026 11:23:52.811] [main/DEBUG] [mixin/]: Renaming synthetic method lambda$createAttachmentsPersistentState$0(Lnet/minecraft/server/level/ServerLevel;Lnet/minecraft/nbt/CompoundTag;)Lnet/fabricmc/fabric/impl/attachment/AttachmentPersistentState; to md08027c$lambda$createAttachmentsPersistentState$0$1 in fabric-data-attachment-api-v1.mixins.json:ServerWorldMixin
[25Aug2026 11:23:52.814] [main/DEBUG] [mixin/]: Mixing MixinServerLevel from glitchcore.mixins.json into net.minecraft.server.level.ServerLevel
[25Aug2026 11:23:52.815] [main/DEBUG] [mixin/]: Mixing MixinServerLevel from sereneseasons.mixins.json into net.minecraft.server.level.ServerLevel
[25Aug2026 11:23:52.886] [main/DEBUG] [mixin/]: Mixing accessor.PlayerAccessor from easymagic.common.mixins.json into net.minecraft.world.entity.player.Player
[25Aug2026 11:23:52.887] [main/DEBUG] [mixin/]: Mixing PlayerMixin from carryon.mixins.json into net.minecraft.world.entity.player.Player
[25Aug2026 11:23:52.891] [main/DEBUG] [mixin/]: Mixing NourishmentAlwaysEatMixin from farmersdelight.mixins.json into net.minecraft.world.entity.player.Player
[25Aug2026 11:23:52.892] [main/DEBUG] [mixin/]: Mixing PlayerEntityMixin from fabric-entity-events-v1.mixins.json into net.minecraft.world.entity.player.Player
[25Aug2026 11:23:52.892] [main/DEBUG] [mixin/]: fabric-entity-events-v1.mixins.json:PlayerEntityMixin: Class version 61 required is higher than the class version supported by the current version of Mixin (JAVA_16 supports class version 60)
[25Aug2026 11:23:52.893] [main/DEBUG] [mixin/]: Mixing elytra.PlayerEntityMixin from fabric-entity-events-v1.mixins.json into net.minecraft.world.entity.player.Player
[25Aug2026 11:23:52.893] [main/DEBUG] [mixin/]: fabric-entity-events-v1.mixins.json:elytra.PlayerEntityMixin: Class version 61 required is higher than the class version supported by the current version of Mixin (JAVA_16 supports class version 60)
[25Aug2026 11:23:52.895] [main/DEBUG] [mixin/]: Mixing PlayerMixin from mixins.superbwarfare.json into net.minecraft.world.entity.player.Player
[25Aug2026 11:23:52.957] [main/DEBUG] [mixin/]: Mixing inject.MixinFluid from architectury-common.mixins.json into net.minecraft.world.level.material.Fluid
[25Aug2026 11:23:52.962] [main/DEBUG] [mixin/]: Mixing PlacePumpkinPieMixin from farmersdelight.mixins.json into net.minecraft.world.item.Item
[25Aug2026 11:23:52.984] [main/DEBUG] [mixin/]: Mixing inject.MixinItem from architectury-common.mixins.json into net.minecraft.world.item.Item
[25Aug2026 11:23:53.004] [main/DEBUG] [net.minecraftforge.coremod.transformer.CoreModBaseTransformer/COREMOD]: Transforming net/minecraft/world/entity/EntityType
[25Aug2026 11:23:53.057] [main/DEBUG] [mixin/]: Mixing inject.MixinEntityType from architectury-common.mixins.json into net.minecraft.world.entity.EntityType
[25Aug2026 11:23:53.113] [main/DEBUG] [mixin/]: Mixing KeepRichSoilGiantTreeMixin from farmersdelight.mixins.json into net.minecraft.world.level.levelgen.feature.Feature
[25Aug2026 11:23:53.113] [main/DEBUG] [mixin/]: Renaming synthetic method lambda$keepRichSoil$0(Lnet/minecraft/world/level/block/state/BlockState;)Z to md08027c$lambda$keepRichSoil$0$0 in farmersdelight.mixins.json:KeepRichSoilGiantTreeMixin
[25Aug2026 11:23:53.156] [main/DEBUG] [mixin/]: Mixing FireBlockAccessor from another_furniture.mixins.json into net.minecraft.world.level.block.FireBlock
[25Aug2026 11:23:53.158] [main/DEBUG] [mixin/]: Mixing accessor.FireBlockForgeAccessor from puzzleslib.forge.mixins.json into net.minecraft.world.level.block.FireBlock
[25Aug2026 11:23:53.561] [main/DEBUG] [net.minecraftforge.coremod.transformer.CoreModBaseTransformer/COREMOD]: Transforming net/minecraft/world/level/block/LiquidBlock
[25Aug2026 11:23:53.562] [main/DEBUG] [mixin/]: Mixing inject.MixinLiquidBlock from architectury-common.mixins.json into net.minecraft.world.level.block.LiquidBlock
[25Aug2026 11:23:53.578] [main/DEBUG] [mixin/]: Mixing CuttingBoardDispenserMixin from farmersdelight.mixins.json into net.minecraft.world.level.block.DispenserBlock
[25Aug2026 11:23:53.608] [main/DEBUG] [mixin/]: Mixing DetectorRailBlockMixin from fabric-object-builder-v1.mixins.json into net.minecraft.world.level.block.DetectorRailBlock
[25Aug2026 11:23:53.609] [main/DEBUG] [mixin/]: fabric-object-builder-v1.mixins.json:DetectorRailBlockMixin: Class version 61 required is higher than the class version supported by the current version of Mixin (JAVA_16 supports class version 60)
[25Aug2026 11:23:53.610] [main/DEBUG] [mixin/]: Renaming synthetic method lambda$getCustomComparatorOutput$0(Lnet/minecraft/world/entity/Entity;)Z to md08027c$lambda$getCustomComparatorOutput$0$0 in fabric-object-builder-v1.mixins.json:DetectorRailBlockMixin
[25Aug2026 11:23:53.652] [main/DEBUG] [net.minecraftforge.coremod.transformer.CoreModBaseTransformer/COREMOD]: Transforming net/minecraft/world/level/block/StairBlock
[25Aug2026 11:23:53.663] [main/DEBUG] [mixin/]: Mixing CraftingTableBlockMixin from visualworkbench.common.mixins.json into net.minecraft.world.level.block.CraftingTableBlock
[25Aug2026 11:23:53.703] [main/DEBUG] [mixin/]: Mixing CropBlockMixin from FarmAndCharm-common.mixins.json into net.minecraft.world.level.block.CropBlock
[25Aug2026 11:23:53.722] [main/DEBUG] [mixin/]: Mixing KeepRichSoilUntrampledMixin from farmersdelight.mixins.json into net.minecraft.world.level.block.FarmBlock
[25Aug2026 11:23:53.726] [main/DEBUG] [mixin/]: Mixing FarmlandBlockMixin from FarmAndCharm-common.mixins.json into net.minecraft.world.level.block.FarmBlock
[25Aug2026 11:23:53.761] [main/DEBUG] [mixin/]: Mixing RopeFenceConnectionMixin from farmersdelight.mixins.json into net.minecraft.world.level.block.FenceBlock
[25Aug2026 11:23:53.792] [main/DEBUG] [mixin/]: Mixing EnchantmentTableBlockMixin from easymagic.common.mixins.json into net.minecraft.world.level.block.EnchantmentTableBlock
[25Aug2026 11:23:53.831] [main/DEBUG] [net.minecraftforge.coremod.transformer.CoreModBaseTransformer/COREMOD]: Transforming net/minecraft/world/level/block/FlowerPotBlock
[25Aug2026 11:23:53.849] [main/DEBUG] [mixin/]: Mixing AnvilBlockMixin from easyanvils.common.mixins.json into net.minecraft.world.level.block.AnvilBlock
[25Aug2026 11:23:53.947] [main/DEBUG] [mixin/]: Mixing CampfireBaleMixin from farmersdelight.mixins.json into net.minecraft.world.level.block.CampfireBlock
[25Aug2026 11:23:53.948] [main/DEBUG] [mixin/]: Mixing CampfireBlockMixin from FarmAndCharm-common.mixins.json into net.minecraft.world.level.block.CampfireBlock
[25Aug2026 11:23:54.042] [main/DEBUG] [mixin/]: Mixing MixinPowderSnowBlock from curios.mixins.json into net.minecraft.world.level.block.PowderSnowBlock
[25Aug2026 11:23:54.042] [main/DEBUG] [mixin/]: Mixing PowderSnowBlockMixin from accessories-common.mixins.json into net.minecraft.world.level.block.PowderSnowBlock
[25Aug2026 11:23:54.070] [main/DEBUG] [mixin/]: Mixing AbstractBlockSettingsAccessor from fabric-object-builder-v1.mixins.json into net.minecraft.world.level.block.state.BlockBehaviour$Properties
[25Aug2026 11:23:54.070] [main/DEBUG] [mixin/]: fabric-object-builder-v1.mixins.json:AbstractBlockSettingsAccessor: Class version 61 required is higher than the class version supported by the current version of Mixin (JAVA_16 supports class version 60)
[25Aug2026 11:23:54.213] [main/DEBUG] [mixin/]: Mixing AttachmentTargetsMixin from fabric-data-attachment-api-v1.mixins.json into net.minecraft.world.level.block.entity.BlockEntity
[25Aug2026 11:23:54.215] [main/DEBUG] [mixin/]: Mixing BlockEntityMixin from fabric-data-attachment-api-v1.mixins.json into net.minecraft.world.level.block.entity.BlockEntity
[25Aug2026 11:23:54.224] [main/DEBUG] [mixin/]: Mixing MixinFallingBlockEntity from architectury.mixins.json into net.minecraft.world.entity.item.FallingBlockEntity
[25Aug2026 11:23:54.523] [main/DEBUG] [mixin/]: Mixing KeepRichSoilTreeMixin from farmersdelight.mixins.json into net.minecraft.world.level.levelgen.feature.trunkplacers.TrunkPlacer
[25Aug2026 11:23:54.523] [main/DEBUG] [mixin/]: Renaming synthetic method lambda$cancelSetDirtIfRichSoil$0(Lnet/minecraft/world/level/block/state/BlockState;)Z to md08027c$lambda$cancelSetDirtIfRichSoil$0$0 in farmersdelight.mixins.json:KeepRichSoilTreeMixin
[25Aug2026 11:23:54.540] [main/DEBUG] [mixin/]: Mixing FeatureUtilsMixin from overweight_farming.mixins.json into net.minecraft.data.worldgen.features.FeatureUtils
[25Aug2026 11:23:54.547] [main/DEBUG] [mixin/]: Mixing ChiseledBookShelfBlockEntityMixin from easymagic.common.mixins.json into net.minecraft.world.level.block.entity.ChiseledBookShelfBlockEntity
[25Aug2026 11:23:54.747] [main/DEBUG] [mixin/]: Mixing accessor.AbstractContainerMenuAccessor from puzzleslib.common.mixins.json into net.minecraft.world.inventory.AbstractContainerMenu
[25Aug2026 11:23:54.752] [main/DEBUG] [mixin/]: Mixing accessor.CraftingMenuAccessor from visualworkbench.common.mixins.json into net.minecraft.world.inventory.CraftingMenu
[25Aug2026 11:23:54.759] [main/DEBUG] [mixin/]: Mixing AbstractFurnaceBlockEntityAccessor from another_furniture.mixins.json into net.minecraft.world.level.block.entity.AbstractFurnaceBlockEntity
[25Aug2026 11:23:54.759] [main/DEBUG] [mixin/]: Renaming @Invoker method invokeAdd(Ljava/util/Map;Lnet/minecraft/tags/TagKey;I)V to invokeAdd_$md$08027c$0 in another_furniture.mixins.json:AbstractFurnaceBlockEntityAccessor
[25Aug2026 11:23:54.759] [main/DEBUG] [mixin/]: Renaming @Invoker method invokeNotFurnaceFuel(Lnet/minecraft/world/item/Item;)Z to invokeNotFurnaceFuel_$md$08027c$1 in another_furniture.mixins.json:AbstractFurnaceBlockEntityAccessor
[25Aug2026 11:23:54.868] [main/DEBUG] [mixin/]: Mixing MobAccessor from sophisticatedbackpacks.mixins.json into net.minecraft.world.entity.Mob
[25Aug2026 11:23:54.868] [main/DEBUG] [mixin/]: Mixing MobRememberSpawnReasonMixin from takesapillage.mixins.json into net.minecraft.world.entity.Mob
[25Aug2026 11:23:54.870] [main/DEBUG] [mixin/]: Mixing MobMixin from mixins.superbwarfare.json into net.minecraft.world.entity.Mob
[25Aug2026 11:23:54.875] [main/DEBUG] [mixin/]: Mixing MobEntityMixin from fabric-entity-events-v1.mixins.json into net.minecraft.world.entity.Mob
[25Aug2026 11:23:54.875] [main/DEBUG] [mixin/]: fabric-entity-events-v1.mixins.json:MobEntityMixin: Class version 61 required is higher than the class version supported by the current version of Mixin (JAVA_16 supports class version 60)
[25Aug2026 11:23:54.875] [main/DEBUG] [mixin/]: Mixing MobAccessor from FarmAndCharm-common.mixins.json into net.minecraft.world.entity.Mob
[25Aug2026 11:23:54.875] [main/DEBUG] [mixin/]: Mixing MobVariantsMixin from moremobvariants.mixins.json into net.minecraft.world.entity.Mob
[25Aug2026 11:23:54.964] [main/DEBUG] [mixin/]: Mixing accessor.EnchantmentMenuAccessor from easymagic.common.mixins.json into net.minecraft.world.inventory.EnchantmentMenu
[25Aug2026 11:23:54.964] [main/DEBUG] [mixin/]: Mixing PlayerEnchantMixin from endrem.mixins.json into net.minecraft.world.inventory.EnchantmentMenu
[25Aug2026 11:23:54.978] [main/DEBUG] [net.minecraftforge.coremod.transformer.CoreModBaseTransformer/COREMOD]: Transforming net/minecraft/world/item/ItemStack
[25Aug2026 11:23:54.979] [main/DEBUG] [mixin/]: Mixing iteminteractions.ItemStackMixin from puzzlesapi.common.mixins.json into net.minecraft.world.item.ItemStack
[25Aug2026 11:23:54.980] [main/DEBUG] [mixin/]: Renaming synthetic method lambda$overrideOtherStackedOnMe$3(Lfuzs/puzzlesapi/api/iteminteractions/v1/provider/ItemContainerProvider;Lnet/minecraft/world/item/ItemStack;Lnet/minecraft/world/entity/player/Player;Lnet/minecraft/world/item/ItemStack;)I to md08027c$lambda$overrideOtherStackedOnMe$3$0 in puzzlesapi.common.mixins.json:iteminteractions.ItemStackMixin
[25Aug2026 11:23:54.980] [main/DEBUG] [mixin/]: Renaming synthetic method lambda$overrideOtherStackedOnMe$2(Lfuzs/puzzlesapi/api/iteminteractions/v1/provider/ItemContainerProvider;Lnet/minecraft/world/item/ItemStack;Lnet/minecraft/world/entity/player/Player;)Lnet/minecraft/world/SimpleContainer; to md08027c$lambda$overrideOtherStackedOnMe$2$1 in puzzlesapi.common.mixins.json:iteminteractions.ItemStackMixin
[25Aug2026 11:23:54.980] [main/DEBUG] [mixin/]: Renaming synthetic method lambda$overrideStackedOnOther$1(Lfuzs/puzzlesapi/api/iteminteractions/v1/provider/ItemContainerProvider;Lnet/minecraft/world/item/ItemStack;Lnet/minecraft/world/entity/player/Player;Lnet/minecraft/world/item/ItemStack;)I to md08027c$lambda$overrideStackedOnOther$1$2 in puzzlesapi.common.mixins.json:iteminteractions.ItemStackMixin
[25Aug2026 11:23:54.980] [main/DEBUG] [mixin/]: Renaming synthetic method lambda$overrideStackedOnOther$0(Lfuzs/puzzlesapi/api/iteminteractions/v1/provider/ItemContainerProvider;Lnet/minecraft/world/item/ItemStack;Lnet/minecraft/world/entity/player/Player;)Lnet/minecraft/world/SimpleContainer; to md08027c$lambda$overrideStackedOnOther$0$3 in puzzlesapi.common.mixins.json:iteminteractions.ItemStackMixin
[25Aug2026 11:23:54.983] [main/DEBUG] [mixin/]: Mixing MixinItemStack from glitchcore.mixins.json into net.minecraft.world.item.ItemStack
[25Aug2026 11:23:55.065] [main/DEBUG] [mixin/]: Mixing accessor.AnvilMenuAccessor from easyanvils.common.mixins.json into net.minecraft.world.inventory.AnvilMenu
[25Aug2026 11:23:55.068] [main/DEBUG] [mixin/]: Mixing accessor.ItemCombinerMenuAccessor from easyanvils.common.mixins.json into net.minecraft.world.inventory.ItemCombinerMenu
[25Aug2026 11:23:55.223] [main/DEBUG] [mixin/]: Mixing AnimalEntityMixin from FarmAndCharm-common.mixins.json into net.minecraft.world.entity.animal.Animal
[25Aug2026 11:23:55.575] [main/DEBUG] [mixin/]: Mixing MixinLightningBolt from architectury-common.mixins.json into net.minecraft.world.entity.LightningBolt
[25Aug2026 11:23:55.642] [main/DEBUG] [net.minecraftforge.coremod.transformer.CoreModBaseTransformer/COREMOD]: Transforming net/minecraft/world/entity/animal/frog/Tadpole
[25Aug2026 11:23:55.650] [main/DEBUG] [mixin/]: Mixing TadpoleEntityMixin from fabric-entity-events-v1.mixins.json into net.minecraft.world.entity.animal.frog.Tadpole
[25Aug2026 11:23:55.651] [main/DEBUG] [mixin/]: fabric-entity-events-v1.mixins.json:TadpoleEntityMixin: Class version 61 required is higher than the class version supported by the current version of Mixin (JAVA_16 supports class version 60)
[25Aug2026 11:23:55.663] [main/DEBUG] [mixin/]: Mixing accessor.BlockItemAccessor from puzzleslib.common.mixins.json into net.minecraft.world.item.BlockItem
[25Aug2026 11:23:55.669] [main/DEBUG] [mixin/]: Mixing boat.BoatItemMixin from securitycraft.mixins.json into net.minecraft.world.item.BoatItem
[25Aug2026 11:23:55.678] [main/DEBUG] [mixin/]: Mixing SoupItemMixin from farmersdelight.mixins.json into net.minecraft.world.item.BowlFoodItem
[25Aug2026 11:23:55.684] [main/DEBUG] [net.minecraftforge.coremod.transformer.CoreModBaseTransformer/COREMOD]: Transforming net/minecraft/world/item/BucketItem
[25Aug2026 11:23:55.685] [main/DEBUG] [mixin/]: Mixing inject.MixinBucketItem from architectury-common.mixins.json into net.minecraft.world.item.BucketItem
[25Aug2026 11:23:55.690] [main/DEBUG] [mixin/]: Mixing iteminteractions.accessor.BundleItemAccessor from puzzlesapi.common.mixins.json into net.minecraft.world.item.BundleItem
[25Aug2026 11:23:55.690] [main/DEBUG] [mixin/]: Renaming @Invoker method puzzlesapi$getWeight(Lnet/minecraft/world/item/ItemStack;)I to puzzlesapi$getWeight_$md$08027c$0 in puzzlesapi.common.mixins.json:iteminteractions.accessor.BundleItemAccessor
[25Aug2026 11:23:55.696] [main/DEBUG] [mixin/]: Mixing MixinShearsItem from curios.mixins.json into net.minecraft.world.item.ShearsItem
[25Aug2026 11:23:55.699] [main/DEBUG] [mixin/]: Mixing EnderEyeItemMixin from endrem.mixins.json into net.minecraft.world.item.EnderEyeItem
[25Aug2026 11:23:55.705] [main/DEBUG] [mixin/]: Mixing reinforcedlectern.WritableAndWrittenBookItemMixin from securitycraft.mixins.json into net.minecraft.world.item.WritableBookItem
[25Aug2026 11:23:55.716] [main/DEBUG] [mixin/]: Mixing reinforcedlectern.WritableAndWrittenBookItemMixin from securitycraft.mixins.json into net.minecraft.world.item.WrittenBookItem
[25Aug2026 11:23:55.735] [main/DEBUG] [mixin/]: Mixing suspiciousmines.BrushItemMixin from securitycraft.mixins.json into net.minecraft.world.item.BrushItem
[25Aug2026 11:23:55.736] [main/DEBUG] [mixin/]: Renaming synthetic method lambda$securitycraft$checkForSuspiciousMine$1(Lnet/minecraft/world/entity/player/Player;)V to md08027c$lambda$securitycraft$checkForSuspiciousMine$1$0 in securitycraft.mixins.json:suspiciousmines.BrushItemMixin
[25Aug2026 11:23:55.736] [main/DEBUG] [mixin/]: Renaming synthetic method lambda$securitycraft$makeSuspiciousMinesBrushablePartTwo$0(Lnet/minecraft/world/entity/Entity;)Z to md08027c$lambda$securitycraft$makeSuspiciousMinesBrushablePartTwo$0$1 in securitycraft.mixins.json:suspiciousmines.BrushItemMixin
[25Aug2026 11:23:55.749] [main/DEBUG] [mixin/]: Mixing inject.MixinItemProperties from architectury-common.mixins.json into net.minecraft.world.item.Item$Properties
[25Aug2026 11:23:55.776] [main/DEBUG] [mixin/]: Mixing MixinAllay from sophisticatedcore.mixins.json into net.minecraft.world.entity.animal.allay.Allay
[25Aug2026 11:23:55.810] [main/DEBUG] [mixin/]: Mixing AbstractDecorationEntityMixin from bettervillage.mixins.json into net.minecraft.world.entity.decoration.HangingEntity
[25Aug2026 11:23:56.128] [main/DEBUG] [mixin/]: Mixing NbtCompoundMixin from accessories-common.mixins.json into net.minecraft.nbt.CompoundTag
[25Aug2026 11:23:56.132] [main/WARN] [mixin/]: @Inject(@At("INVOKE")) Shift.BY=2 on accessories-common.mixins.json:NbtCompoundMixin::handler$zgk000$adjustCheckForListVariants exceeds the maximum allowed value: 0. Increase the value of maxShiftBy to suppress this warning.
[25Aug2026 11:23:56.505] [main/DEBUG] [mixin/]: Mixing statues.accessor.ArmorStandAccessor from puzzlesapi.common.mixins.json into net.minecraft.world.entity.decoration.ArmorStand
[25Aug2026 11:23:56.528] [main/DEBUG] [mixin/]: Mixing TemptGoalAccessor from FarmAndCharm-common.mixins.json into net.minecraft.world.entity.ai.goal.TemptGoal
[25Aug2026 11:23:56.541] [main/DEBUG] [mixin/]: Mixing boat.BoatMixin from securitycraft.mixins.json into net.minecraft.world.entity.vehicle.Boat
[25Aug2026 11:23:56.549] [main/DEBUG] [mixin/]: Mixing AbstractHorseMixin from FarmAndCharm-common.mixins.json into net.minecraft.world.entity.animal.horse.AbstractHorse
[25Aug2026 11:23:56.561] [main/DEBUG] [mixin/]: Mixing CatMixin from FarmAndCharm-common.mixins.json into net.minecraft.world.entity.animal.Cat
[25Aug2026 11:23:56.563] [main/DEBUG] [mixin/]: Mixing CatVariantsMixin from moremobvariants.mixins.json into net.minecraft.world.entity.animal.Cat
[25Aug2026 11:23:56.579] [main/DEBUG] [mixin/]: Mixing CatTemptGoalMixin from FarmAndCharm-common.mixins.json into net.minecraft.world.entity.animal.Cat$CatTemptGoal
[25Aug2026 11:23:56.581] [main/DEBUG] [mixin/]: Mixing CatGiftChanceMixin from FarmAndCharm-common.mixins.json into net.minecraft.world.entity.animal.Cat$CatRelaxOnOwnerGoal
[25Aug2026 11:23:56.588] [main/DEBUG] [mixin/]: Mixing CatAvoidEntityGoalMixin from FarmAndCharm-common.mixins.json into net.minecraft.world.entity.animal.Cat$CatAvoidEntityGoal
[25Aug2026 11:23:56.592] [main/DEBUG] [net.minecraftforge.coremod.transformer.CoreModBaseTransformer/COREMOD]: Transforming net/minecraft/world/entity/monster/Spider
[25Aug2026 11:23:56.601] [main/DEBUG] [mixin/]: Mixing SpiderVariantsMixin from moremobvariants.mixins.json into net.minecraft.world.entity.monster.Spider
[25Aug2026 11:23:56.605] [main/DEBUG] [mixin/]: Mixing SkeletonVariantsMixin from moremobvariants.mixins.json into net.minecraft.world.entity.monster.Skeleton
[25Aug2026 11:23:56.618] [main/DEBUG] [mixin/]: Mixing ChickenMixin from FarmAndCharm-common.mixins.json into net.minecraft.world.entity.animal.Chicken
[25Aug2026 11:23:56.622] [main/DEBUG] [mixin/]: Mixing ChickenVariantsMixin from moremobvariants.mixins.json into net.minecraft.world.entity.animal.Chicken
[25Aug2026 11:23:56.637] [main/DEBUG] [mixin/]: Mixing CowVariantsMixin from moremobvariants.mixins.json into net.minecraft.world.entity.animal.Cow
[25Aug2026 11:23:56.653] [main/DEBUG] [net.minecraftforge.coremod.transformer.CoreModBaseTransformer/COREMOD]: Transforming net/minecraft/world/entity/monster/Zombie
[25Aug2026 11:23:56.682] [main/DEBUG] [mixin/]: Mixing ZombieMixin from FarmAndCharm-common.mixins.json into net.minecraft.world.entity.monster.Zombie
[25Aug2026 11:23:56.682] [main/DEBUG] [mixin/]: Mixing ZombieVariantsMixin from moremobvariants.mixins.json into net.minecraft.world.entity.monster.Zombie
[25Aug2026 11:23:56.690] [main/DEBUG] [net.minecraftforge.coremod.transformer.CoreModBaseTransformer/COREMOD]: Transforming net/minecraft/world/entity/monster/ZombieVillager
[25Aug2026 11:23:56.713] [main/DEBUG] [mixin/]: Mixing ChickenEggMixin from moremobvariants.mixins.json into net.minecraft.world.entity.projectile.ThrownEgg
[25Aug2026 11:23:56.728] [main/DEBUG] [mixin/]: Mixing EndermanMixin from accessories-common.mixins.json into net.minecraft.world.entity.monster.EnderMan
[25Aug2026 11:23:56.742] [main/DEBUG] [net.minecraftforge.coremod.transformer.CoreModBaseTransformer/COREMOD]: Transforming net/minecraft/world/entity/monster/Evoker$EvokerSummonSpellGoal
[25Aug2026 11:23:56.755] [main/DEBUG] [mixin/]: Mixing FoxMixin from FarmAndCharm-common.mixins.json into net.minecraft.world.entity.animal.Fox
[25Aug2026 11:23:56.820] [main/DEBUG] [mixin/]: Mixing ParrotMixin from FarmAndCharm-common.mixins.json into net.minecraft.world.entity.animal.Parrot
[25Aug2026 11:23:56.831] [main/DEBUG] [mixin/]: Mixing PigMixin from FarmAndCharm-common.mixins.json into net.minecraft.world.entity.animal.Pig
[25Aug2026 11:23:56.831] [main/DEBUG] [mixin/]: Mixing PigVariantsMixin from moremobvariants.mixins.json into net.minecraft.world.entity.animal.Pig
[25Aug2026 11:23:56.854] [main/DEBUG] [mixin/]: Mixing RabbitsEatCabbageMixin from farmersdelight.mixins.json into net.minecraft.world.entity.animal.Rabbit
[25Aug2026 11:23:56.854] [main/DEBUG] [mixin/]: Mixing RabbitMixin from FarmAndCharm-common.mixins.json into net.minecraft.world.entity.animal.Rabbit
[25Aug2026 11:23:56.863] [main/DEBUG] [mixin/]: Mixing SheepVariantsMixin from moremobvariants.mixins.json into net.minecraft.world.entity.animal.Sheep
[25Aug2026 11:23:56.879] [main/DEBUG] [net.minecraftforge.coremod.transformer.CoreModBaseTransformer/COREMOD]: Transforming net/minecraft/world/entity/animal/horse/SkeletonTrapGoal
[25Aug2026 11:23:56.894] [main/DEBUG] [net.minecraftforge.coremod.transformer.CoreModBaseTransformer/COREMOD]: Transforming net/minecraft/world/entity/monster/Strider
[25Aug2026 11:23:56.942] [main/DEBUG] [mixin/]: Mixing common.ServerPlayerMixin from tacz.mixins.json into net.minecraft.server.level.ServerPlayer
[25Aug2026 11:23:56.942] [main/DEBUG] [mixin/]: Mixing MixinServerPlayer from glitchcore.forge.mixins.json into net.minecraft.server.level.ServerPlayer
[25Aug2026 11:23:56.943] [main/DEBUG] [mixin/]: Mixing ServerPlayerEntityMixin from fabric-entity-events-v1.mixins.json into net.minecraft.server.level.ServerPlayer
[25Aug2026 11:23:56.943] [main/DEBUG] [mixin/]: fabric-entity-events-v1.mixins.json:ServerPlayerEntityMixin: Class version 61 required is higher than the class version supported by the current version of Mixin (JAVA_16 supports class version 60)
[25Aug2026 11:23:56.944] [main/DEBUG] [mixin/]: Mixing camera.ServerPlayerMixin from securitycraft.mixins.json into net.minecraft.server.level.ServerPlayer
[25Aug2026 11:23:56.965] [main/DEBUG] [mixin/]: Mixing VillagersTargetRichSoilMixin from farmersdelight.mixins.json into net.minecraft.world.entity.ai.sensing.SecondaryPoiSensor
[25Aug2026 11:23:56.979] [main/DEBUG] [mixin/]: Mixing ClayGolemSensorMixin from takesapillage.mixins.json into net.minecraft.world.entity.ai.sensing.GolemSensor
[25Aug2026 11:23:56.979] [main/DEBUG] [mixin/]: Renaming synthetic method lambda$checkForNearbyClayGolem$0(Lnet/minecraft/world/entity/LivingEntity;)Z to md08027c$lambda$checkForNearbyClayGolem$0$0 in takesapillage.mixins.json:ClayGolemSensorMixin
[25Aug2026 11:23:56.998] [main/DEBUG] [mixin/]: Mixing AttachmentTargetsMixin from fabric-data-attachment-api-v1.mixins.json into net.minecraft.world.level.chunk.ChunkAccess
[25Aug2026 11:23:57.007] [main/DEBUG] [mixin/]: Mixing WorldChunkMixin from fabric-data-attachment-api-v1.mixins.json into net.minecraft.world.level.chunk.LevelChunk
[25Aug2026 11:23:57.033] [main/DEBUG] [net.minecraftforge.coremod.transformer.CoreModBaseTransformer/COREMOD]: Transforming net/minecraft/world/entity/npc/Villager
[25Aug2026 11:23:57.094] [main/DEBUG] [mixin/]: Mixing VillagerMixin from mixins.superbwarfare.json into net.minecraft.world.entity.npc.Villager
[25Aug2026 11:23:57.127] [main/DEBUG] [mixin/]: Mixing WolfMixin from FarmAndCharm-common.mixins.json into net.minecraft.world.entity.animal.Wolf
[25Aug2026 11:23:57.131] [main/DEBUG] [mixin/]: Mixing WolfVariantsMixin from moremobvariants.mixins.json into net.minecraft.world.entity.animal.Wolf
[25Aug2026 11:23:57.149] [main/DEBUG] [mixin/]: Mixing FishingHookMixin from mixins.superbwarfare.json into net.minecraft.world.entity.projectile.FishingHook
[25Aug2026 11:23:57.155] [main/DEBUG] [mixin/]: Mixing EquipmentSlotMixin from accessories-common.mixins.json into net.minecraft.world.entity.EquipmentSlot
[25Aug2026 11:23:57.155] [main/DEBUG] [mixin/]: Renaming @Invoker method invokeNew(Ljava/lang/String;ILnet/minecraft/world/entity/EquipmentSlot$Type;IILjava/lang/String;)Lnet/minecraft/world/entity/EquipmentSlot; to invokeNew_$md$08027c$0 in accessories-common.mixins.json:EquipmentSlotMixin
[25Aug2026 11:23:57.157] [main/DEBUG] [mixin/]: Mixing EquipmentSlotTypeMixin from accessories-common.mixins.json into net.minecraft.world.entity.EquipmentSlot$Type
[25Aug2026 11:23:57.157] [main/DEBUG] [mixin/]: Renaming @Invoker method invokeNew(Ljava/lang/String;I)Lnet/minecraft/world/entity/EquipmentSlot$Type; to invokeNew_$md$08027c$0 in accessories-common.mixins.json:EquipmentSlotTypeMixin
[25Aug2026 11:23:57.167] [main/DEBUG] [mixin/]: Mixing inject.MixinFoodPropertiesBuilder from architectury-common.mixins.json into net.minecraft.world.food.FoodProperties$Builder
[25Aug2026 11:23:57.169] [main/DEBUG] [net.minecraftforge.coremod.transformer.CoreModBaseTransformer/COREMOD]: Transforming net/minecraft/world/effect/MobEffectInstance
[25Aug2026 11:23:57.193] [main/DEBUG] [mixin/]: Mixing common.ServerGamePacketListenerImplMixin from tacz.mixins.json into net.minecraft.server.network.ServerGamePacketListenerImpl
[25Aug2026 11:23:57.194] [main/DEBUG] [mixin/]: Mixing common.ServerPlayNetHandlerMixin from tacz.mixins.json into net.minecraft.server.network.ServerGamePacketListenerImpl
[25Aug2026 11:23:57.195] [main/DEBUG] [mixin/]: Mixing ServerPlayNetHandlerMixin from simplebedrockmodel.mixins.json into net.minecraft.server.network.ServerGamePacketListenerImpl
[25Aug2026 11:23:57.196] [main/DEBUG] [mixin/]: simplebedrockmodel.mixins.json:ServerPlayNetHandlerMixin: Class version 61 required is higher than the class version supported by the current version of Mixin (JAVA_8 supports class version 52)
[25Aug2026 11:23:57.212] [main/DEBUG] [mixin/]: Mixing accessor.PotionBrewingForgeAccessor from puzzleslib.forge.mixins.json into net.minecraft.world.item.alchemy.PotionBrewing
[25Aug2026 11:23:57.212] [main/DEBUG] [mixin/]: Renaming @Accessor method puzzleslib$getPotionMixes()Ljava/util/List; to puzzleslib$getPotionMixes_$md$08027c$0 in puzzleslib.forge.mixins.json:accessor.PotionBrewingForgeAccessor
[25Aug2026 11:23:57.212] [main/DEBUG] [mixin/]: Renaming @Accessor method puzzleslib$getContainerMixes()Ljava/util/List; to puzzleslib$getContainerMixes_$md$08027c$1 in puzzleslib.forge.mixins.json:accessor.PotionBrewingForgeAccessor
[25Aug2026 11:23:57.212] [main/DEBUG] [mixin/]: Renaming @Accessor method puzzleslib$getAllowedContainers()Ljava/util/List; to puzzleslib$getAllowedContainers_$md$08027c$2 in puzzleslib.forge.mixins.json:accessor.PotionBrewingForgeAccessor
[25Aug2026 11:23:57.266] [main/DEBUG] [mixin/]: Mixing potion.BrewingStandMenuMixin from securitycraft.mixins.json into net.minecraft.world.inventory.BrewingStandMenu
[25Aug2026 11:23:57.313] [main/DEBUG] [mixin/]: Mixing MixinInventory from curios.mixins.json into net.minecraft.world.entity.player.Inventory
[25Aug2026 11:23:57.313] [main/DEBUG] [mixin/]: Mixing InventoryMixin from carryon.mixins.json into net.minecraft.world.entity.player.Inventory
[25Aug2026 11:23:57.314] [main/DEBUG] [mixin/]: Mixing InventoryMixin from accessories-common.mixins.json into net.minecraft.world.entity.player.Inventory
[25Aug2026 11:23:57.314] [main/DEBUG] [mixin/]: Renaming synthetic method lambda$extendContainsCheck$2(Lnet/minecraft/tags/TagKey;Lnet/minecraft/world/item/ItemStack;)Z to md08027c$lambda$extendContainsCheck$2$0 in accessories-common.mixins.json:InventoryMixin
[25Aug2026 11:23:57.314] [main/DEBUG] [mixin/]: Renaming synthetic method lambda$extendContainsCheck$1(Lnet/minecraft/world/item/ItemStack;Lnet/minecraft/world/item/ItemStack;)Z to md08027c$lambda$extendContainsCheck$1$1 in accessories-common.mixins.json:InventoryMixin
[25Aug2026 11:23:57.314] [main/DEBUG] [mixin/]: Renaming synthetic method lambda$clearAccessories$0(Lcom/llamalad7/mixinextras/sugar/ref/LocalIntRef;Ljava/util/function/Predicate;ILjava/lang/String;Lio/wispforest/accessories/api/AccessoriesContainer;)V to md08027c$lambda$clearAccessories$0$2 in accessories-common.mixins.json:InventoryMixin
[25Aug2026 11:23:57.324] [main/DEBUG] [mixin/]: Mixing statues.accessor.SimpleContainerAccessor from puzzlesapi.common.mixins.json into net.minecraft.world.SimpleContainer
[25Aug2026 11:23:57.324] [main/DEBUG] [mixin/]: Mixing accessor.SimpleContainerAccessor from puzzleslib.common.mixins.json into net.minecraft.world.SimpleContainer
[25Aug2026 11:23:57.326] [main/DEBUG] [mixin/]: Mixing accessor.SlotAccessor from easyanvils.common.mixins.json into net.minecraft.world.inventory.Slot
[25Aug2026 11:23:57.327] [main/DEBUG] [mixin/]: Mixing SlotAccessor from accessories-common.mixins.json into net.minecraft.world.inventory.Slot
[25Aug2026 11:23:57.424] [main/DEBUG] [mixin/]: Mixing MixinApplyBonusCount from curios.mixins.json into net.minecraft.world.level.storage.loot.functions.ApplyBonusCount
[25Aug2026 11:23:57.425] [main/DEBUG] [mixin/]: Mixing ApplyBonusCountMixin from accessories-common.mixins.json into net.minecraft.world.level.storage.loot.functions.ApplyBonusCount
[25Aug2026 11:23:57.628] [main/DEBUG] [mixin/]: Mixing StructureSetMixin from bettervillage.mixins.json into net.minecraft.world.level.levelgen.structure.StructureSet
[25Aug2026 11:23:57.629] [main/DEBUG] [mixin/]: Renaming synthetic method lambda$onCreateStructureSet$1(Lnet/minecraft/world/level/levelgen/structure/StructureSet$StructureSelectionEntry;)Z to md08027c$lambda$onCreateStructureSet$1$0 in bettervillage.mixins.json:StructureSetMixin
[25Aug2026 11:23:57.629] [main/DEBUG] [mixin/]: Renaming synthetic method lambda$onCreateStructureSet$0(Lnet/minecraft/resources/ResourceKey;)Ljava/lang/Boolean; to md08027c$lambda$onCreateStructureSet$0$1 in bettervillage.mixins.json:StructureSetMixin
[25Aug2026 11:23:57.634] [main/DEBUG] [net.minecraftforge.coremod.transformer.CoreModBaseTransformer/COREMOD]: Transforming net/minecraft/world/level/levelgen/structure/Structure
[25Aug2026 11:23:57.663] [main/DEBUG] [mixin/]: Mixing StrongholdPiecesMixin from endrem.mixins.json into net.minecraft.world.level.levelgen.structure.structures.StrongholdPieces$PortalRoom
[25Aug2026 11:23:57.673] [main/DEBUG] [net.minecraftforge.coremod.transformer.CoreModBaseTransformer/COREMOD]: Transforming net/minecraft/world/level/levelgen/structure/structures/OceanRuinPieces$OceanRuinPiece
[25Aug2026 11:23:57.684] [main/DEBUG] [net.minecraftforge.coremod.transformer.CoreModBaseTransformer/COREMOD]: Transforming net/minecraft/world/level/levelgen/structure/structures/SwampHutPiece
[25Aug2026 11:23:57.694] [main/DEBUG] [net.minecraftforge.coremod.transformer.CoreModBaseTransformer/COREMOD]: Transforming net/minecraft/world/level/levelgen/structure/structures/OceanMonumentPieces$OceanMonumentPiece
[25Aug2026 11:23:57.710] [main/DEBUG] [net.minecraftforge.coremod.transformer.CoreModBaseTransformer/COREMOD]: Transforming net/minecraft/world/level/levelgen/structure/structures/WoodlandMansionPieces$WoodlandMansionPiece
[25Aug2026 11:23:57.815] [main/DEBUG] [net.minecraftforge.coremod.transformer.CoreModBaseTransformer/COREMOD]: Transforming net/minecraft/world/level/biome/Biome
[25Aug2026 11:23:57.815] [main/DEBUG] [mixin/]: Mixing MixinBiome from sereneseasons.mixins.json into net.minecraft.world.level.biome.Biome
[25Aug2026 11:23:57.849] [main/DEBUG] [mixin/]: Mixing accessor.MobSpawnSettingsBuilderForgeAccessor from puzzleslib.forge.mixins.json into net.minecraft.world.level.biome.MobSpawnSettings$Builder
[25Aug2026 11:23:57.871] [main/DEBUG] [mixin/]: Mixing RegistryOpsAccessor from accessories-common.mixins.json into net.minecraft.resources.RegistryOps
[25Aug2026 11:23:57.872] [main/DEBUG] [mixin/]: Mixing DelegatingOpsAccessor from accessories-common.mixins.json into net.minecraft.resources.DelegatingOps
[25Aug2026 11:23:58.114] [main/DEBUG] [net.minecraftforge.common.ForgeI18n/CORE]: Loading I18N data entries: 6430
[25Aug2026 11:23:58.130] [main/DEBUG] [net.minecraftforge.fml.ModWorkManager/LOADING]: Using 4 threads for parallel mod-loading
[25Aug2026 11:23:58.134] [main/DEBUG] [net.minecraftforge.fml.javafmlmod.FMLJavaModLanguageProvider/LOADING]: Loading FMLModContainer from classloader cpw.mods.modlauncher.TransformingClassLoader@dd4aec3 - got cpw.mods.cl.ModuleClassLoader@4c2869a9
[25Aug2026 11:23:58.135] [main/DEBUG] [net.minecraftforge.fml.javafmlmod.FMLModContainer/LOADING]: Creating FMLModContainer instance for ht.treechop.TreeChopForge
[25Aug2026 11:23:58.140] [main/DEBUG] [net.minecraftforge.fml.javafmlmod.FMLJavaModLanguageProvider/LOADING]: Loading FMLModContainer from classloader cpw.mods.modlauncher.TransformingClassLoader@dd4aec3 - got cpw.mods.cl.ModuleClassLoader@4c2869a9
[25Aug2026 11:23:58.140] [main/DEBUG] [net.minecraftforge.fml.javafmlmod.FMLModContainer/LOADING]: Creating FMLModContainer instance for fuzs.easyanvils.EasyAnvilsForge
[25Aug2026 11:23:58.140] [main/DEBUG] [net.minecraftforge.fml.javafmlmod.FMLJavaModLanguageProvider/LOADING]: Loading FMLModContainer from classloader cpw.mods.modlauncher.TransformingClassLoader@dd4aec3 - got cpw.mods.cl.ModuleClassLoader@4c2869a9
[25Aug2026 11:23:58.141] [main/DEBUG] [net.minecraftforge.fml.javafmlmod.FMLModContainer/LOADING]: Creating FMLModContainer instance for fuzs.puzzlesapi.impl.PuzzlesApiForge
[25Aug2026 11:23:58.141] [main/DEBUG] [net.minecraftforge.fml.javafmlmod.FMLJavaModLanguageProvider/LOADING]: Loading FMLModContainer from classloader cpw.mods.modlauncher.TransformingClassLoader@dd4aec3 - got cpw.mods.cl.ModuleClassLoader@4c2869a9
[25Aug2026 11:23:58.141] [main/DEBUG] [net.minecraftforge.fml.javafmlmod.FMLModContainer/LOADING]: Creating FMLModContainer instance for com.modrinth.Xl2GihRU.ModrinthWrapper
[25Aug2026 11:23:58.141] [main/DEBUG] [net.minecraftforge.fml.javafmlmod.FMLJavaModLanguageProvider/LOADING]: Loading FMLModContainer from classloader cpw.mods.modlauncher.TransformingClassLoader@dd4aec3 - got cpw.mods.cl.ModuleClassLoader@4c2869a9
[25Aug2026 11:23:58.141] [main/DEBUG] [net.minecraftforge.fml.javafmlmod.FMLModContainer/LOADING]: Creating FMLModContainer instance for software.bernie.example.GeckoLibMod
[25Aug2026 11:23:58.142] [main/DEBUG] [net.minecraftforge.fml.javafmlmod.FMLJavaModLanguageProvider/LOADING]: Loading FMLModContainer from classloader cpw.mods.modlauncher.TransformingClassLoader@dd4aec3 - got cpw.mods.cl.ModuleClassLoader@4c2869a9
[25Aug2026 11:23:58.142] [main/DEBUG] [net.minecraftforge.fml.javafmlmod.FMLModContainer/LOADING]: Creating FMLModContainer instance for fuzs.easymagic.EasyMagicForge
[25Aug2026 11:23:58.142] [main/DEBUG] [net.minecraftforge.fml.javafmlmod.FMLJavaModLanguageProvider/LOADING]: Loading FMLModContainer from classloader cpw.mods.modlauncher.TransformingClassLoader@dd4aec3 - got cpw.mods.cl.ModuleClassLoader@4c2869a9
[25Aug2026 11:23:58.142] [main/DEBUG] [net.minecraftforge.fml.javafmlmod.FMLModContainer/LOADING]: Creating FMLModContainer instance for fuzs.visualworkbench.VisualWorkbenchForge
[25Aug2026 11:23:58.143] [main/DEBUG] [net.minecraftforge.fml.javafmlmod.FMLJavaModLanguageProvider/LOADING]: Loading FMLModContainer from classloader cpw.mods.modlauncher.TransformingClassLoader@dd4aec3 - got cpw.mods.cl.ModuleClassLoader@4c2869a9
[25Aug2026 11:23:58.143] [main/DEBUG] [net.minecraftforge.fml.javafmlmod.FMLModContainer/LOADING]: Creating FMLModContainer instance for com.tacz.guns.GunMod
[25Aug2026 11:23:58.143] [main/DEBUG] [net.minecraftforge.fml.javafmlmod.FMLJavaModLanguageProvider/LOADING]: Loading FMLModContainer from classloader cpw.mods.modlauncher.TransformingClassLoader@dd4aec3 - got cpw.mods.cl.ModuleClassLoader@4c2869a9
[25Aug2026 11:23:58.143] [main/DEBUG] [net.minecraftforge.fml.javafmlmod.FMLModContainer/LOADING]: Creating FMLModContainer instance for com.jtorleonstudios.libraryferret.LibraryFerret
[25Aug2026 11:23:58.144] [main/DEBUG] [net.minecraftforge.fml.javafmlmod.FMLJavaModLanguageProvider/LOADING]: Loading FMLModContainer from classloader cpw.mods.modlauncher.TransformingClassLoader@dd4aec3 - got cpw.mods.cl.ModuleClassLoader@4c2869a9
[25Aug2026 11:23:58.144] [main/DEBUG] [net.minecraftforge.fml.javafmlmod.FMLModContainer/LOADING]: Creating FMLModContainer instance for com.mcwwindows.kikoz.MacawsWindows
[25Aug2026 11:23:58.145] [main/DEBUG] [net.minecraftforge.fml.lowcodemod.LowCodeModLanguageProvider.LowCodeModTarget/LOADING]: Loading LowCodeModContainer from classloader cpw.mods.modlauncher.TransformingClassLoader@dd4aec3 - got cpw.mods.cl.ModuleClassLoader@4c2869a9
[25Aug2026 11:23:58.145] [main/DEBUG] [net.minecraftforge.fml.lowcodemod.LowCodeModContainer/LOADING]: Creating LowCodeModContainer for incendium
[25Aug2026 11:23:58.145] [main/DEBUG] [net.minecraftforge.fml.javafmlmod.FMLJavaModLanguageProvider/LOADING]: Loading FMLModContainer from classloader cpw.mods.modlauncher.TransformingClassLoader@dd4aec3 - got cpw.mods.cl.ModuleClassLoader@4c2869a9
[25Aug2026 11:23:58.145] [main/DEBUG] [net.minecraftforge.fml.javafmlmod.FMLModContainer/LOADING]: Creating FMLModContainer instance for net.p3pp3rf1y.sophisticatedcore.SophisticatedCore
[25Aug2026 11:23:58.145] [main/DEBUG] [net.minecraftforge.fml.javafmlmod.FMLJavaModLanguageProvider/LOADING]: Loading FMLModContainer from classloader cpw.mods.modlauncher.TransformingClassLoader@dd4aec3 - got cpw.mods.cl.ModuleClassLoader@4c2869a9
[25Aug2026 11:23:58.146] [main/DEBUG] [net.minecraftforge.fml.javafmlmod.FMLModContainer/LOADING]: Creating FMLModContainer instance for net.fabricmc.fabric.impl.attachment.AttachmentEntrypoint
[25Aug2026 11:23:58.146] [main/DEBUG] [net.minecraftforge.fml.javafmlmod.FMLJavaModLanguageProvider/LOADING]: Loading FMLModContainer from classloader cpw.mods.modlauncher.TransformingClassLoader@dd4aec3 - got cpw.mods.cl.ModuleClassLoader@4c2869a9
[25Aug2026 11:23:58.146] [main/DEBUG] [net.minecraftforge.fml.javafmlmod.FMLModContainer/LOADING]: Creating FMLModContainer instance for com.llamalad7.mixinextras.platform.forge.MixinExtrasMod
[25Aug2026 11:23:58.146] [main/DEBUG] [net.minecraftforge.fml.javafmlmod.FMLJavaModLanguageProvider/LOADING]: Loading FMLModContainer from classloader cpw.mods.modlauncher.TransformingClassLoader@dd4aec3 - got cpw.mods.cl.ModuleClassLoader@4c2869a9
[25Aug2026 11:23:58.146] [main/DEBUG] [net.minecraftforge.fml.javafmlmod.FMLModContainer/LOADING]: Creating FMLModContainer instance for glitchcore.forge.GlitchCoreForge
[25Aug2026 11:23:58.147] [main/DEBUG] [net.minecraftforge.fml.javafmlmod.FMLJavaModLanguageProvider/LOADING]: Loading FMLModContainer from classloader cpw.mods.modlauncher.TransformingClassLoader@dd4aec3 - got cpw.mods.cl.ModuleClassLoader@4c2869a9
[25Aug2026 11:23:58.147] [main/DEBUG] [net.minecraftforge.fml.javafmlmod.FMLModContainer/LOADING]: Creating FMLModContainer instance for sereneseasons.forge.core.SereneSeasonsForge
[25Aug2026 11:23:58.147] [main/DEBUG] [net.minecraftforge.fml.javafmlmod.FMLJavaModLanguageProvider/LOADING]: Loading FMLModContainer from classloader cpw.mods.modlauncher.TransformingClassLoader@dd4aec3 - got cpw.mods.cl.ModuleClassLoader@4c2869a9
[25Aug2026 11:23:58.147] [main/DEBUG] [net.minecraftforge.fml.javafmlmod.FMLModContainer/LOADING]: Creating FMLModContainer instance for net.p3pp3rf1y.sophisticatedbackpacks.SophisticatedBackpacks
[25Aug2026 11:23:58.148] [main/DEBUG] [net.minecraftforge.fml.lowcodemod.LowCodeModLanguageProvider.LowCodeModTarget/LOADING]: Loading LowCodeModContainer from classloader cpw.mods.modlauncher.TransformingClassLoader@dd4aec3 - got cpw.mods.cl.ModuleClassLoader@4c2869a9
[25Aug2026 11:23:58.148] [main/DEBUG] [net.minecraftforge.fml.lowcodemod.LowCodeModContainer/LOADING]: Creating LowCodeModContainer for mr_epicterrain
[25Aug2026 11:23:58.148] [main/DEBUG] [net.minecraftforge.fml.javafmlmod.FMLJavaModLanguageProvider/LOADING]: Loading FMLModContainer from classloader cpw.mods.modlauncher.TransformingClassLoader@dd4aec3 - got cpw.mods.cl.ModuleClassLoader@4c2869a9
[25Aug2026 11:23:58.148] [main/DEBUG] [net.minecraftforge.fml.javafmlmod.FMLModContainer/LOADING]: Creating FMLModContainer instance for com.izofar.takesapillage.TakesAPillageMod
[25Aug2026 11:23:58.149] [main/DEBUG] [net.minecraftforge.fml.javafmlmod.FMLJavaModLanguageProvider/LOADING]: Loading FMLModContainer from classloader cpw.mods.modlauncher.TransformingClassLoader@dd4aec3 - got cpw.mods.cl.ModuleClassLoader@4c2869a9
[25Aug2026 11:23:58.149] [main/DEBUG] [net.minecraftforge.fml.javafmlmod.FMLModContainer/LOADING]: Creating FMLModContainer instance for com.mcwdoors.kikoz.MacawsDoors
[25Aug2026 11:23:58.150] [main/DEBUG] [thedarkcolour.kotlinforforge.LoggerKt/LOADING]: Loading KotlinModContainer from classloader cpw.mods.modlauncher.TransformingClassLoader@dd4aec3 - got cpw.mods.cl.ModuleClassLoader@4c2869a9}
[25Aug2026 11:23:58.150] [main/DEBUG] [thedarkcolour.kotlinforforge.LoggerKt/LOADING]: Creating KotlinModContainer instance for com.atsuishio.superbwarfare.Mod
[25Aug2026 11:23:58.152] [main/DEBUG] [net.minecraftforge.fml.javafmlmod.FMLJavaModLanguageProvider/LOADING]: Loading FMLModContainer from classloader cpw.mods.modlauncher.TransformingClassLoader@dd4aec3 - got cpw.mods.cl.ModuleClassLoader@4c2869a9
[25Aug2026 11:23:58.152] [main/DEBUG] [net.minecraftforge.fml.javafmlmod.FMLModContainer/LOADING]: Creating FMLModContainer instance for tschipp.carryon.CarryOnForge
[25Aug2026 11:23:58.152] [main/DEBUG] [net.minecraftforge.fml.javafmlmod.FMLJavaModLanguageProvider/LOADING]: Loading FMLModContainer from classloader cpw.mods.modlauncher.TransformingClassLoader@dd4aec3 - got cpw.mods.cl.ModuleClassLoader@4c2869a9
[25Aug2026 11:23:58.152] [main/DEBUG] [net.minecraftforge.fml.javafmlmod.FMLModContainer/LOADING]: Creating FMLModContainer instance for fuzs.puzzlesaccessapi.forge.PuzzlesAccessApiForge
[25Aug2026 11:23:58.153] [main/DEBUG] [net.minecraftforge.fml.javafmlmod.FMLJavaModLanguageProvider/LOADING]: Loading FMLModContainer from classloader cpw.mods.modlauncher.TransformingClassLoader@dd4aec3 - got cpw.mods.cl.ModuleClassLoader@4c2869a9
[25Aug2026 11:23:58.153] [main/DEBUG] [net.minecraftforge.fml.javafmlmod.FMLModContainer/LOADING]: Creating FMLModContainer instance for me.shedaniel.clothconfig.ClothConfigForge
[25Aug2026 11:23:58.153] [main/DEBUG] [net.minecraftforge.fml.javafmlmod.FMLJavaModLanguageProvider/LOADING]: Loading FMLModContainer from classloader cpw.mods.modlauncher.TransformingClassLoader@dd4aec3 - got cpw.mods.cl.ModuleClassLoader@4c2869a9
[25Aug2026 11:23:58.153] [main/DEBUG] [net.minecraftforge.fml.javafmlmod.FMLModContainer/LOADING]: Creating FMLModContainer instance for net.minecraftforge.common.ForgeMod
[25Aug2026 11:23:58.156] [main/DEBUG] [net.minecraftforge.fml.javafmlmod.FMLJavaModLanguageProvider/LOADING]: Loading FMLModContainer from classloader cpw.mods.modlauncher.TransformingClassLoader@dd4aec3 - got cpw.mods.cl.ModuleClassLoader@4c2869a9
[25Aug2026 11:23:58.156] [main/DEBUG] [net.minecraftforge.fml.javafmlmod.FMLModContainer/LOADING]: Creating FMLModContainer instance for vectorwing.farmersdelight.FarmersDelight
[25Aug2026 11:23:58.156] [main/DEBUG] [net.minecraftforge.fml.javafmlmod.FMLJavaModLanguageProvider/LOADING]: Loading FMLModContainer from classloader cpw.mods.modlauncher.TransformingClassLoader@dd4aec3 - got cpw.mods.cl.ModuleClassLoader@4c2869a9
[25Aug2026 11:23:58.156] [main/DEBUG] [net.minecraftforge.fml.javafmlmod.FMLModContainer/LOADING]: Creating FMLModContainer instance for net.fabricmc.fabric.impl.base.event.FabricApiBaseMod
[25Aug2026 11:23:58.157] [main/DEBUG] [net.minecraftforge.fml.javafmlmod.FMLJavaModLanguageProvider/LOADING]: Loading FMLModContainer from classloader cpw.mods.modlauncher.TransformingClassLoader@dd4aec3 - got cpw.mods.cl.ModuleClassLoader@4c2869a9
[25Aug2026 11:23:58.157] [main/DEBUG] [net.minecraftforge.fml.javafmlmod.FMLModContainer/LOADING]: Creating FMLModContainer instance for com.teamremastered.endrem.EndRemastered
[25Aug2026 11:23:58.157] [main/DEBUG] [net.minecraftforge.fml.javafmlmod.FMLJavaModLanguageProvider/LOADING]: Loading FMLModContainer from classloader cpw.mods.modlauncher.TransformingClassLoader@dd4aec3 - got cpw.mods.cl.ModuleClassLoader@4c2869a9
[25Aug2026 11:23:58.157] [main/DEBUG] [net.minecraftforge.fml.javafmlmod.FMLModContainer/LOADING]: Creating FMLModContainer instance for com.starfish_studios.another_furniture.forge.AnotherFurnitureForge
[25Aug2026 11:23:58.158] [main/DEBUG] [net.minecraftforge.fml.javafmlmod.FMLJavaModLanguageProvider/LOADING]: Loading FMLModContainer from classloader cpw.mods.modlauncher.TransformingClassLoader@dd4aec3 - got cpw.mods.cl.ModuleClassLoader@4c2869a9
[25Aug2026 11:23:58.158] [main/DEBUG] [net.minecraftforge.fml.javafmlmod.FMLModContainer/LOADING]: Creating FMLModContainer instance for org.popcraft.chunky.ChunkyForge
[25Aug2026 11:23:58.158] [main/DEBUG] [net.minecraftforge.fml.javafmlmod.FMLJavaModLanguageProvider/LOADING]: Loading FMLModContainer from classloader cpw.mods.modlauncher.TransformingClassLoader@dd4aec3 - got cpw.mods.cl.ModuleClassLoader@4c2869a9
[25Aug2026 11:23:58.159] [main/DEBUG] [net.minecraftforge.fml.javafmlmod.FMLModContainer/LOADING]: Creating FMLModContainer instance for com.mcwfences.kikoz.MacawsFences
[25Aug2026 11:23:58.159] [main/DEBUG] [thedarkcolour.kotlinforforge.LoggerKt/LOADING]: Loading KotlinModContainer from classloader cpw.mods.modlauncher.TransformingClassLoader@dd4aec3 - got cpw.mods.cl.ModuleClassLoader@4c2869a9}
[25Aug2026 11:23:58.159] [main/DEBUG] [thedarkcolour.kotlinforforge.LoggerKt/LOADING]: Creating KotlinModContainer instance for thedarkcolour.kotlinforforge.test.KotlinForForge
[25Aug2026 11:23:58.159] [main/DEBUG] [net.minecraftforge.fml.javafmlmod.FMLJavaModLanguageProvider/LOADING]: Loading FMLModContainer from classloader cpw.mods.modlauncher.TransformingClassLoader@dd4aec3 - got cpw.mods.cl.ModuleClassLoader@4c2869a9
[25Aug2026 11:23:58.159] [main/DEBUG] [net.minecraftforge.fml.javafmlmod.FMLModContainer/LOADING]: Creating FMLModContainer instance for top.theillusivec4.curios.Curios
[25Aug2026 11:23:58.160] [main/DEBUG] [net.minecraftforge.fml.javafmlmod.FMLJavaModLanguageProvider/LOADING]: Loading FMLModContainer from classloader cpw.mods.modlauncher.TransformingClassLoader@dd4aec3 - got cpw.mods.cl.ModuleClassLoader@4c2869a9
[25Aug2026 11:23:58.160] [main/DEBUG] [net.minecraftforge.fml.javafmlmod.FMLModContainer/LOADING]: Creating FMLModContainer instance for dev.engine_room.flywheel.impl.FlywheelForge
[25Aug2026 11:23:58.161] [main/DEBUG] [net.minecraftforge.fml.javafmlmod.FMLJavaModLanguageProvider/LOADING]: Loading FMLModContainer from classloader cpw.mods.modlauncher.TransformingClassLoader@dd4aec3 - got cpw.mods.cl.ModuleClassLoader@4c2869a9
[25Aug2026 11:23:58.161] [main/DEBUG] [net.minecraftforge.fml.javafmlmod.FMLModContainer/LOADING]: Creating FMLModContainer instance for net.createmod.ponder.ForgePonder
[25Aug2026 11:23:58.161] [main/DEBUG] [net.minecraftforge.fml.javafmlmod.FMLJavaModLanguageProvider/LOADING]: Loading FMLModContainer from classloader cpw.mods.modlauncher.TransformingClassLoader@dd4aec3 - got cpw.mods.cl.ModuleClassLoader@4c2869a9
[25Aug2026 11:23:58.161] [main/DEBUG] [net.minecraftforge.fml.javafmlmod.FMLModContainer/LOADING]: Creating FMLModContainer instance for com.github.mcmodderanchor.simplebedrockmodel.SimpleBedrockModel
[25Aug2026 11:23:58.162] [main/DEBUG] [net.minecraftforge.fml.javafmlmod.FMLJavaModLanguageProvider/LOADING]: Loading FMLModContainer from classloader cpw.mods.modlauncher.TransformingClassLoader@dd4aec3 - got cpw.mods.cl.ModuleClassLoader@4c2869a9
[25Aug2026 11:23:58.162] [main/DEBUG] [net.minecraftforge.fml.javafmlmod.FMLModContainer/LOADING]: Creating FMLModContainer instance for de.maxhenkel.gravestone.Main
[25Aug2026 11:23:58.163] [main/DEBUG] [net.minecraftforge.fml.javafmlmod.FMLJavaModLanguageProvider/LOADING]: Loading FMLModContainer from classloader cpw.mods.modlauncher.TransformingClassLoader@dd4aec3 - got cpw.mods.cl.ModuleClassLoader@4c2869a9
[25Aug2026 11:23:58.163] [main/DEBUG] [net.minecraftforge.fml.javafmlmod.FMLModContainer/LOADING]: Creating FMLModContainer instance for net.geforcemods.securitycraft.SecurityCraft
[25Aug2026 11:23:58.163] [main/DEBUG] [net.minecraftforge.fml.lowcodemod.LowCodeModLanguageProvider.LowCodeModTarget/LOADING]: Loading LowCodeModContainer from classloader cpw.mods.modlauncher.TransformingClassLoader@dd4aec3 - got cpw.mods.cl.ModuleClassLoader@4c2869a9
[25Aug2026 11:23:58.164] [main/DEBUG] [net.minecraftforge.fml.lowcodemod.LowCodeModContainer/LOADING]: Creating LowCodeModContainer for nullscape
[25Aug2026 11:23:58.164] [main/DEBUG] [net.minecraftforge.fml.javafmlmod.FMLJavaModLanguageProvider/LOADING]: Loading FMLModContainer from classloader cpw.mods.modlauncher.TransformingClassLoader@dd4aec3 - got cpw.mods.cl.ModuleClassLoader@4c2869a9
[25Aug2026 11:23:58.164] [main/DEBUG] [net.minecraftforge.fml.javafmlmod.FMLModContainer/LOADING]: Creating FMLModContainer instance for com.jtorleonstudios.bettervillage.Main
[25Aug2026 11:23:58.164] [main/DEBUG] [net.minecraftforge.fml.javafmlmod.FMLJavaModLanguageProvider/LOADING]: Loading FMLModContainer from classloader cpw.mods.modlauncher.TransformingClassLoader@dd4aec3 - got cpw.mods.cl.ModuleClassLoader@4c2869a9
[25Aug2026 11:23:58.164] [main/DEBUG] [net.minecraftforge.fml.javafmlmod.FMLModContainer/LOADING]: Creating FMLModContainer instance for net.orcinus.overweightfarming.OverweightFarming
[25Aug2026 11:23:58.165] [main/DEBUG] [net.minecraftforge.fml.javafmlmod.FMLJavaModLanguageProvider/LOADING]: Loading FMLModContainer from classloader cpw.mods.modlauncher.TransformingClassLoader@dd4aec3 - got cpw.mods.cl.ModuleClassLoader@4c2869a9
[25Aug2026 11:23:58.165] [main/DEBUG] [net.minecraftforge.fml.javafmlmod.FMLModContainer/LOADING]: Creating FMLModContainer instance for net.fabricmc.fabric.impl.entity.event.EntityEventsImpl
[25Aug2026 11:23:58.165] [main/DEBUG] [net.minecraftforge.fml.javafmlmod.FMLJavaModLanguageProvider/LOADING]: Loading FMLModContainer from classloader cpw.mods.modlauncher.TransformingClassLoader@dd4aec3 - got cpw.mods.cl.ModuleClassLoader@4c2869a9
[25Aug2026 11:23:58.165] [main/DEBUG] [net.minecraftforge.fml.javafmlmod.FMLModContainer/LOADING]: Creating FMLModContainer instance for com.raiiiden.warborn.WARBORN
[25Aug2026 11:23:58.165] [main/DEBUG] [net.minecraftforge.fml.javafmlmod.FMLJavaModLanguageProvider/LOADING]: Loading FMLModContainer from classloader cpw.mods.modlauncher.TransformingClassLoader@dd4aec3 - got cpw.mods.cl.ModuleClassLoader@4c2869a9
[25Aug2026 11:23:58.166] [main/DEBUG] [net.minecraftforge.fml.javafmlmod.FMLModContainer/LOADING]: Creating FMLModContainer instance for io.wispforest.accessories.neoforge.AccessoriesForge
[25Aug2026 11:23:58.166] [main/DEBUG] [net.minecraftforge.fml.javafmlmod.FMLJavaModLanguageProvider/LOADING]: Loading FMLModContainer from classloader cpw.mods.modlauncher.TransformingClassLoader@dd4aec3 - got cpw.mods.cl.ModuleClassLoader@4c2869a9
[25Aug2026 11:23:58.166] [main/DEBUG] [net.minecraftforge.fml.javafmlmod.FMLModContainer/LOADING]: Creating FMLModContainer instance for dev.architectury.forge.ArchitecturyForge
[25Aug2026 11:23:58.167] [main/DEBUG] [net.minecraftforge.fml.javafmlmod.FMLJavaModLanguageProvider/LOADING]: Loading FMLModContainer from classloader cpw.mods.modlauncher.TransformingClassLoader@dd4aec3 - got cpw.mods.cl.ModuleClassLoader@4c2869a9
[25Aug2026 11:23:58.167] [main/DEBUG] [net.minecraftforge.fml.javafmlmod.FMLModContainer/LOADING]: Creating FMLModContainer instance for net.satisfy.farm_and_charm.forge.FarmAndCharmForge
[25Aug2026 11:23:58.167] [main/DEBUG] [net.minecraftforge.fml.javafmlmod.FMLJavaModLanguageProvider/LOADING]: Loading FMLModContainer from classloader cpw.mods.modlauncher.TransformingClassLoader@dd4aec3 - got cpw.mods.cl.ModuleClassLoader@4c2869a9
[25Aug2026 11:23:58.167] [main/DEBUG] [net.minecraftforge.fml.javafmlmod.FMLModContainer/LOADING]: Creating FMLModContainer instance for pro.mikey.justhammers.forge.HammersForge
[25Aug2026 11:23:58.168] [main/DEBUG] [net.minecraftforge.fml.javafmlmod.FMLJavaModLanguageProvider/LOADING]: Loading FMLModContainer from classloader cpw.mods.modlauncher.TransformingClassLoader@dd4aec3 - got cpw.mods.cl.ModuleClassLoader@4c2869a9
[25Aug2026 11:23:58.168] [main/DEBUG] [net.minecraftforge.fml.javafmlmod.FMLModContainer/LOADING]: Creating FMLModContainer instance for com.github.nyuppo.MoreMobVariants
[25Aug2026 11:23:58.168] [main/DEBUG] [net.minecraftforge.fml.javafmlmod.FMLJavaModLanguageProvider/LOADING]: Loading FMLModContainer from classloader cpw.mods.modlauncher.TransformingClassLoader@dd4aec3 - got cpw.mods.cl.ModuleClassLoader@4c2869a9
[25Aug2026 11:23:58.168] [main/DEBUG] [net.minecraftforge.fml.javafmlmod.FMLModContainer/LOADING]: Creating FMLModContainer instance for net.fabricmc.fabric.impl.object.builder.ObjectBuilderApiImpl
[25Aug2026 11:23:58.169] [main/DEBUG] [net.minecraftforge.fml.javafmlmod.FMLJavaModLanguageProvider/LOADING]: Loading FMLModContainer from classloader cpw.mods.modlauncher.TransformingClassLoader@dd4aec3 - got cpw.mods.cl.ModuleClassLoader@4c2869a9
[25Aug2026 11:23:58.169] [main/DEBUG] [net.minecraftforge.fml.javafmlmod.FMLModContainer/LOADING]: Creating FMLModContainer instance for com.mcwfurnitures.kikoz.MacawsFurnitures
[25Aug2026 11:23:58.169] [main/DEBUG] [net.minecraftforge.fml.javafmlmod.FMLJavaModLanguageProvider/LOADING]: Loading FMLModContainer from classloader cpw.mods.modlauncher.TransformingClassLoader@dd4aec3 - got cpw.mods.cl.ModuleClassLoader@4c2869a9
[25Aug2026 11:23:58.169] [main/DEBUG] [net.minecraftforge.fml.javafmlmod.FMLModContainer/LOADING]: Creating FMLModContainer instance for fuzs.puzzleslib.impl.PuzzlesLibForge
[25Aug2026 11:23:58.170] [main/DEBUG] [net.minecraftforge.fml.javafmlmod.FMLJavaModLanguageProvider/LOADING]: Loading FMLModContainer from classloader cpw.mods.modlauncher.TransformingClassLoader@dd4aec3 - got cpw.mods.cl.ModuleClassLoader@4c2869a9
[25Aug2026 11:23:58.170] [main/DEBUG] [net.minecraftforge.fml.javafmlmod.FMLModContainer/LOADING]: Creating FMLModContainer instance for fuzs.easyshulkerboxes.EasyShulkerBoxesForge
[25Aug2026 11:23:58.182] [modloading-worker-0/DEBUG] [net.minecraftforge.fml.javafmlmod.AutomaticEventSubscriber/LOADING]: Attempting to inject @EventBusSubscriber classes into the eventbus for easyanvils
[25Aug2026 11:23:58.185] [modloading-worker-0/DEBUG] [net.minecraftforge.fml.javafmlmod.AutomaticEventSubscriber/LOADING]: Attempting to inject @EventBusSubscriber classes into the eventbus for mr_ore_veinminer
[25Aug2026 11:23:58.185] [modloading-worker-0/DEBUG] [net.minecraftforge.fml.javafmlmod.AutomaticEventSubscriber/LOADING]: Auto-subscribing fuzs.easyanvils.EasyAnvilsForge to MOD
[25Aug2026 11:23:58.186] [modloading-worker-0/DEBUG] [net.minecraftforge.fml.javafmlmod.AutomaticEventSubscriber/LOADING]: Attempting to inject @EventBusSubscriber classes into the eventbus for puzzlesapi
[25Aug2026 11:23:58.187] [modloading-worker-0/DEBUG] [net.minecraftforge.fml.javafmlmod.AutomaticEventSubscriber/LOADING]: Auto-subscribing fuzs.puzzlesapi.impl.PuzzlesApiForge to MOD
[25Aug2026 11:23:58.241] [modloading-worker-0/DEBUG] [net.minecraftforge.fml.config.ConfigTracker/CONFIG]: Config file treechop-common.toml for treechop tracking
[25Aug2026 11:23:58.242] [modloading-worker-0/DEBUG] [net.minecraftforge.fml.config.ConfigTracker/CONFIG]: Config file treechop-client.toml for treechop tracking
[25Aug2026 11:23:58.252] [modloading-worker-0/INFO] [Puzzles Lib/]: Constructing common components for puzzlesapi:iteminteractions
[25Aug2026 11:23:58.257] [modloading-worker-0/INFO] [Puzzles Lib/]: Constructing common components for easyanvils:main
[25Aug2026 11:23:58.269] [modloading-worker-0/DEBUG] [net.minecraftforge.fml.javafmlmod.AutomaticEventSubscriber/LOADING]: Attempting to inject @EventBusSubscriber classes into the eventbus for geckolib
[25Aug2026 11:23:58.270] [modloading-worker-0/DEBUG] [net.minecraftforge.fml.javafmlmod.AutomaticEventSubscriber/LOADING]: Auto-subscribing software.bernie.example.GeckoLibMod to FORGE
[25Aug2026 11:23:58.272] [modloading-worker-0/DEBUG] [net.minecraftforge.fml.javafmlmod.AutomaticEventSubscriber/LOADING]: Auto-subscribing software.bernie.example.CommonListener to MOD
[25Aug2026 11:23:58.273] [modloading-worker-0/DEBUG] [net.minecraftforge.fml.config.ConfigTracker/CONFIG]: Config file easyanvils-server.toml for easyanvils tracking
[25Aug2026 11:23:58.273] [modloading-worker-0/DEBUG] [net.minecraftforge.fml.config.ConfigTracker/CONFIG]: Config file puzzlesapi-iteminteractions-server.toml for puzzlesapi tracking
[25Aug2026 11:23:58.275] [modloading-worker-0/DEBUG] [net.minecraftforge.fml.javafmlmod.AutomaticEventSubscriber/LOADING]: Attempting to inject @EventBusSubscriber classes into the eventbus for easymagic
[25Aug2026 11:23:58.280] [modloading-worker-0/DEBUG] [net.minecraftforge.fml.javafmlmod.AutomaticEventSubscriber/LOADING]: Auto-subscribing fuzs.easymagic.EasyMagicForge to MOD
[25Aug2026 11:23:58.290] [modloading-worker-0/DEBUG] [net.minecraftforge.fml.javafmlmod.AutomaticEventSubscriber/LOADING]: Attempting to inject @EventBusSubscriber classes into the eventbus for treechop
[25Aug2026 11:23:58.291] [modloading-worker-0/DEBUG] [net.minecraftforge.fml.javafmlmod.AutomaticEventSubscriber/LOADING]: Auto-subscribing ht.treechop.server.ForgeServer to MOD
[25Aug2026 11:23:58.289] [modloading-worker-0/INFO] [Puzzles Lib/]: Constructing common components for easymagic:main
[25Aug2026 11:23:58.293] [modloading-worker-0/DEBUG] [net.minecraftforge.fml.config.ConfigTracker/CONFIG]: Config file easymagic-server.toml for easymagic tracking
[25Aug2026 11:23:58.295] [modloading-worker-0/DEBUG] [net.minecraftforge.fml.javafmlmod.AutomaticEventSubscriber/LOADING]: Auto-subscribing ht.treechop.compat.TreeChopForgeAPITest to MOD
[25Aug2026 11:23:58.297] [modloading-worker-0/DEBUG] [net.minecraftforge.fml.javafmlmod.AutomaticEventSubscriber/LOADING]: Auto-subscribing ht.treechop.compat.TheOneProbe to MOD
[25Aug2026 11:23:58.298] [modloading-worker-0/DEBUG] [net.minecraftforge.fml.javafmlmod.AutomaticEventSubscriber/LOADING]: Auto-subscribing ht.treechop.compat.SilentGear to MOD
[25Aug2026 11:23:58.300] [modloading-worker-0/DEBUG] [net.minecraftforge.fml.javafmlmod.AutomaticEventSubscriber/LOADING]: Auto-subscribing ht.treechop.compat.ProjectMMO to MOD
[25Aug2026 11:23:58.302] [modloading-worker-0/DEBUG] [net.minecraftforge.fml.javafmlmod.AutomaticEventSubscriber/LOADING]: Auto-subscribing ht.treechop.compat.NoChopRecursion to MOD
[25Aug2026 11:23:58.303] [modloading-worker-0/DEBUG] [net.minecraftforge.fml.javafmlmod.AutomaticEventSubscriber/LOADING]: Auto-subscribing ht.treechop.compat.NoChopOnRightClick to MOD
[25Aug2026 11:23:58.306] [modloading-worker-0/DEBUG] [net.minecraftforge.fml.javafmlmod.AutomaticEventSubscriber/LOADING]: Auto-subscribing ht.treechop.compat.MultiMine to MOD
[25Aug2026 11:23:58.308] [modloading-worker-0/DEBUG] [net.minecraftforge.fml.javafmlmod.AutomaticEventSubscriber/LOADING]: Auto-subscribing ht.treechop.compat.CarryOn to MOD
[25Aug2026 11:23:58.311] [modloading-worker-0/DEBUG] [net.minecraftforge.fml.javafmlmod.AutomaticEventSubscriber/LOADING]: Auto-subscribing ht.treechop.compat.Apotheosis to MOD
[25Aug2026 11:23:58.313] [modloading-worker-0/DEBUG] [net.minecraftforge.fml.javafmlmod.AutomaticEventSubscriber/LOADING]: Auto-subscribing ht.treechop.common.ForgeCommon to FORGE
[25Aug2026 11:23:58.325] [modloading-worker-0/DEBUG] [net.minecraftforge.fml.javafmlmod.AutomaticEventSubscriber/LOADING]: Attempting to inject @EventBusSubscriber classes into the eventbus for visualworkbench
[25Aug2026 11:23:58.325] [modloading-worker-0/DEBUG] [net.minecraftforge.fml.javafmlmod.AutomaticEventSubscriber/LOADING]: Auto-subscribing fuzs.visualworkbench.VisualWorkbenchForge to MOD
[25Aug2026 11:23:58.328] [modloading-worker-0/INFO] [Puzzles Lib/]: Constructing common components for visualworkbench:main
[25Aug2026 11:23:58.344] [modloading-worker-0/DEBUG] [net.minecraftforge.fml.config.ConfigTracker/CONFIG]: Config file tacz-common.toml for tacz tracking
[25Aug2026 11:23:58.349] [modloading-worker-0/DEBUG] [net.minecraftforge.fml.config.ConfigTracker/CONFIG]: Config file tacz-server.toml for tacz tracking
[25Aug2026 11:23:58.364] [modloading-worker-0/DEBUG] [net.minecraftforge.fml.config.ConfigTracker/CONFIG]: Config file tacz-client.toml for tacz tracking
[25Aug2026 11:23:58.372] [modloading-worker-0/INFO] [Puzzles Lib/]: Constructing common components for puzzlesapi:slotcycling
[25Aug2026 11:23:58.378] [modloading-worker-0/INFO] [com.jtorleonstudios.libraryferret.LibraryFerret/]: Initialize mod Library Ferret
[25Aug2026 11:23:58.379] [modloading-worker-0/INFO] [Puzzles Lib/]: Constructing common components for puzzlesapi:limitlesscontainers
[25Aug2026 11:23:58.392] [modloading-worker-0/DEBUG] [mixin/]: Mixing ChestplateGunItemMixin from fracturepoint.mixins.json into com.tacz.guns.api.item.gun.AbstractGunItem
[25Aug2026 11:23:58.393] [modloading-worker-0/DEBUG] [mixin/]: Renaming synthetic method lambda$hasChestplateAmmo$0(Lnet/minecraft/world/item/ItemStack;Lnet/minecraftforge/items/IItemHandler;)Ljava/lang/Boolean; to md08027c$lambda$hasChestplateAmmo$0$0 in fracturepoint.mixins.json:ChestplateGunItemMixin
[25Aug2026 11:23:58.395] [modloading-worker-0/INFO] [Puzzles Lib/]: Constructing common components for puzzlesapi:statues
[25Aug2026 11:23:58.400] [modloading-worker-0/INFO] [com.jtorleonstudios.libraryferret.LibraryFerret/]: Initialized mod Library Ferret
[25Aug2026 11:23:58.400] [modloading-worker-0/DEBUG] [net.minecraftforge.fml.javafmlmod.AutomaticEventSubscriber/LOADING]: Attempting to inject @EventBusSubscriber classes into the eventbus for libraryferret
[25Aug2026 11:23:58.401] [modloading-worker-0/DEBUG] [net.minecraftforge.fml.javafmlmod.AutomaticEventSubscriber/LOADING]: Auto-subscribing com.jtorleonstudios.libraryferret.CommonEvent to FORGE
[25Aug2026 11:23:58.423] [modloading-worker-0/DEBUG] [net.minecraftforge.fml.config.ConfigTracker/CONFIG]: Config file sophisticatedcore-common.toml for sophisticatedcore tracking
[25Aug2026 11:23:58.423] [modloading-worker-0/DEBUG] [net.minecraftforge.fml.config.ConfigTracker/CONFIG]: Config file sophisticatedcore-client.toml for sophisticatedcore tracking
[25Aug2026 11:23:58.464] [modloading-worker-0/DEBUG] [net.minecraftforge.fml.javafmlmod.AutomaticEventSubscriber/LOADING]: Attempting to inject @EventBusSubscriber classes into the eventbus for fabric_data_attachment_api_v1
[25Aug2026 11:23:58.465] [modloading-worker-0/DEBUG] [net.minecraftforge.fml.javafmlmod.AutomaticEventSubscriber/LOADING]: Attempting to inject @EventBusSubscriber classes into the eventbus for mixinextras
[25Aug2026 11:23:58.465] [modloading-worker-0/DEBUG] [net.minecraftforge.fml.javafmlmod.AutomaticEventSubscriber/LOADING]: Attempting to inject @EventBusSubscriber classes into the eventbus for glitchcore
[25Aug2026 11:23:58.465] [modloading-worker-0/DEBUG] [net.minecraftforge.fml.javafmlmod.AutomaticEventSubscriber/LOADING]: Auto-subscribing glitchcore.forge.handlers.VillagerTradesEventHandler to FORGE
[25Aug2026 11:23:58.466] [modloading-worker-0/DEBUG] [mixin/]: Mixing PlayerManagerMixin from fabric-entity-events-v1.mixins.json into net.minecraft.server.players.PlayerList
[25Aug2026 11:23:58.466] [modloading-worker-0/DEBUG] [mixin/]: fabric-entity-events-v1.mixins.json:PlayerManagerMixin: Class version 61 required is higher than the class version supported by the current version of Mixin (JAVA_16 supports class version 60)
[25Aug2026 11:23:58.466] [modloading-worker-0/DEBUG] [mixin/]: Mixing camera.PlayerListMixin from securitycraft.mixins.json into net.minecraft.server.players.PlayerList
[25Aug2026 11:23:58.474] [modloading-worker-0/DEBUG] [mixin/]: Mixing accessor.RecipeManagerAccessor from farmersdelight.mixins.json into net.minecraft.world.item.crafting.RecipeManager
[25Aug2026 11:23:58.479] [modloading-worker-0/DEBUG] [net.minecraftforge.fml.javafmlmod.AutomaticEventSubscriber/LOADING]: Auto-subscribing glitchcore.forge.handlers.TooltipEventHandler to FORGE
[25Aug2026 11:23:58.485] [modloading-worker-0/DEBUG] [net.minecraftforge.fml.javafmlmod.AutomaticEventSubscriber/LOADING]: Auto-subscribing glitchcore.forge.handlers.ToolModificationEventHandler to FORGE
[25Aug2026 11:23:58.486] [modloading-worker-0/DEBUG] [mixin/]: Mixing MixinLevelEvent from architectury.mixins.json into net.minecraftforge.event.level.LevelEvent
[25Aug2026 11:23:58.489] [modloading-worker-0/DEBUG] [net.minecraftforge.fml.javafmlmod.AutomaticEventSubscriber/LOADING]: Auto-subscribing glitchcore.forge.handlers.TickEventHandler to FORGE
[25Aug2026 11:23:58.490] [modloading-worker-0/DEBUG] [net.minecraftforge.fml.javafmlmod.AutomaticEventSubscriber/LOADING]: Auto-subscribing glitchcore.forge.handlers.TagsUpdatedEventHandler to FORGE
[25Aug2026 11:23:58.499] [modloading-worker-0/DEBUG] [net.minecraftforge.fml.javafmlmod.AutomaticEventSubscriber/LOADING]: Auto-subscribing glitchcore.forge.handlers.RegistryEventHandler to MOD
[25Aug2026 11:23:58.500] [modloading-worker-0/DEBUG] [net.minecraftforge.fml.javafmlmod.AutomaticEventSubscriber/LOADING]: Auto-subscribing glitchcore.forge.handlers.RegisterCommandsEventHandler to FORGE
[25Aug2026 11:23:58.503] [modloading-worker-0/DEBUG] [net.minecraftforge.fml.javafmlmod.AutomaticEventSubscriber/LOADING]: Auto-subscribing glitchcore.forge.handlers.PlayerLoggedInEventHandler to FORGE
[25Aug2026 11:23:58.508] [modloading-worker-0/DEBUG] [net.minecraftforge.fml.javafmlmod.AutomaticEventSubscriber/LOADING]: Auto-subscribing glitchcore.forge.handlers.InteractionEventHandler to FORGE
[25Aug2026 11:23:58.522] [modloading-worker-0/DEBUG] [mixin/]: Mixing impl.MixinEnvironment from glitchcore.forge.mixins.json into glitchcore.util.Environment
[25Aug2026 11:23:58.524] [modloading-worker-0/DEBUG] [net.minecraftforge.fml.javafmlmod.AutomaticEventSubscriber/LOADING]: Attempting to inject @EventBusSubscriber classes into the eventbus for sophisticatedcore
[25Aug2026 11:23:58.579] [modloading-worker-0/DEBUG] [net.minecraftforge.fml.javafmlmod.AutomaticEventSubscriber/LOADING]: Attempting to inject @EventBusSubscriber classes into the eventbus for mcwwindows
[25Aug2026 11:23:58.579] [modloading-worker-0/DEBUG] [net.minecraftforge.fml.javafmlmod.AutomaticEventSubscriber/LOADING]: Auto-subscribing com.mcwwindows.kikoz.MacawsWindows to MOD
[25Aug2026 11:23:58.586] [modloading-worker-0/DEBUG] [mixin/]: Mixing impl.MixinPacketHandler from glitchcore.forge.mixins.json into glitchcore.network.PacketHandler
[25Aug2026 11:23:58.586] [modloading-worker-0/DEBUG] [mixin/]: Renaming synthetic method lambda$init$3(Ljava/lang/String;)Ljava/lang/String; to md08027c$lambda$init$3$0 in glitchcore.forge.mixins.json:impl.MixinPacketHandler
[25Aug2026 11:23:58.586] [modloading-worker-0/DEBUG] [mixin/]: Renaming synthetic method lambda$sendToPlayer$2(Lnet/minecraft/server/level/ServerPlayer;)Lnet/minecraft/server/level/ServerPlayer; to md08027c$lambda$sendToPlayer$2$1 in glitchcore.forge.mixins.json:impl.MixinPacketHandler
[25Aug2026 11:23:58.586] [modloading-worker-0/DEBUG] [mixin/]: Renaming synthetic method lambda$register$1(Lglitchcore/network/CustomPacket;Lglitchcore/network/CustomPacket;Ljava/util/function/Supplier;)V to md08027c$lambda$register$1$2 in glitchcore.forge.mixins.json:impl.MixinPacketHandler
[25Aug2026 11:23:58.586] [modloading-worker-0/DEBUG] [mixin/]: Renaming synthetic method lambda$register$0(Lglitchcore/network/CustomPacket;Lglitchcore/network/CustomPacket;Ljava/util/function/Supplier;)V to md08027c$lambda$register$0$3 in glitchcore.forge.mixins.json:impl.MixinPacketHandler
[25Aug2026 11:23:58.609] [modloading-worker-0/DEBUG] [net.minecraftforge.fml.config.ConfigTracker/CONFIG]: Config file takesapillage-common.toml for takesapillage tracking
[25Aug2026 11:23:58.612] [modloading-worker-0/DEBUG] [net.minecraftforge.fml.javafmlmod.AutomaticEventSubscriber/LOADING]: Attempting to inject @EventBusSubscriber classes into the eventbus for takesapillage
[25Aug2026 11:23:58.612] [modloading-worker-0/DEBUG] [net.minecraftforge.fml.javafmlmod.AutomaticEventSubscriber/LOADING]: Auto-subscribing com.izofar.takesapillage.RegistryEvents to MOD
[25Aug2026 11:23:58.633] [modloading-worker-0/DEBUG] [net.minecraftforge.fml.config.ConfigTracker/CONFIG]: Config file sophisticatedbackpacks-server.toml for sophisticatedbackpacks tracking
[25Aug2026 11:23:58.633] [modloading-worker-0/DEBUG] [net.minecraftforge.fml.config.ConfigTracker/CONFIG]: Config file sophisticatedbackpacks-common.toml for sophisticatedbackpacks tracking
[25Aug2026 11:23:58.647] [modloading-worker-0/DEBUG] [net.minecraftforge.fml.javafmlmod.AutomaticEventSubscriber/LOADING]: Attempting to inject @EventBusSubscriber classes into the eventbus for sereneseasons
[25Aug2026 11:23:58.647] [modloading-worker-0/DEBUG] [net.minecraftforge.fml.javafmlmod.AutomaticEventSubscriber/LOADING]: Auto-subscribing sereneseasons.forge.datagen.DataGenerationHandler to MOD
[25Aug2026 11:23:58.656] [modloading-worker-0/DEBUG] [net.minecraftforge.fml.javafmlmod.AutomaticEventSubscriber/LOADING]: Attempting to inject @EventBusSubscriber classes into the eventbus for tacz
[25Aug2026 11:23:58.657] [modloading-worker-0/DEBUG] [net.minecraftforge.fml.javafmlmod.AutomaticEventSubscriber/LOADING]: Auto-subscribing com.tacz.guns.resource.CommonAssetsManager to FORGE
[25Aug2026 11:23:58.682] [modloading-worker-0/DEBUG] [net.minecraftforge.fml.javafmlmod.AutomaticEventSubscriber/LOADING]: Auto-subscribing com.tacz.guns.init.ModRecipe to MOD
[25Aug2026 11:23:58.683] [modloading-worker-0/DEBUG] [net.minecraftforge.fml.javafmlmod.AutomaticEventSubscriber/LOADING]: Auto-subscribing com.tacz.guns.init.ModItems to MOD
[25Aug2026 11:23:58.685] [modloading-worker-0/DEBUG] [net.minecraftforge.fml.javafmlmod.AutomaticEventSubscriber/LOADING]: Auto-subscribing com.tacz.guns.init.CompatRegistry to MOD
[25Aug2026 11:23:58.687] [modloading-worker-0/DEBUG] [net.minecraftforge.fml.javafmlmod.AutomaticEventSubscriber/LOADING]: Auto-subscribing com.tacz.guns.init.CommonRegistry to MOD
[25Aug2026 11:23:58.689] [modloading-worker-0/DEBUG] [net.minecraftforge.fml.javafmlmod.AutomaticEventSubscriber/LOADING]: Auto-subscribing com.tacz.guns.init.CommandRegistry to FORGE
[25Aug2026 11:23:58.691] [modloading-worker-0/DEBUG] [net.minecraftforge.fml.javafmlmod.AutomaticEventSubscriber/LOADING]: Auto-subscribing com.tacz.guns.init.CapabilityRegistry to MOD
[25Aug2026 11:23:58.693] [modloading-worker-0/DEBUG] [net.minecraftforge.fml.javafmlmod.AutomaticEventSubscriber/LOADING]: Auto-subscribing com.tacz.guns.event.TravelToDimensionEvent to FORGE
[25Aug2026 11:23:58.694] [modloading-worker-0/DEBUG] [net.minecraftforge.fml.javafmlmod.AutomaticEventSubscriber/LOADING]: Auto-subscribing com.tacz.guns.event.SyncedEntityDataEvent to FORGE
[25Aug2026 11:23:58.697] [modloading-worker-0/DEBUG] [net.minecraftforge.fml.javafmlmod.AutomaticEventSubscriber/LOADING]: Auto-subscribing com.tacz.guns.event.SyncBaseTimestamp to FORGE
[25Aug2026 11:23:58.698] [modloading-worker-0/DEBUG] [net.minecraftforge.fml.javafmlmod.AutomaticEventSubscriber/LOADING]: Auto-subscribing com.tacz.guns.event.ServerTickEvent to FORGE
[25Aug2026 11:23:58.699] [modloading-worker-0/DEBUG] [net.minecraftforge.fml.javafmlmod.AutomaticEventSubscriber/LOADING]: Auto-subscribing com.tacz.guns.event.PreventGunClick to FORGE
[25Aug2026 11:23:58.701] [modloading-worker-0/DEBUG] [net.minecraftforge.fml.javafmlmod.AutomaticEventSubscriber/LOADING]: Auto-subscribing com.tacz.guns.event.PlayerRespawnEvent to FORGE
[25Aug2026 11:23:58.702] [modloading-worker-0/DEBUG] [net.minecraftforge.fml.javafmlmod.AutomaticEventSubscriber/LOADING]: Auto-subscribing com.tacz.guns.event.LoadingConfigEvent to MOD
[25Aug2026 11:23:58.704] [modloading-worker-0/DEBUG] [net.minecraftforge.fml.javafmlmod.AutomaticEventSubscriber/LOADING]: Auto-subscribing com.tacz.guns.event.KnockbackChange to FORGE
[25Aug2026 11:23:58.705] [modloading-worker-0/DEBUG] [net.minecraftforge.fml.javafmlmod.AutomaticEventSubscriber/LOADING]: Auto-subscribing com.tacz.guns.event.HitboxHelperEvent to FORGE
[25Aug2026 11:23:58.707] [modloading-worker-0/DEBUG] [net.minecraftforge.fml.javafmlmod.AutomaticEventSubscriber/LOADING]: Auto-subscribing com.tacz.guns.event.EntityDamageEvent to FORGE
[25Aug2026 11:23:58.708] [modloading-worker-0/DEBUG] [net.minecraftforge.fml.javafmlmod.AutomaticEventSubscriber/LOADING]: Auto-subscribing com.tacz.guns.event.CommonLoadPack to MOD
[25Aug2026 11:23:58.709] [modloading-worker-0/DEBUG] [net.minecraftforge.fml.javafmlmod.AutomaticEventSubscriber/LOADING]: Auto-subscribing com.tacz.guns.event.ammo.DestroyGlassBlock to FORGE
[25Aug2026 11:23:58.715] [modloading-worker-0/DEBUG] [net.minecraftforge.fml.javafmlmod.AutomaticEventSubscriber/LOADING]: Auto-subscribing com.tacz.guns.event.ammo.BellRing to FORGE
[25Aug2026 11:23:58.716] [modloading-worker-0/DEBUG] [net.minecraftforge.fml.javafmlmod.AutomaticEventSubscriber/LOADING]: Auto-subscribing com.tacz.guns.client.event.TooltipEvent to FORGE
[25Aug2026 11:23:58.729] [modloading-worker-0/DEBUG] [Carry On/]: Loaded tschipp.carryon.platform.ForgePlatformHelper@605d5dcb for service interface tschipp.carryon.platform.services.IPlatformHelper
[25Aug2026 11:23:58.730] [modloading-worker-0/DEBUG] [Carry On/]: Loaded tschipp.carryon.platform.ForgeGamestagesHelper@5a5a36c for service interface tschipp.carryon.platform.services.IGamestagePlatformHelper
[25Aug2026 11:23:58.741] [modloading-worker-0/DEBUG] [net.minecraftforge.fml.config.ConfigTracker/CONFIG]: Config file carryon-common.toml for carryon tracking
[25Aug2026 11:23:58.741] [modloading-worker-0/DEBUG] [net.minecraftforge.fml.config.ConfigTracker/CONFIG]: Config file carryon-client.toml for carryon tracking
[25Aug2026 11:23:58.741] [modloading-worker-0/DEBUG] [net.minecraftforge.fml.javafmlmod.AutomaticEventSubscriber/LOADING]: Attempting to inject @EventBusSubscriber classes into the eventbus for carryon
[25Aug2026 11:23:58.741] [modloading-worker-0/DEBUG] [net.minecraftforge.fml.javafmlmod.AutomaticEventSubscriber/LOADING]: Auto-subscribing tschipp.carryon.CarryOnForge to MOD
[25Aug2026 11:23:58.741] [modloading-worker-0/DEBUG] [net.minecraftforge.fml.javafmlmod.AutomaticEventSubscriber/LOADING]: Auto-subscribing tschipp.carryon.events.CommonEvents to FORGE
[25Aug2026 11:23:58.760] [modloading-worker-0/DEBUG] [net.minecraftforge.fml.javafmlmod.AutomaticEventSubscriber/LOADING]: Auto-subscribing tschipp.carryon.events.ModBusEvents to MOD
[25Aug2026 11:23:58.761] [modloading-worker-0/DEBUG] [net.minecraftforge.fml.javafmlmod.AutomaticEventSubscriber/LOADING]: Attempting to inject @EventBusSubscriber classes into the eventbus for puzzlesaccessapi
[25Aug2026 11:23:58.762] [modloading-worker-0/DEBUG] [net.minecraftforge.fml.javafmlmod.AutomaticEventSubscriber/LOADING]: Attempting to inject @EventBusSubscriber classes into the eventbus for cloth_config
[25Aug2026 11:23:58.776] [modloading-worker-0/DEBUG] [net.minecraftforge.versions.forge.ForgeVersion/CORE]: Forge Version package package net.minecraftforge.versions.forge, Forge, version 47.3 from cpw.mods.modlauncher.TransformingClassLoader@dd4aec3
[25Aug2026 11:23:58.776] [modloading-worker-0/DEBUG] [net.minecraftforge.versions.forge.ForgeVersion/CORE]: Found Forge version 47.3.7
[25Aug2026 11:23:58.776] [modloading-worker-0/DEBUG] [net.minecraftforge.versions.forge.ForgeVersion/CORE]: Found Forge spec 47.3
[25Aug2026 11:23:58.776] [modloading-worker-0/DEBUG] [net.minecraftforge.versions.forge.ForgeVersion/CORE]: Found Forge group net.minecraftforge
[25Aug2026 11:23:58.777] [modloading-worker-0/DEBUG] [net.minecraftforge.versions.mcp.MCPVersion/CORE]: MCP Version package package net.minecraftforge.versions.mcp, Minecraft, version 1.20.1 from cpw.mods.modlauncher.TransformingClassLoader@dd4aec3
[25Aug2026 11:23:58.777] [modloading-worker-0/DEBUG] [net.minecraftforge.versions.mcp.MCPVersion/CORE]: Found MC version information 1.20.1
[25Aug2026 11:23:58.777] [modloading-worker-0/DEBUG] [net.minecraftforge.versions.mcp.MCPVersion/CORE]: Found MCP version information 20230612.114412
[25Aug2026 11:23:58.777] [modloading-worker-0/INFO] [net.minecraftforge.common.ForgeMod/FORGEMOD]: Forge mod loading, version 47.3.7, for MC 1.20.1 with MCP 20230612.114412
[25Aug2026 11:23:58.781] [modloading-worker-0/INFO] [net.minecraftforge.common.MinecraftForge/FORGE]: MinecraftForge v47.3.7 Initialized
[25Aug2026 11:23:58.951] [modloading-worker-0/DEBUG] [net.minecraftforge.fml.javafmlmod.AutomaticEventSubscriber/LOADING]: Attempting to inject @EventBusSubscriber classes into the eventbus for mcwdoors
[25Aug2026 11:23:58.951] [modloading-worker-0/DEBUG] [net.minecraftforge.fml.javafmlmod.AutomaticEventSubscriber/LOADING]: Auto-subscribing com.mcwdoors.kikoz.MacawsDoors to MOD
[25Aug2026 11:23:58.982] [modloading-worker-0/DEBUG] [net.minecraftforge.fml.config.ConfigTracker/CONFIG]: Config file farmersdelight-common.toml for farmersdelight tracking
[25Aug2026 11:23:58.986] [modloading-worker-0/DEBUG] [net.minecraftforge.fml.config.ConfigTracker/CONFIG]: Config file farmersdelight-client.toml for farmersdelight tracking
[25Aug2026 11:23:59.056] [modloading-worker-0/DEBUG] [io.netty.util.internal.PlatformDependent0/]: -Dio.netty.noUnsafe: false
[25Aug2026 11:23:59.056] [modloading-worker-0/DEBUG] [io.netty.util.internal.PlatformDependent0/]: Java version: 17
[25Aug2026 11:23:59.057] [modloading-worker-0/DEBUG] [io.netty.util.internal.PlatformDependent0/]: sun.misc.Unsafe.theUnsafe: available
[25Aug2026 11:23:59.060] [modloading-worker-0/DEBUG] [net.minecraftforge.fml.javafmlmod.AutomaticEventSubscriber/LOADING]: Attempting to inject @EventBusSubscriber classes into the eventbus for sophisticatedbackpacks
[25Aug2026 11:23:59.060] [modloading-worker-0/DEBUG] [io.netty.util.internal.PlatformDependent0/]: sun.misc.Unsafe.copyMemory: available
[25Aug2026 11:23:59.060] [modloading-worker-0/DEBUG] [io.netty.util.internal.PlatformDependent0/]: sun.misc.Unsafe.storeFence: available
[25Aug2026 11:23:59.061] [modloading-worker-0/DEBUG] [io.netty.util.internal.PlatformDependent0/]: java.nio.Buffer.address: available
[25Aug2026 11:23:59.060] [modloading-worker-0/DEBUG] [net.minecraftforge.fml.javafmlmod.AutomaticEventSubscriber/LOADING]: Attempting to inject @EventBusSubscriber classes into the eventbus for fabric_api_base
[25Aug2026 11:23:59.062] [modloading-worker-0/DEBUG] [io.netty.util.internal.PlatformDependent0/]: direct buffer constructor: unavailable
java.lang.UnsupportedOperationException: Reflective setAccessible(true) disabled
	at io.netty.util.internal.ReflectionUtil.trySetAccessible(ReflectionUtil.java:31) ~[netty-common-4.1.82.Final.jar%2382!/:4.1.82.Final]
	at io.netty.util.internal.PlatformDependent0$5.run(PlatformDependent0.java:288) ~[netty-common-4.1.82.Final.jar%2382!/:4.1.82.Final]
	at java.security.AccessController.doPrivileged(AccessController.java:318) ~[?:?]
	at io.netty.util.internal.PlatformDependent0.<clinit>(PlatformDependent0.java:282) ~[netty-common-4.1.82.Final.jar%2382!/:4.1.82.Final]
	at io.netty.util.internal.PlatformDependent.isAndroid(PlatformDependent.java:333) ~[netty-common-4.1.82.Final.jar%2382!/:4.1.82.Final]
	at io.netty.util.internal.PlatformDependent.<clinit>(PlatformDependent.java:88) ~[netty-common-4.1.82.Final.jar%2382!/:4.1.82.Final]
	at io.netty.util.ConstantPool.<init>(ConstantPool.java:34) ~[netty-common-4.1.82.Final.jar%2382!/:4.1.82.Final]
	at io.netty.util.AttributeKey$1.<init>(AttributeKey.java:27) ~[netty-common-4.1.82.Final.jar%2382!/:4.1.82.Final]
	at io.netty.util.AttributeKey.<clinit>(AttributeKey.java:27) ~[netty-common-4.1.82.Final.jar%2382!/:4.1.82.Final]
	at net.minecraftforge.network.NetworkConstants.<clinit>(NetworkConstants.java:34) ~[forge-1.20.1-47.3.7-universal.jar%23184!/:?]
	at net.minecraftforge.common.ForgeMod.<init>(ForgeMod.java:429) ~[forge-1.20.1-47.3.7-universal.jar%23184!/:?]
	at jdk.internal.reflect.NativeConstructorAccessorImpl.newInstance0(Native Method) ~[?:?]
	at jdk.internal.reflect.NativeConstructorAccessorImpl.newInstance(NativeConstructorAccessorImpl.java:77) ~[?:?]
	at jdk.internal.reflect.DelegatingConstructorAccessorImpl.newInstance(DelegatingConstructorAccessorImpl.java:45) ~[?:?]
	at java.lang.reflect.Constructor.newInstanceWithCaller(Constructor.java:500) ~[?:?]
	at java.lang.reflect.Constructor.newInstance(Constructor.java:481) ~[?:?]
	at net.minecraftforge.fml.javafmlmod.FMLModContainer.constructMod(FMLModContainer.java:70) ~[javafmllanguage-1.20.1-47.3.7.jar%23181!/:?]
	at net.minecraftforge.fml.ModContainer.lambda$buildTransitionHandler$4(ModContainer.java:124) ~[fmlcore-1.20.1-47.3.7.jar%23180!/:?]
	at java.util.concurrent.CompletableFuture$AsyncRun.run(CompletableFuture.java:1804) ~[?:?]
	at java.util.concurrent.CompletableFuture$AsyncRun.exec(CompletableFuture.java:1796) ~[?:?]
	at java.util.concurrent.ForkJoinTask.doExec(ForkJoinTask.java:373) ~[?:?]
	at java.util.concurrent.ForkJoinPool$WorkQueue.topLevelExec(ForkJoinPool.java:1182) ~[?:?]
	at java.util.concurrent.ForkJoinPool.scan(ForkJoinPool.java:1655) ~[?:?]
	at java.util.concurrent.ForkJoinPool.runWorker(ForkJoinPool.java:1622) ~[?:?]
	at java.util.concurrent.ForkJoinWorkerThread.run(ForkJoinWorkerThread.java:165) ~[?:?]
[25Aug2026 11:23:59.064] [modloading-worker-0/DEBUG] [net.minecraftforge.fml.config.ConfigTracker/CONFIG]: Config file endrem.toml for endrem tracking
[25Aug2026 11:23:59.064] [modloading-worker-0/DEBUG] [io.netty.util.internal.PlatformDependent0/]: java.nio.Bits.unaligned: available, true
[25Aug2026 11:23:59.068] [modloading-worker-0/DEBUG] [io.netty.util.internal.PlatformDependent0/]: jdk.internal.misc.Unsafe.allocateUninitializedArray(int): unavailable
java.lang.IllegalAccessException: class io.netty.util.internal.PlatformDependent0$7 (in module io.netty.common) cannot access class jdk.internal.misc.Unsafe (in module java.base) because module java.base does not export jdk.internal.misc to module io.netty.common
	at jdk.internal.reflect.Reflection.newIllegalAccessException(Reflection.java:392) ~[?:?]
	at java.lang.reflect.AccessibleObject.checkAccess(AccessibleObject.java:674) ~[?:?]
	at java.lang.reflect.Method.invoke(Method.java:561) ~[?:?]
	at io.netty.util.internal.PlatformDependent0$7.run(PlatformDependent0.java:410) ~[netty-common-4.1.82.Final.jar%2382!/:4.1.82.Final]
	at java.security.AccessController.doPrivileged(AccessController.java:318) ~[?:?]
	at io.netty.util.internal.PlatformDependent0.<clinit>(PlatformDependent0.java:401) ~[netty-common-4.1.82.Final.jar%2382!/:4.1.82.Final]
	at io.netty.util.internal.PlatformDependent.isAndroid(PlatformDependent.java:333) ~[netty-common-4.1.82.Final.jar%2382!/:4.1.82.Final]
	at io.netty.util.internal.PlatformDependent.<clinit>(PlatformDependent.java:88) ~[netty-common-4.1.82.Final.jar%2382!/:4.1.82.Final]
	at io.netty.util.ConstantPool.<init>(ConstantPool.java:34) ~[netty-common-4.1.82.Final.jar%2382!/:4.1.82.Final]
	at io.netty.util.AttributeKey$1.<init>(AttributeKey.java:27) ~[netty-common-4.1.82.Final.jar%2382!/:4.1.82.Final]
	at io.netty.util.AttributeKey.<clinit>(AttributeKey.java:27) ~[netty-common-4.1.82.Final.jar%2382!/:4.1.82.Final]
	at net.minecraftforge.network.NetworkConstants.<clinit>(NetworkConstants.java:34) ~[forge-1.20.1-47.3.7-universal.jar%23184!/:?]
	at net.minecraftforge.common.ForgeMod.<init>(ForgeMod.java:429) ~[forge-1.20.1-47.3.7-universal.jar%23184!/:?]
	at jdk.internal.reflect.NativeConstructorAccessorImpl.newInstance0(Native Method) ~[?:?]
	at jdk.internal.reflect.NativeConstructorAccessorImpl.newInstance(NativeConstructorAccessorImpl.java:77) ~[?:?]
	at jdk.internal.reflect.DelegatingConstructorAccessorImpl.newInstance(DelegatingConstructorAccessorImpl.java:45) ~[?:?]
	at java.lang.reflect.Constructor.newInstanceWithCaller(Constructor.java:500) ~[?:?]
	at java.lang.reflect.Constructor.newInstance(Constructor.java:481) ~[?:?]
	at net.minecraftforge.fml.javafmlmod.FMLModContainer.constructMod(FMLModContainer.java:70) ~[javafmllanguage-1.20.1-47.3.7.jar%23181!/:?]
	at net.minecraftforge.fml.ModContainer.lambda$buildTransitionHandler$4(ModContainer.java:124) ~[fmlcore-1.20.1-47.3.7.jar%23180!/:?]
	at java.util.concurrent.CompletableFuture$AsyncRun.run(CompletableFuture.java:1804) ~[?:?]
	at java.util.concurrent.CompletableFuture$AsyncRun.exec(CompletableFuture.java:1796) ~[?:?]
	at java.util.concurrent.ForkJoinTask.doExec(ForkJoinTask.java:373) ~[?:?]
	at java.util.concurrent.ForkJoinPool$WorkQueue.topLevelExec(ForkJoinPool.java:1182) ~[?:?]
	at java.util.concurrent.ForkJoinPool.scan(ForkJoinPool.java:1655) ~[?:?]
	at java.util.concurrent.ForkJoinPool.runWorker(ForkJoinPool.java:1622) ~[?:?]
	at java.util.concurrent.ForkJoinWorkerThread.run(ForkJoinWorkerThread.java:165) ~[?:?]
[25Aug2026 11:23:59.070] [modloading-worker-0/DEBUG] [io.netty.util.internal.PlatformDependent0/]: java.nio.DirectByteBuffer.<init>(long, int): unavailable
[25Aug2026 11:23:59.070] [modloading-worker-0/DEBUG] [io.netty.util.internal.PlatformDependent/]: sun.misc.Unsafe: available
[25Aug2026 11:23:59.074] [modloading-worker-0/DEBUG] [io.netty.util.internal.PlatformDependent/]: maxDirectMemory: 12884901888 bytes (maybe)
[25Aug2026 11:23:59.074] [modloading-worker-0/DEBUG] [io.netty.util.internal.PlatformDependent/]: -Dio.netty.tmpdir: /tmp (java.io.tmpdir)
[25Aug2026 11:23:59.074] [modloading-worker-0/DEBUG] [io.netty.util.internal.PlatformDependent/]: -Dio.netty.bitMode: 64 (sun.arch.data.model)
[25Aug2026 11:23:59.075] [modloading-worker-0/DEBUG] [io.netty.util.internal.PlatformDependent/]: -Dio.netty.maxDirectMemory: -1 bytes
[25Aug2026 11:23:59.077] [modloading-worker-0/DEBUG] [io.netty.util.internal.PlatformDependent/]: -Dio.netty.uninitializedArrayAllocationThreshold: -1
[25Aug2026 11:23:59.079] [modloading-worker-0/DEBUG] [io.netty.util.internal.CleanerJava9/]: java.nio.ByteBuffer.cleaner(): available
[25Aug2026 11:23:59.081] [modloading-worker-0/DEBUG] [io.netty.util.internal.PlatformDependent/]: -Dio.netty.noPreferDirect: false
[25Aug2026 11:23:59.112] [modloading-worker-0/DEBUG] [net.minecraftforge.fml.javafmlmod.AutomaticEventSubscriber/LOADING]: Attempting to inject @EventBusSubscriber classes into the eventbus for endrem
[25Aug2026 11:23:59.112] [modloading-worker-0/DEBUG] [net.minecraftforge.fml.javafmlmod.AutomaticEventSubscriber/LOADING]: Auto-subscribing com.teamremastered.endrem.registers.RegisterHandler to MOD
[25Aug2026 11:23:59.112] [modloading-worker-0/DEBUG] [net.minecraftforge.fml.javafmlmod.AutomaticEventSubscriber/LOADING]: Auto-subscribing com.teamremastered.endrem.events.ModEvents to FORGE
[25Aug2026 11:23:59.202] [modloading-worker-0/DEBUG] [net.minecraftforge.common.ForgeMod/FORGEMOD]: Loading Network data for FML net version: FML3
[25Aug2026 11:23:59.243] [modloading-worker-0/DEBUG] [net.minecraftforge.fml.config.ConfigTracker/CONFIG]: Config file forge-client.toml for forge tracking
[25Aug2026 11:23:59.247] [modloading-worker-0/DEBUG] [net.minecraftforge.fml.config.ConfigTracker/CONFIG]: Config file forge-server.toml for forge tracking
[25Aug2026 11:23:59.250] [modloading-worker-0/DEBUG] [net.minecraftforge.fml.ModLoadingContext/]: Attempted to register an empty config for type COMMON on mod forge
[25Aug2026 11:23:59.256] [modloading-worker-0/DEBUG] [net.minecraftforge.fml.javafmlmod.AutomaticEventSubscriber/LOADING]: Attempting to inject @EventBusSubscriber classes into the eventbus for another_furniture
[25Aug2026 11:23:59.258] [modloading-worker-0/DEBUG] [net.minecraftforge.fml.javafmlmod.AutomaticEventSubscriber/LOADING]: Auto-subscribing com.starfish_studios.another_furniture.forge.AnotherFurnitureForgeClient to MOD
[25Aug2026 11:23:59.260] [modloading-worker-0/DEBUG] [net.minecraftforge.fml.javafmlmod.AutomaticEventSubscriber/LOADING]: Auto-subscribing com.starfish_studios.another_furniture.event.forge.FurnaceFuelEvent to FORGE
[25Aug2026 11:23:59.265] [modloading-worker-0/DEBUG] [net.minecraftforge.fml.javafmlmod.AutomaticEventSubscriber/LOADING]: Auto-subscribing com.starfish_studios.another_furniture.event.forge.DatapackSyncEvent to FORGE
[25Aug2026 11:23:59.266] [modloading-worker-0/DEBUG] [net.minecraftforge.fml.javafmlmod.AutomaticEventSubscriber/LOADING]: Auto-subscribing com.starfish_studios.another_furniture.event.forge.BlockInteractionEventImpl to FORGE
[25Aug2026 11:23:59.285] [modloading-worker-0/DEBUG] [net.minecraftforge.fml.javafmlmod.AutomaticEventSubscriber/LOADING]: Attempting to inject @EventBusSubscriber classes into the eventbus for chunky
[25Aug2026 11:23:59.286] [modloading-worker-0/DEBUG] [net.minecraftforge.fml.javafmlmod.AutomaticEventSubscriber/LOADING]: Attempting to inject @EventBusSubscriber classes into the eventbus for forge
[25Aug2026 11:23:59.290] [modloading-worker-0/DEBUG] [net.minecraftforge.fml.javafmlmod.AutomaticEventSubscriber/LOADING]: Auto-subscribing net.minecraftforge.common.ForgeSpawnEggItem$CommonHandler to MOD
[25Aug2026 11:23:59.316] [modloading-worker-0/DEBUG] [net.minecraftforge.fml.javafmlmod.AutomaticEventSubscriber/LOADING]: Attempting to inject @EventBusSubscriber classes into the eventbus for farmersdelight
[25Aug2026 11:23:59.316] [modloading-worker-0/DEBUG] [net.minecraftforge.fml.javafmlmod.AutomaticEventSubscriber/LOADING]: Auto-subscribing vectorwing.farmersdelight.data.DataGenerators to MOD
[25Aug2026 11:23:59.318] [modloading-worker-0/DEBUG] [net.minecraftforge.fml.javafmlmod.AutomaticEventSubscriber/LOADING]: Auto-subscribing vectorwing.farmersdelight.common.item.SkilletItem$SkilletEvents to FORGE
[25Aug2026 11:23:59.320] [modloading-worker-0/DEBUG] [net.minecraftforge.fml.javafmlmod.AutomaticEventSubscriber/LOADING]: Auto-subscribing vectorwing.farmersdelight.common.item.KnifeItem$KnifeEvents to FORGE
[25Aug2026 11:23:59.321] [modloading-worker-0/DEBUG] [net.minecraftforge.fml.javafmlmod.AutomaticEventSubscriber/LOADING]: Auto-subscribing vectorwing.farmersdelight.common.item.HorseFeedItem$HorseFeedEvent to FORGE
[25Aug2026 11:23:59.322] [modloading-worker-0/DEBUG] [net.minecraftforge.fml.javafmlmod.AutomaticEventSubscriber/LOADING]: Auto-subscribing vectorwing.farmersdelight.common.item.enchantment.BackstabbingEnchantment$BackstabbingEvent to FORGE
[25Aug2026 11:23:59.324] [modloading-worker-0/DEBUG] [net.minecraftforge.fml.javafmlmod.AutomaticEventSubscriber/LOADING]: Auto-subscribing vectorwing.farmersdelight.common.item.DogFoodItem$DogFoodEvent to FORGE
[25Aug2026 11:23:59.325] [modloading-worker-0/DEBUG] [net.minecraftforge.fml.javafmlmod.AutomaticEventSubscriber/LOADING]: Auto-subscribing vectorwing.farmersdelight.common.event.VillagerEvents to FORGE
[25Aug2026 11:23:59.329] [modloading-worker-0/DEBUG] [net.minecraftforge.fml.javafmlmod.AutomaticEventSubscriber/LOADING]: Auto-subscribing vectorwing.farmersdelight.common.event.SetupEvents to MOD
[25Aug2026 11:23:59.329] [modloading-worker-0/DEBUG] [net.minecraftforge.fml.javafmlmod.AutomaticEventSubscriber/LOADING]: Auto-subscribing vectorwing.farmersdelight.common.event.CommonEvents to FORGE
[25Aug2026 11:23:59.338] [modloading-worker-0/DEBUG] [net.minecraftforge.fml.javafmlmod.AutomaticEventSubscriber/LOADING]: Auto-subscribing vectorwing.farmersdelight.common.block.CuttingBoardBlock$ToolCarvingEvent to FORGE
[25Aug2026 11:23:59.355] [modloading-worker-0/DEBUG] [net.minecraftforge.fml.config.ConfigTracker/CONFIG]: Config file curios-client.toml for curios tracking
[25Aug2026 11:23:59.364] [modloading-worker-0/DEBUG] [net.minecraftforge.fml.config.ConfigTracker/CONFIG]: Config file curios-common.toml for curios tracking
[25Aug2026 11:23:59.365] [modloading-worker-0/DEBUG] [net.minecraftforge.fml.config.ConfigTracker/CONFIG]: Config file curios-server.toml for curios tracking
[25Aug2026 11:23:59.365] [modloading-worker-0/DEBUG] [net.minecraftforge.fml.javafmlmod.AutomaticEventSubscriber/LOADING]: Attempting to inject @EventBusSubscriber classes into the eventbus for curios
[25Aug2026 11:23:59.375] [modloading-worker-0/DEBUG] [net.minecraftforge.fml.config.ConfigTracker/CONFIG]: Config file flywheel-client.toml for flywheel tracking
[25Aug2026 11:23:59.379] [modloading-worker-0/DEBUG] [net.minecraftforge.fml.javafmlmod.AutomaticEventSubscriber/LOADING]: Attempting to inject @EventBusSubscriber classes into the eventbus for flywheel
[25Aug2026 11:23:59.393] [modloading-worker-0/DEBUG] [net.minecraftforge.fml.config.ConfigTracker/CONFIG]: Config file ponder-client.toml for ponder tracking
[25Aug2026 11:23:59.393] [modloading-worker-0/DEBUG] [net.minecraftforge.fml.javafmlmod.AutomaticEventSubscriber/LOADING]: Attempting to inject @EventBusSubscriber classes into the eventbus for ponder
[25Aug2026 11:23:59.393] [modloading-worker-0/DEBUG] [net.minecraftforge.fml.javafmlmod.AutomaticEventSubscriber/LOADING]: Auto-subscribing net.createmod.ponder.ForgePonder$ModBusEvents to MOD
[25Aug2026 11:23:59.399] [modloading-worker-0/DEBUG] [net.minecraftforge.fml.javafmlmod.AutomaticEventSubscriber/LOADING]: Auto-subscribing net.createmod.ponder.ForgePonder$Events to FORGE
[25Aug2026 11:23:59.406] [modloading-worker-0/DEBUG] [net.minecraftforge.fml.javafmlmod.AutomaticEventSubscriber/LOADING]: Attempting to inject @EventBusSubscriber classes into the eventbus for mcwfences
[25Aug2026 11:23:59.408] [modloading-worker-0/DEBUG] [net.minecraftforge.fml.javafmlmod.AutomaticEventSubscriber/LOADING]: Auto-subscribing com.mcwfences.kikoz.MacawsFences to MOD
[25Aug2026 11:23:59.407] [modloading-worker-0/DEBUG] [net.minecraftforge.fml.javafmlmod.AutomaticEventSubscriber/LOADING]: Attempting to inject @EventBusSubscriber classes into the eventbus for simplebedrockmodel
[25Aug2026 11:23:59.410] [modloading-worker-0/DEBUG] [net.minecraftforge.fml.javafmlmod.AutomaticEventSubscriber/LOADING]: Auto-subscribing com.github.mcmodderanchor.simplebedrockmodel.v1.resource.ReloadListenersRegister$BedrockModelServerRegister to FORGE
[25Aug2026 11:23:59.431] [modloading-worker-0/DEBUG] [net.minecraftforge.fml.config.ConfigTracker/CONFIG]: Config file gravestone-server.toml for gravestone tracking
[25Aug2026 11:23:59.432] [modloading-worker-0/DEBUG] [net.minecraftforge.fml.config.ConfigTracker/CONFIG]: Config file gravestone-client.toml for gravestone tracking
[25Aug2026 11:23:59.435] [modloading-worker-0/DEBUG] [net.minecraftforge.fml.config.ConfigTracker/CONFIG]: Config file securitycraft-client.toml for securitycraft tracking
[25Aug2026 11:23:59.435] [modloading-worker-0/DEBUG] [net.minecraftforge.fml.config.ConfigTracker/CONFIG]: Config file securitycraft-server.toml for securitycraft tracking
[25Aug2026 11:23:59.438] [modloading-worker-0/DEBUG] [net.minecraftforge.fml.javafmlmod.AutomaticEventSubscriber/LOADING]: Attempting to inject @EventBusSubscriber classes into the eventbus for gravestone
[25Aug2026 11:23:59.438] [modloading-worker-0/DEBUG] [net.minecraftforge.fml.javafmlmod.AutomaticEventSubscriber/LOADING]: Auto-subscribing de.maxhenkel.gravestone.Main to FORGE
[25Aug2026 11:23:59.441] [modloading-worker-0/DEBUG] [net.minecraftforge.fml.javafmlmod.AutomaticEventSubscriber/LOADING]: Attempting to inject @EventBusSubscriber classes into the eventbus for bettervillage
[25Aug2026 11:23:59.444] [modloading-worker-0/DEBUG] [net.minecraftforge.fml.config.ConfigTracker/CONFIG]: Config file overweight_farming-common.toml for overweight_farming tracking
[25Aug2026 11:23:59.499] [modloading-worker-0/DEBUG] [net.minecraftforge.fml.javafmlmod.AutomaticEventSubscriber/LOADING]: Attempting to inject @EventBusSubscriber classes into the eventbus for overweight_farming
[25Aug2026 11:23:59.500] [modloading-worker-0/DEBUG] [net.minecraftforge.fml.javafmlmod.AutomaticEventSubscriber/LOADING]: Auto-subscribing net.orcinus.overweightfarming.init.OFTreeDecoratorTypes to MOD
[25Aug2026 11:23:59.500] [modloading-worker-0/DEBUG] [net.minecraftforge.fml.javafmlmod.AutomaticEventSubscriber/LOADING]: Auto-subscribing net.orcinus.overweightfarming.init.OFParticleTypes to MOD
[25Aug2026 11:23:59.500] [modloading-worker-0/DEBUG] [net.minecraftforge.fml.javafmlmod.AutomaticEventSubscriber/LOADING]: Auto-subscribing net.orcinus.overweightfarming.init.OFItems to MOD
[25Aug2026 11:23:59.500] [modloading-worker-0/DEBUG] [net.minecraftforge.fml.javafmlmod.AutomaticEventSubscriber/LOADING]: Auto-subscribing net.orcinus.overweightfarming.init.OFEntityTypes to MOD
[25Aug2026 11:23:59.500] [modloading-worker-0/DEBUG] [net.minecraftforge.fml.javafmlmod.AutomaticEventSubscriber/LOADING]: Auto-subscribing net.orcinus.overweightfarming.init.OFBlocks to MOD
[25Aug2026 11:23:59.500] [modloading-worker-0/DEBUG] [net.minecraftforge.fml.javafmlmod.AutomaticEventSubscriber/LOADING]: Auto-subscribing net.orcinus.overweightfarming.init.OFBlockEntityTypes to MOD
[25Aug2026 11:23:59.500] [modloading-worker-0/DEBUG] [net.minecraftforge.fml.javafmlmod.AutomaticEventSubscriber/LOADING]: Auto-subscribing net.orcinus.overweightfarming.events.MobEvents to MOD
[25Aug2026 11:23:59.500] [modloading-worker-0/DEBUG] [net.minecraftforge.fml.javafmlmod.AutomaticEventSubscriber/LOADING]: Auto-subscribing net.orcinus.overweightfarming.events.MiscEvents to MOD
[25Aug2026 11:23:59.500] [modloading-worker-0/DEBUG] [net.minecraftforge.fml.javafmlmod.AutomaticEventSubscriber/LOADING]: Auto-subscribing net.orcinus.overweightfarming.data.OFDataGenerator to MOD
[25Aug2026 11:23:59.501] [modloading-worker-0/DEBUG] [net.minecraftforge.fml.javafmlmod.AutomaticEventSubscriber/LOADING]: Auto-subscribing net.orcinus.overweightfarming.config.OFConfig to FORGE
[25Aug2026 11:23:59.512] [modloading-worker-0/DEBUG] [net.minecraftforge.fml.javafmlmod.AutomaticEventSubscriber/LOADING]: Attempting to inject @EventBusSubscriber classes into the eventbus for fabric_entity_events_v1
[25Aug2026 11:23:59.554] [modloading-worker-0/INFO] [com.raiiiden.warborn.WARBORN/]: Loaded 2 bundled armor packs with 193 items
[25Aug2026 11:23:59.563] [modloading-worker-0/DEBUG] [net.minecraftforge.fml.config.ConfigTracker/CONFIG]: Config file fracturepoint-common.toml for fracturepoint tracking
[25Aug2026 11:23:59.565] [modloading-worker-0/DEBUG] [net.minecraftforge.fml.config.ConfigTracker/CONFIG]: Config file warborn-armor.toml for fracturepoint tracking
[25Aug2026 11:23:59.569] [modloading-worker-0/DEBUG] [net.minecraftforge.fml.javafmlmod.AutomaticEventSubscriber/LOADING]: Attempting to inject @EventBusSubscriber classes into the eventbus for fracturepoint
[25Aug2026 11:23:59.569] [modloading-worker-0/DEBUG] [net.minecraftforge.fml.javafmlmod.AutomaticEventSubscriber/LOADING]: Auto-subscribing com.raiiiden.warborn.common.event.WarbornCuriosSlots to MOD
[25Aug2026 11:23:59.570] [modloading-worker-0/DEBUG] [net.minecraftforge.fml.javafmlmod.AutomaticEventSubscriber/LOADING]: Auto-subscribing com.raiiiden.warborn.common.event.PlateSpeedHandler to FORGE
[25Aug2026 11:23:59.573] [modloading-worker-0/DEBUG] [net.minecraftforge.fml.javafmlmod.AutomaticEventSubscriber/LOADING]: Auto-subscribing com.raiiiden.warborn.common.event.PhantomPlateServerHandler to FORGE
[25Aug2026 11:23:59.574] [modloading-worker-0/DEBUG] [net.minecraftforge.fml.javafmlmod.AutomaticEventSubscriber/LOADING]: Auto-subscribing com.raiiiden.warborn.common.event.GoggleMountHandler to FORGE
[25Aug2026 11:23:59.577] [modloading-worker-0/DEBUG] [net.minecraftforge.fml.javafmlmod.AutomaticEventSubscriber/LOADING]: Auto-subscribing com.raiiiden.warborn.common.event.DamageHandler to FORGE
[25Aug2026 11:23:59.580] [modloading-worker-0/DEBUG] [net.minecraftforge.fml.javafmlmod.AutomaticEventSubscriber/LOADING]: Auto-subscribing com.raiiiden.warborn.common.event.CurioDurabilityHandler to FORGE
[25Aug2026 11:23:59.581] [modloading-worker-0/DEBUG] [net.minecraftforge.fml.javafmlmod.AutomaticEventSubscriber/LOADING]: Auto-subscribing com.raiiiden.warborn.common.event.CommandEvents to FORGE
[25Aug2026 11:23:59.582] [modloading-worker-0/DEBUG] [net.minecraftforge.fml.javafmlmod.AutomaticEventSubscriber/LOADING]: Auto-subscribing com.raiiiden.warborn.common.event.ArmorPlateCapabilityHandler to FORGE
[25Aug2026 11:23:59.582] [modloading-worker-0/DEBUG] [net.minecraftforge.fml.javafmlmod.AutomaticEventSubscriber/LOADING]: Auto-subscribing com.raiiiden.warborn.common.compat.lso.LSOCompatibilitySetup to MOD
[25Aug2026 11:23:59.632] [modloading-worker-0/INFO] [thedarkcolour.kotlinforforge.test.KotlinForForge/]: Kotlin For Forge Enabled!
[25Aug2026 11:23:59.634] [modloading-worker-0/DEBUG] [thedarkcolour.kotlinforforge.LoggerKt/LOADING]: Attempting to inject @EventBusSubscriber kotlin objects in to the event bus for kotlinforforge
[25Aug2026 11:23:59.643] [modloading-worker-0/DEBUG] [net.minecraftforge.fml.config.ConfigTracker/CONFIG]: Config file superbwarfare-client.toml for superbwarfare tracking
[25Aug2026 11:23:59.648] [modloading-worker-0/DEBUG] [net.minecraftforge.fml.config.ConfigTracker/CONFIG]: Config file superbwarfare-common.toml for superbwarfare tracking
[25Aug2026 11:23:59.665] [modloading-worker-0/DEBUG] [net.minecraftforge.fml.config.ConfigTracker/CONFIG]: Config file superbwarfare-server.toml for superbwarfare tracking
[25Aug2026 11:23:59.686] [modloading-worker-0/DEBUG] [mixin/]: Mixing ExplosionMixin from mixins.superbwarfare.json into net.minecraft.world.level.Explosion
[25Aug2026 11:23:59.697] [modloading-worker-0/DEBUG] [com.atsuishio.superbwarfare.Mod/]: Auto-registered perk 'vorpal_weapon' from JSON
[25Aug2026 11:23:59.698] [modloading-worker-0/DEBUG] [com.atsuishio.superbwarfare.Mod/]: Auto-registered perk 'volt_overload' from JSON
[25Aug2026 11:23:59.698] [modloading-worker-0/DEBUG] [com.atsuishio.superbwarfare.Mod/]: Auto-registered perk 'turbo_charger' from JSON
[25Aug2026 11:23:59.699] [modloading-worker-0/DEBUG] [com.atsuishio.superbwarfare.Mod/]: Auto-registered perk 'target_lock' from JSON
[25Aug2026 11:23:59.700] [modloading-worker-0/DEBUG] [com.atsuishio.superbwarfare.Mod/]: Auto-registered perk 'subsistence' from JSON
[25Aug2026 11:23:59.704] [modloading-worker-0/DEBUG] [com.atsuishio.superbwarfare.Mod/]: Auto-registered perk 'silver_bullet' from JSON
[25Aug2026 11:23:59.704] [modloading-worker-0/DEBUG] [com.atsuishio.superbwarfare.Mod/]: Auto-registered perk 'riot_bullet' from JSON
[25Aug2026 11:23:59.704] [modloading-worker-0/DEBUG] [com.atsuishio.superbwarfare.Mod/]: Auto-registered perk 'regeneration' from JSON
[25Aug2026 11:23:59.705] [modloading-worker-0/DEBUG] [com.atsuishio.superbwarfare.Mod/]: Auto-registered perk 'powerful_cooler' from JSON
[25Aug2026 11:23:59.705] [modloading-worker-0/DEBUG] [com.atsuishio.superbwarfare.Mod/]: Auto-registered perk 'poisonous_bullet' from JSON
[25Aug2026 11:23:59.705] [modloading-worker-0/DEBUG] [com.atsuishio.superbwarfare.Mod/]: Auto-registered perk 'phosphorus_flame_bullet' from JSON
[25Aug2026 11:23:59.706] [modloading-worker-0/DEBUG] [com.atsuishio.superbwarfare.Mod/]: Auto-registered perk 'phase_penetrating_bullet' from JSON
[25Aug2026 11:23:59.707] [modloading-worker-0/DEBUG] [com.atsuishio.superbwarfare.Mod/]: Auto-registered perk 'one_two_punch' from JSON
[25Aug2026 11:23:59.707] [modloading-worker-0/DEBUG] [com.atsuishio.superbwarfare.Mod/]: Auto-registered perk 'monster_hunter' from JSON
[25Aug2026 11:23:59.707] [modloading-worker-0/DEBUG] [com.atsuishio.superbwarfare.Mod/]: Auto-registered perk 'micro_missile' from JSON
[25Aug2026 11:23:59.707] [modloading-worker-0/DEBUG] [com.atsuishio.superbwarfare.Mod/]: Auto-registered perk 'magnificent_howl' from JSON
[25Aug2026 11:23:59.707] [modloading-worker-0/DEBUG] [com.atsuishio.superbwarfare.Mod/]: Auto-registered perk 'longer_wire' from JSON
[25Aug2026 11:23:59.708] [modloading-worker-0/DEBUG] [com.atsuishio.superbwarfare.Mod/]: Auto-registered perk 'killing_tally' from JSON
[25Aug2026 11:23:59.708] [modloading-worker-0/DEBUG] [mixin/]: Mixing accessor.LootTableForgeAccessor from puzzleslib.forge.mixins.json into net.minecraft.world.level.storage.loot.LootTable
[25Aug2026 11:23:59.708] [modloading-worker-0/DEBUG] [com.atsuishio.superbwarfare.Mod/]: Auto-registered perk 'kill_clip' from JSON
[25Aug2026 11:23:59.710] [modloading-worker-0/DEBUG] [com.atsuishio.superbwarfare.Mod/]: Auto-registered perk 'jhp_bullet' from JSON
[25Aug2026 11:23:59.711] [modloading-worker-0/DEBUG] [com.atsuishio.superbwarfare.Mod/]: Auto-registered perk 'incendiary_bullet' from JSON
[25Aug2026 11:23:59.712] [modloading-worker-0/DEBUG] [com.atsuishio.superbwarfare.Mod/]: Auto-registered perk 'high_impact_reserves' from JSON
[25Aug2026 11:23:59.712] [modloading-worker-0/DEBUG] [com.atsuishio.superbwarfare.Mod/]: Auto-registered perk 'heal_clip' from JSON
[25Aug2026 11:23:59.713] [modloading-worker-0/DEBUG] [com.atsuishio.superbwarfare.Mod/]: Auto-registered perk 'head_seeker' from JSON
[25Aug2026 11:23:59.713] [modloading-worker-0/DEBUG] [com.atsuishio.superbwarfare.Mod/]: Auto-registered perk 'he_bullet' from JSON
[25Aug2026 11:23:59.715] [modloading-worker-0/DEBUG] [com.atsuishio.superbwarfare.Mod/]: Auto-registered perk 'gutshot_straight' from JSON
[25Aug2026 11:23:59.715] [modloading-worker-0/DEBUG] [com.atsuishio.superbwarfare.Mod/]: Auto-registered perk 'fourth_times_charm' from JSON
[25Aug2026 11:23:59.716] [modloading-worker-0/DEBUG] [com.atsuishio.superbwarfare.Mod/]: Auto-registered perk 'firefly' from JSON
[25Aug2026 11:23:59.716] [modloading-worker-0/DEBUG] [com.atsuishio.superbwarfare.Mod/]: Auto-registered perk 'field_doctor' from JSON
[25Aug2026 11:23:59.716] [modloading-worker-0/DEBUG] [com.atsuishio.superbwarfare.Mod/]: Auto-registered perk 'fair_means' from JSON
[25Aug2026 11:23:59.716] [modloading-worker-0/DEBUG] [com.atsuishio.superbwarfare.Mod/]: Auto-registered perk 'eager_edge' from JSON
[25Aug2026 11:23:59.718] [modloading-worker-0/DEBUG] [com.atsuishio.superbwarfare.Mod/]: Auto-registered perk 'desperado' from JSON
[25Aug2026 11:23:59.718] [modloading-worker-0/DEBUG] [com.atsuishio.superbwarfare.Mod/]: Auto-registered perk 'cast_no_shadows' from JSON
[25Aug2026 11:23:59.719] [modloading-worker-0/DEBUG] [com.atsuishio.superbwarfare.Mod/]: Auto-registered perk 'brain_storm' from JSON
[25Aug2026 11:23:59.719] [modloading-worker-0/DEBUG] [com.atsuishio.superbwarfare.Mod/]: Auto-registered perk 'blade_bullet' from JSON
[25Aug2026 11:23:59.719] [modloading-worker-0/DEBUG] [com.atsuishio.superbwarfare.Mod/]: Auto-registered perk 'beast_bullet' from JSON
[25Aug2026 11:23:59.721] [modloading-worker-0/DEBUG] [com.atsuishio.superbwarfare.Mod/]: Auto-registered perk 'backpack_linked_magazine' from JSON
[25Aug2026 11:23:59.722] [modloading-worker-0/DEBUG] [com.atsuishio.superbwarfare.Mod/]: Auto-registered perk 'aqua_bullet' from JSON
[25Aug2026 11:23:59.722] [modloading-worker-0/DEBUG] [com.atsuishio.superbwarfare.Mod/]: Auto-registered perk 'ap_bullet' from JSON
[25Aug2026 11:23:59.736] [modloading-worker-0/DEBUG] [net.minecraftforge.fml.javafmlmod.AutomaticEventSubscriber/LOADING]: Attempting to inject @EventBusSubscriber classes into the eventbus for architectury
[25Aug2026 11:23:59.736] [modloading-worker-0/DEBUG] [net.minecraftforge.fml.javafmlmod.AutomaticEventSubscriber/LOADING]: Auto-subscribing dev.architectury.registry.level.entity.trade.forge.TradeRegistryImpl to FORGE
[25Aug2026 11:23:59.737] [modloading-worker-0/DEBUG] [net.minecraftforge.fml.javafmlmod.AutomaticEventSubscriber/LOADING]: Auto-subscribing dev.architectury.registry.forge.ReloadListenerRegistryImpl to FORGE
[25Aug2026 11:23:59.741] [modloading-worker-0/DEBUG] [net.minecraftforge.fml.javafmlmod.AutomaticEventSubscriber/LOADING]: Auto-subscribing dev.architectury.networking.forge.NetworkManagerImpl to FORGE
[25Aug2026 11:23:59.748] [modloading-worker-0/INFO] [dev.architectury.networking.forge.NetworkManagerImpl/]: Registering C2S receiver with id architectury:sync_ids
[25Aug2026 11:23:59.770] [modloading-worker-0/DEBUG] [mixin/]: Mixing LeggingsItemMixin from FarmAndCharm.mixins.json into net.satisfy.farm_and_charm.core.item.DungareesItem
[25Aug2026 11:23:59.860] [modloading-worker-0/DEBUG] [net.minecraftforge.fml.javafmlmod.AutomaticEventSubscriber/LOADING]: Attempting to inject @EventBusSubscriber classes into the eventbus for accessories
[25Aug2026 11:23:59.863] [modloading-worker-0/DEBUG] [net.minecraftforge.fml.javafmlmod.AutomaticEventSubscriber/LOADING]: Attempting to inject @EventBusSubscriber classes into the eventbus for securitycraft
[25Aug2026 11:23:59.864] [modloading-worker-0/DEBUG] [net.minecraftforge.fml.javafmlmod.AutomaticEventSubscriber/LOADING]: Auto-subscribing net.geforcemods.securitycraft.api.SecurityCraftAPI to MOD
[25Aug2026 11:23:59.865] [modloading-worker-0/DEBUG] [net.minecraftforge.fml.javafmlmod.AutomaticEventSubscriber/LOADING]: Auto-subscribing net.geforcemods.securitycraft.SecurityCraft to MOD
[25Aug2026 11:23:59.869] [modloading-worker-0/DEBUG] [net.minecraftforge.fml.javafmlmod.AutomaticEventSubscriber/LOADING]: Auto-subscribing net.geforcemods.securitycraft.SCEventHandler to FORGE
[25Aug2026 11:23:59.878] [modloading-worker-0/DEBUG] [net.minecraftforge.fml.javafmlmod.AutomaticEventSubscriber/LOADING]: Attempting to inject @EventBusSubscriber classes into the eventbus for justhammers
[25Aug2026 11:23:59.878] [modloading-worker-0/DEBUG] [net.minecraftforge.fml.javafmlmod.AutomaticEventSubscriber/LOADING]: Auto-subscribing pro.mikey.justhammers.forge.data.DataGenerators to MOD
[25Aug2026 11:23:59.882] [modloading-worker-0/DEBUG] [net.minecraftforge.fml.javafmlmod.AutomaticEventSubscriber/LOADING]: Attempting to inject @EventBusSubscriber classes into the eventbus for moremobvariants
[25Aug2026 11:23:59.890] [modloading-worker-0/DEBUG] [net.minecraftforge.fml.javafmlmod.AutomaticEventSubscriber/LOADING]: Attempting to inject @EventBusSubscriber classes into the eventbus for fabric_object_builder_api_v1
[25Aug2026 11:23:59.903] [modloading-worker-0/DEBUG] [net.minecraftforge.fml.javafmlmod.AutomaticEventSubscriber/LOADING]: Auto-subscribing net.geforcemods.securitycraft.RegistrationHandler to MOD
[25Aug2026 11:23:59.909] [modloading-worker-0/DEBUG] [net.minecraftforge.fml.javafmlmod.AutomaticEventSubscriber/LOADING]: Auto-subscribing net.geforcemods.securitycraft.ConfigHandler to MOD
[25Aug2026 11:23:59.912] [modloading-worker-0/DEBUG] [net.minecraftforge.fml.javafmlmod.AutomaticEventSubscriber/LOADING]: Attempting to inject @EventBusSubscriber classes into the eventbus for puzzleslib
[25Aug2026 11:23:59.913] [modloading-worker-0/DEBUG] [net.minecraftforge.fml.javafmlmod.AutomaticEventSubscriber/LOADING]: Auto-subscribing fuzs.puzzleslib.impl.PuzzlesLibForge to MOD
[25Aug2026 11:23:59.950] [modloading-worker-0/INFO] [dev.architectury.networking.forge.NetworkManagerImpl/]: Registering C2S receiver with id farm_and_charm:set_text
[25Aug2026 11:23:59.956] [modloading-worker-0/INFO] [Puzzles Lib/]: Constructing common components for puzzleslib:main
[25Aug2026 11:23:59.963] [modloading-worker-0/DEBUG] [net.minecraftforge.fml.javafmlmod.AutomaticEventSubscriber/LOADING]: Attempting to inject @EventBusSubscriber classes into the eventbus for farm_and_charm
[25Aug2026 11:23:59.964] [modloading-worker-0/DEBUG] [net.minecraftforge.fml.javafmlmod.AutomaticEventSubscriber/LOADING]: Attempting to inject @EventBusSubscriber classes into the eventbus for easyshulkerboxes
[25Aug2026 11:23:59.964] [modloading-worker-0/DEBUG] [net.minecraftforge.fml.javafmlmod.AutomaticEventSubscriber/LOADING]: Auto-subscribing fuzs.easyshulkerboxes.EasyShulkerBoxesForge to MOD
[25Aug2026 11:23:59.971] [modloading-worker-0/INFO] [Puzzles Lib/]: Constructing common components for easyshulkerboxes:main
[25Aug2026 11:24:00.133] [modloading-worker-0/DEBUG] [thedarkcolour.kotlinforforge.LoggerKt/LOADING]: Attempting to inject @EventBusSubscriber kotlin objects in to the event bus for superbwarfare
[25Aug2026 11:24:00.149] [modloading-worker-0/DEBUG] [thedarkcolour.kotlinforforge.LoggerKt/LOADING]: Auto-subscribing kotlin object net.minecraftforge.fml.common.Mod$EventBusSubscriber to FORGE
[25Aug2026 11:24:00.162] [modloading-worker-0/DEBUG] [thedarkcolour.kotlinforforge.LoggerKt/LOADING]: Auto-subscribing kotlin object net.minecraftforge.fml.common.Mod$EventBusSubscriber to FORGE
[25Aug2026 11:24:00.166] [modloading-worker-0/DEBUG] [thedarkcolour.kotlinforforge.LoggerKt/LOADING]: Auto-subscribing kotlin object net.minecraftforge.fml.common.Mod$EventBusSubscriber to FORGE
[25Aug2026 11:24:00.171] [modloading-worker-0/DEBUG] [thedarkcolour.kotlinforforge.LoggerKt/LOADING]: Auto-subscribing kotlin object net.minecraftforge.fml.common.Mod$EventBusSubscriber to FORGE
[25Aug2026 11:24:00.173] [modloading-worker-0/DEBUG] [net.minecraftforge.fml.javafmlmod.AutomaticEventSubscriber/LOADING]: Attempting to inject @EventBusSubscriber classes into the eventbus for mcwfurnitures
[25Aug2026 11:24:00.173] [modloading-worker-0/DEBUG] [net.minecraftforge.fml.javafmlmod.AutomaticEventSubscriber/LOADING]: Auto-subscribing com.mcwfurnitures.kikoz.init.EntityInit to MOD
[25Aug2026 11:24:00.173] [modloading-worker-0/DEBUG] [net.minecraftforge.fml.javafmlmod.AutomaticEventSubscriber/LOADING]: Auto-subscribing com.mcwfurnitures.kikoz.MacawsFurnitures to MOD
[25Aug2026 11:24:00.175] [modloading-worker-0/DEBUG] [thedarkcolour.kotlinforforge.LoggerKt/LOADING]: Auto-subscribing kotlin object net.minecraftforge.fml.common.Mod$EventBusSubscriber to MOD
[25Aug2026 11:24:00.180] [modloading-worker-0/DEBUG] [thedarkcolour.kotlinforforge.LoggerKt/LOADING]: Auto-subscribing kotlin object net.minecraftforge.fml.common.Mod$EventBusSubscriber to MOD
[25Aug2026 11:24:00.182] [modloading-worker-0/DEBUG] [thedarkcolour.kotlinforforge.LoggerKt/LOADING]: Auto-subscribing kotlin object net.minecraftforge.fml.common.Mod$EventBusSubscriber to MOD
[25Aug2026 11:24:00.184] [modloading-worker-0/DEBUG] [thedarkcolour.kotlinforforge.LoggerKt/LOADING]: Auto-subscribing kotlin object net.minecraftforge.fml.common.Mod$EventBusSubscriber to FORGE
[25Aug2026 11:24:00.191] [modloading-worker-0/DEBUG] [thedarkcolour.kotlinforforge.LoggerKt/LOADING]: Auto-subscribing kotlin object net.minecraftforge.fml.common.Mod$EventBusSubscriber to FORGE
[25Aug2026 11:24:00.195] [modloading-worker-0/DEBUG] [thedarkcolour.kotlinforforge.LoggerKt/LOADING]: Auto-subscribing kotlin object net.minecraftforge.fml.common.Mod$EventBusSubscriber to FORGE
[25Aug2026 11:24:00.200] [modloading-worker-0/DEBUG] [thedarkcolour.kotlinforforge.LoggerKt/LOADING]: Auto-subscribing kotlin object net.minecraftforge.fml.common.Mod$EventBusSubscriber to FORGE
[25Aug2026 11:24:00.203] [modloading-worker-0/DEBUG] [thedarkcolour.kotlinforforge.LoggerKt/LOADING]: Auto-subscribing kotlin object net.minecraftforge.fml.common.Mod$EventBusSubscriber to FORGE
[25Aug2026 11:24:00.206] [modloading-worker-0/DEBUG] [thedarkcolour.kotlinforforge.LoggerKt/LOADING]: Auto-subscribing kotlin object net.minecraftforge.fml.common.Mod$EventBusSubscriber to FORGE
[25Aug2026 11:24:00.211] [modloading-worker-0/DEBUG] [thedarkcolour.kotlinforforge.LoggerKt/LOADING]: Auto-subscribing kotlin object net.minecraftforge.fml.common.Mod$EventBusSubscriber to FORGE
[25Aug2026 11:24:00.216] [modloading-worker-0/DEBUG] [thedarkcolour.kotlinforforge.LoggerKt/LOADING]: Auto-subscribing kotlin object net.minecraftforge.fml.common.Mod$EventBusSubscriber to FORGE
[25Aug2026 11:24:00.220] [modloading-worker-0/DEBUG] [thedarkcolour.kotlinforforge.LoggerKt/LOADING]: Auto-subscribing kotlin object net.minecraftforge.fml.common.Mod$EventBusSubscriber to FORGE
[25Aug2026 11:24:00.249] [modloading-worker-0/DEBUG] [thedarkcolour.kotlinforforge.LoggerKt/LOADING]: Auto-subscribing kotlin object net.minecraftforge.fml.common.Mod$EventBusSubscriber to FORGE
[25Aug2026 11:24:00.252] [modloading-worker-0/DEBUG] [thedarkcolour.kotlinforforge.LoggerKt/LOADING]: Auto-subscribing kotlin object net.minecraftforge.fml.common.Mod$EventBusSubscriber to MOD
[25Aug2026 11:24:00.259] [modloading-worker-0/DEBUG] [thedarkcolour.kotlinforforge.LoggerKt/LOADING]: Auto-subscribing kotlin object net.minecraftforge.fml.common.Mod$EventBusSubscriber to FORGE
[25Aug2026 11:24:00.261] [modloading-worker-0/DEBUG] [thedarkcolour.kotlinforforge.LoggerKt/LOADING]: Auto-subscribing kotlin object net.minecraftforge.fml.common.Mod$EventBusSubscriber to FORGE
[25Aug2026 11:24:00.263] [modloading-worker-0/DEBUG] [thedarkcolour.kotlinforforge.LoggerKt/LOADING]: Auto-subscribing kotlin object net.minecraftforge.fml.common.Mod$EventBusSubscriber to FORGE
[25Aug2026 11:24:00.265] [modloading-worker-0/DEBUG] [thedarkcolour.kotlinforforge.LoggerKt/LOADING]: Auto-subscribing kotlin object net.minecraftforge.fml.common.Mod$EventBusSubscriber to MOD
[25Aug2026 11:24:00.271] [modloading-worker-0/DEBUG] [thedarkcolour.kotlinforforge.LoggerKt/LOADING]: Auto-subscribing kotlin object net.minecraftforge.fml.common.Mod$EventBusSubscriber to MOD
[25Aug2026 11:24:00.275] [modloading-worker-0/DEBUG] [thedarkcolour.kotlinforforge.LoggerKt/LOADING]: Auto-subscribing kotlin object net.minecraftforge.fml.common.Mod$EventBusSubscriber to MOD
[25Aug2026 11:24:00.284] [modloading-worker-0/DEBUG] [thedarkcolour.kotlinforforge.LoggerKt/LOADING]: Auto-subscribing kotlin object net.minecraftforge.fml.common.Mod$EventBusSubscriber to MOD
[25Aug2026 11:24:00.287] [modloading-worker-0/DEBUG] [thedarkcolour.kotlinforforge.LoggerKt/LOADING]: Auto-subscribing kotlin object net.minecraftforge.fml.common.Mod$EventBusSubscriber to MOD
[25Aug2026 11:24:00.290] [modloading-worker-0/DEBUG] [thedarkcolour.kotlinforforge.LoggerKt/LOADING]: Auto-subscribing kotlin object net.minecraftforge.fml.common.Mod$EventBusSubscriber to FORGE
[25Aug2026 11:24:00.297] [modloading-worker-0/DEBUG] [thedarkcolour.kotlinforforge.LoggerKt/LOADING]: Auto-subscribing kotlin object net.minecraftforge.fml.common.Mod$EventBusSubscriber to FORGE
[25Aug2026 11:24:00.304] [modloading-worker-0/DEBUG] [thedarkcolour.kotlinforforge.LoggerKt/LOADING]: Auto-subscribing kotlin object net.minecraftforge.fml.common.Mod$EventBusSubscriber to FORGE
[25Aug2026 11:24:00.308] [modloading-worker-0/DEBUG] [thedarkcolour.kotlinforforge.LoggerKt/LOADING]: Auto-subscribing kotlin object net.minecraftforge.fml.common.Mod$EventBusSubscriber to FORGE
[25Aug2026 11:24:00.310] [modloading-worker-0/DEBUG] [thedarkcolour.kotlinforforge.LoggerKt/LOADING]: Auto-subscribing kotlin object net.minecraftforge.fml.common.Mod$EventBusSubscriber to FORGE
[25Aug2026 11:24:00.312] [modloading-worker-0/DEBUG] [thedarkcolour.kotlinforforge.LoggerKt/LOADING]: Auto-subscribing kotlin object net.minecraftforge.fml.common.Mod$EventBusSubscriber to FORGE
[25Aug2026 11:24:00.318] [modloading-worker-0/DEBUG] [thedarkcolour.kotlinforforge.LoggerKt/LOADING]: Auto-subscribing kotlin object net.minecraftforge.fml.common.Mod$EventBusSubscriber to FORGE
[25Aug2026 11:24:00.334] [modloading-worker-0/DEBUG] [thedarkcolour.kotlinforforge.LoggerKt/LOADING]: Auto-subscribing kotlin object net.minecraftforge.fml.common.Mod$EventBusSubscriber to FORGE
[25Aug2026 11:24:00.341] [modloading-worker-0/DEBUG] [thedarkcolour.kotlinforforge.LoggerKt/LOADING]: Auto-subscribing kotlin object net.minecraftforge.fml.common.Mod$EventBusSubscriber to FORGE
[25Aug2026 11:24:00.343] [modloading-worker-0/DEBUG] [thedarkcolour.kotlinforforge.LoggerKt/LOADING]: Auto-subscribing kotlin object net.minecraftforge.fml.common.Mod$EventBusSubscriber to MOD
[25Aug2026 11:24:00.347] [modloading-worker-0/DEBUG] [thedarkcolour.kotlinforforge.LoggerKt/LOADING]: Auto-subscribing kotlin object net.minecraftforge.fml.common.Mod$EventBusSubscriber to FORGE
[25Aug2026 11:24:00.350] [modloading-worker-0/DEBUG] [thedarkcolour.kotlinforforge.LoggerKt/LOADING]: Auto-subscribing kotlin object net.minecraftforge.fml.common.Mod$EventBusSubscriber to FORGE
[25Aug2026 11:24:00.352] [modloading-worker-0/DEBUG] [thedarkcolour.kotlinforforge.LoggerKt/LOADING]: Auto-subscribing kotlin object net.minecraftforge.fml.common.Mod$EventBusSubscriber to FORGE
[25Aug2026 11:24:00.355] [modloading-worker-0/DEBUG] [thedarkcolour.kotlinforforge.LoggerKt/LOADING]: Auto-subscribing kotlin object net.minecraftforge.fml.common.Mod$EventBusSubscriber to MOD
[25Aug2026 11:24:00.357] [modloading-worker-0/DEBUG] [thedarkcolour.kotlinforforge.LoggerKt/LOADING]: Auto-subscribing kotlin object net.minecraftforge.fml.common.Mod$EventBusSubscriber to MOD
[25Aug2026 11:24:00.359] [modloading-worker-0/DEBUG] [thedarkcolour.kotlinforforge.LoggerKt/LOADING]: Auto-subscribing kotlin object net.minecraftforge.fml.common.Mod$EventBusSubscriber to FORGE
[25Aug2026 11:24:00.363] [modloading-worker-0/DEBUG] [thedarkcolour.kotlinforforge.LoggerKt/LOADING]: Auto-subscribing kotlin object net.minecraftforge.fml.common.Mod$EventBusSubscriber to FORGE
[25Aug2026 11:24:00.369] [modloading-worker-0/DEBUG] [thedarkcolour.kotlinforforge.LoggerKt/LOADING]: Auto-subscribing kotlin object net.minecraftforge.fml.common.Mod$EventBusSubscriber to MOD
[25Aug2026 11:24:00.372] [main/DEBUG] [net.minecraftforge.fml.DeferredWorkQueue/LOADING]: Dispatching synchronous work for work queue CONSTRUCT: 2 jobs
[25Aug2026 11:24:00.374] [main/DEBUG] [net.minecraftforge.fml.DeferredWorkQueue/LOADING]: Synchronous work queue completed in 1.241 ms
[25Aug2026 11:24:00.434] [main/DEBUG] [net.minecraftforge.common.capabilities.CapabilityManager/CAPABILITIES]: Attempting to automatically register: Lcom/atsuishio/superbwarfare/capability/living/PhosphorusFireCapability;
[25Aug2026 11:24:00.435] [main/DEBUG] [net.minecraftforge.common.capabilities.CapabilityManager/CAPABILITIES]: Attempting to automatically register: Lcom/atsuishio/superbwarfare/capability/player/PlayerVariable;
[25Aug2026 11:24:00.435] [main/DEBUG] [net.minecraftforge.common.capabilities.CapabilityManager/CAPABILITIES]: Attempting to automatically register: Lnet/minecraftforge/energy/IEnergyStorage;
[25Aug2026 11:24:00.435] [main/DEBUG] [net.minecraftforge.common.capabilities.CapabilityManager/CAPABILITIES]: Attempting to automatically register: Lnet/minecraftforge/fluids/capability/IFluidHandler;
[25Aug2026 11:24:00.435] [main/DEBUG] [net.minecraftforge.common.capabilities.CapabilityManager/CAPABILITIES]: Attempting to automatically register: Lnet/minecraftforge/fluids/capability/IFluidHandlerItem;
[25Aug2026 11:24:00.435] [main/DEBUG] [net.minecraftforge.common.capabilities.CapabilityManager/CAPABILITIES]: Attempting to automatically register: Lnet/minecraftforge/items/IItemHandler;
[25Aug2026 11:24:00.440] [main/WARN] [net.minecraftforge.registries.ForgeRegistry/REGISTRIES]: Registry minecraft:sound_event: The object net.minecraft.sounds.SoundEvent@6719b4a has been registered twice for the same name treechop:chop_wood.
[25Aug2026 11:24:05.949] [main/DEBUG] [software.bernie.geckolib.GeckoLib/]: Registered SyncedAnimatable for class com.atsuishio.superbwarfare.item.gun.special.RepairToolItem
[25Aug2026 11:24:05.950] [main/DEBUG] [software.bernie.geckolib.GeckoLib/]: Registered SyncedAnimatable for class com.atsuishio.superbwarfare.item.gun.special.TaserItem
[25Aug2026 11:24:05.950] [main/DEBUG] [software.bernie.geckolib.GeckoLib/]: Registered SyncedAnimatable for class com.atsuishio.superbwarfare.item.gun.handgun.Glock17Item
[25Aug2026 11:24:05.951] [main/DEBUG] [software.bernie.geckolib.GeckoLib/]: Registered SyncedAnimatable for class com.atsuishio.superbwarfare.item.gun.handgun.Glock18Item
[25Aug2026 11:24:05.952] [main/DEBUG] [software.bernie.geckolib.GeckoLib/]: Registered SyncedAnimatable for class com.atsuishio.superbwarfare.item.gun.handgun.Mp443Item
[25Aug2026 11:24:05.952] [main/DEBUG] [software.bernie.geckolib.GeckoLib/]: Registered SyncedAnimatable for class com.atsuishio.superbwarfare.item.gun.handgun.M1911Item
[25Aug2026 11:24:05.953] [main/DEBUG] [software.bernie.geckolib.GeckoLib/]: Registered SyncedAnimatable for class com.atsuishio.superbwarfare.item.gun.shotgun.HomemadeShotgunItem
[25Aug2026 11:24:05.954] [main/DEBUG] [software.bernie.geckolib.GeckoLib/]: Registered SyncedAnimatable for class com.atsuishio.superbwarfare.item.gun.handgun.TracheliumItem
[25Aug2026 11:24:05.954] [main/DEBUG] [software.bernie.geckolib.GeckoLib/]: Registered SyncedAnimatable for class com.atsuishio.superbwarfare.item.gun.smg.Mp5Item
[25Aug2026 11:24:05.955] [main/DEBUG] [software.bernie.geckolib.GeckoLib/]: Registered SyncedAnimatable for class com.atsuishio.superbwarfare.item.gun.smg.VectorItem
[25Aug2026 11:24:05.956] [main/DEBUG] [software.bernie.geckolib.GeckoLib/]: Registered SyncedAnimatable for class com.atsuishio.superbwarfare.item.gun.rifle.AK47Item
[25Aug2026 11:24:05.956] [main/DEBUG] [software.bernie.geckolib.GeckoLib/]: Registered SyncedAnimatable for class com.atsuishio.superbwarfare.item.gun.rifle.AK12Item
[25Aug2026 11:24:05.957] [main/DEBUG] [software.bernie.geckolib.GeckoLib/]: Registered SyncedAnimatable for class com.atsuishio.superbwarfare.item.gun.rifle.SksItem
[25Aug2026 11:24:05.958] [main/DEBUG] [software.bernie.geckolib.GeckoLib/]: Registered SyncedAnimatable for class com.atsuishio.superbwarfare.item.gun.rifle.M4Item
[25Aug2026 11:24:05.958] [main/DEBUG] [software.bernie.geckolib.GeckoLib/]: Registered SyncedAnimatable for class com.atsuishio.superbwarfare.item.gun.rifle.Hk416Item
[25Aug2026 11:24:05.959] [main/DEBUG] [software.bernie.geckolib.GeckoLib/]: Registered SyncedAnimatable for class com.atsuishio.superbwarfare.item.gun.rifle.Qbz95Item
[25Aug2026 11:24:05.960] [main/DEBUG] [software.bernie.geckolib.GeckoLib/]: Registered SyncedAnimatable for class com.atsuishio.superbwarfare.item.gun.rifle.Qbz191Item
[25Aug2026 11:24:05.961] [main/DEBUG] [software.bernie.geckolib.GeckoLib/]: Registered SyncedAnimatable for class com.atsuishio.superbwarfare.item.gun.rifle.InsidiousItem
[25Aug2026 11:24:05.961] [main/DEBUG] [software.bernie.geckolib.GeckoLib/]: Registered SyncedAnimatable for class com.atsuishio.superbwarfare.item.gun.rifle.Mk14Item
[25Aug2026 11:24:05.962] [main/DEBUG] [software.bernie.geckolib.GeckoLib/]: Registered SyncedAnimatable for class com.atsuishio.superbwarfare.item.gun.sniper.Ql1031Item
[25Aug2026 11:24:05.963] [main/DEBUG] [software.bernie.geckolib.GeckoLib/]: Registered SyncedAnimatable for class com.atsuishio.superbwarfare.item.gun.rifle.MarlinItem
[25Aug2026 11:24:05.964] [main/DEBUG] [software.bernie.geckolib.GeckoLib/]: Registered SyncedAnimatable for class com.atsuishio.superbwarfare.item.gun.sniper.K98Item
[25Aug2026 11:24:05.964] [main/DEBUG] [software.bernie.geckolib.GeckoLib/]: Registered SyncedAnimatable for class com.atsuishio.superbwarfare.item.gun.sniper.MosinNagantItem
[25Aug2026 11:24:05.965] [main/DEBUG] [software.bernie.geckolib.GeckoLib/]: Registered SyncedAnimatable for class com.atsuishio.superbwarfare.item.gun.sniper.SvdItem
[25Aug2026 11:24:05.966] [main/DEBUG] [software.bernie.geckolib.GeckoLib/]: Registered SyncedAnimatable for class com.atsuishio.superbwarfare.item.gun.sniper.AwmItem
[25Aug2026 11:24:05.967] [main/DEBUG] [software.bernie.geckolib.GeckoLib/]: Registered SyncedAnimatable for class com.atsuishio.superbwarfare.item.gun.sniper.M98bItem
[25Aug2026 11:24:05.968] [main/DEBUG] [software.bernie.geckolib.GeckoLib/]: Registered SyncedAnimatable for class com.atsuishio.superbwarfare.item.gun.sniper.SentinelItem
[25Aug2026 11:24:05.968] [main/DEBUG] [software.bernie.geckolib.GeckoLib/]: Registered SyncedAnimatable for class com.atsuishio.superbwarfare.item.gun.sniper.HuntingRifleItem
[25Aug2026 11:24:05.969] [main/DEBUG] [software.bernie.geckolib.GeckoLib/]: Registered SyncedAnimatable for class com.atsuishio.superbwarfare.item.gun.sniper.Ntw20Item
[25Aug2026 11:24:05.969] [main/DEBUG] [software.bernie.geckolib.GeckoLib/]: Registered SyncedAnimatable for class com.atsuishio.superbwarfare.item.gun.shotgun.M870Item
[25Aug2026 11:24:05.970] [main/DEBUG] [software.bernie.geckolib.GeckoLib/]: Registered SyncedAnimatable for class com.atsuishio.superbwarfare.item.gun.shotgun.Aa12Item
[25Aug2026 11:24:05.970] [main/DEBUG] [software.bernie.geckolib.GeckoLib/]: Registered SyncedAnimatable for class com.atsuishio.superbwarfare.item.gun.machinegun.DevotionItem
[25Aug2026 11:24:05.971] [main/DEBUG] [software.bernie.geckolib.GeckoLib/]: Registered SyncedAnimatable for class com.atsuishio.superbwarfare.item.gun.machinegun.RpkItem
[25Aug2026 11:24:05.972] [main/DEBUG] [software.bernie.geckolib.GeckoLib/]: Registered SyncedAnimatable for class com.atsuishio.superbwarfare.item.gun.machinegun.M60Item
[25Aug2026 11:24:05.973] [main/DEBUG] [software.bernie.geckolib.GeckoLib/]: Registered SyncedAnimatable for class com.atsuishio.superbwarfare.item.gun.machinegun.M2HBItem
[25Aug2026 11:24:05.973] [main/DEBUG] [software.bernie.geckolib.GeckoLib/]: Registered SyncedAnimatable for class com.atsuishio.superbwarfare.item.gun.machinegun.MinigunItem
[25Aug2026 11:24:05.974] [main/DEBUG] [software.bernie.geckolib.GeckoLib/]: Registered SyncedAnimatable for class com.atsuishio.superbwarfare.item.gun.launcher.M79Item
[25Aug2026 11:24:05.974] [main/DEBUG] [software.bernie.geckolib.GeckoLib/]: Registered SyncedAnimatable for class com.atsuishio.superbwarfare.item.gun.launcher.SecondaryCataclysmItem
[25Aug2026 11:24:05.975] [main/DEBUG] [software.bernie.geckolib.GeckoLib/]: Registered SyncedAnimatable for class com.atsuishio.superbwarfare.item.gun.launcher.RpgItem
[25Aug2026 11:24:05.976] [main/DEBUG] [software.bernie.geckolib.GeckoLib/]: Registered SyncedAnimatable for class com.atsuishio.superbwarfare.item.gun.launcher.JavelinItem
[25Aug2026 11:24:05.977] [main/DEBUG] [software.bernie.geckolib.GeckoLib/]: Registered SyncedAnimatable for class com.atsuishio.superbwarfare.item.gun.launcher.IglaItem
[25Aug2026 11:24:05.978] [main/DEBUG] [software.bernie.geckolib.GeckoLib/]: Registered SyncedAnimatable for class com.atsuishio.superbwarfare.item.gun.special.BocekItem
[25Aug2026 11:24:05.978] [main/DEBUG] [software.bernie.geckolib.GeckoLib/]: Registered SyncedAnimatable for class com.atsuishio.superbwarfare.item.gun.launcher.SuperStarShooterItem
[25Aug2026 11:24:06.306] [main/DEBUG] [software.bernie.geckolib.GeckoLib/]: Registered SyncedAnimatable for class com.raiiiden.warborn.common.item.ArmorPlateItem
[25Aug2026 11:24:06.306] [main/DEBUG] [software.bernie.geckolib.GeckoLib/]: Registered SyncedAnimatable for class com.raiiiden.warborn.common.item.ArmorPlateItem
[25Aug2026 11:24:06.306] [main/DEBUG] [software.bernie.geckolib.GeckoLib/]: Registered SyncedAnimatable for class com.raiiiden.warborn.common.item.ArmorPlateItem
[25Aug2026 11:24:06.306] [main/DEBUG] [software.bernie.geckolib.GeckoLib/]: Registered SyncedAnimatable for class com.raiiiden.warborn.common.item.ArmorPlateItem
[25Aug2026 11:24:06.306] [main/DEBUG] [software.bernie.geckolib.GeckoLib/]: Registered SyncedAnimatable for class com.raiiiden.warborn.common.item.ArmorPlateItem
[25Aug2026 11:24:06.307] [main/DEBUG] [software.bernie.geckolib.GeckoLib/]: Registered SyncedAnimatable for class com.raiiiden.warborn.common.item.SyringeItem
[25Aug2026 11:24:06.307] [main/DEBUG] [software.bernie.geckolib.GeckoLib/]: Registered SyncedAnimatable for class com.raiiiden.warborn.common.item.SyringeItem
[25Aug2026 11:24:06.307] [main/DEBUG] [software.bernie.geckolib.GeckoLib/]: Registered SyncedAnimatable for class com.raiiiden.warborn.common.item.NVGHandItem
[25Aug2026 11:24:06.654] [main/DEBUG] [net.minecraftforge.fml.config.ConfigTracker/CONFIG]: Loading configs type COMMON
[25Aug2026 11:24:06.655] [main/DEBUG] [net.minecraftforge.fml.config.ConfigFileTypeHandler/CONFIG]: Built TOML config for /workspaces/Marangooners/servidor_minecraft/config/treechop-common.toml
[25Aug2026 11:24:06.656] [main/DEBUG] [net.minecraftforge.fml.config.ConfigFileTypeHandler/CONFIG]: Loaded TOML config file /workspaces/Marangooners/servidor_minecraft/config/treechop-common.toml
[25Aug2026 11:24:06.661] [main/DEBUG] [net.minecraftforge.fml.config.ConfigFileTypeHandler/CONFIG]: Watching TOML config file /workspaces/Marangooners/servidor_minecraft/config/treechop-common.toml for changes
[25Aug2026 11:24:06.663] [Thread-1/DEBUG] [net.minecraftforge.fml.config.ConfigFileTypeHandler/CONFIG]: Config file treechop-common.toml changed, sending notifies
[25Aug2026 11:24:06.664] [main/DEBUG] [net.minecraftforge.fml.config.ConfigFileTypeHandler/CONFIG]: Built TOML config for /workspaces/Marangooners/servidor_minecraft/config/tacz-common.toml
[25Aug2026 11:24:06.664] [main/DEBUG] [net.minecraftforge.fml.config.ConfigFileTypeHandler/CONFIG]: Loaded TOML config file /workspaces/Marangooners/servidor_minecraft/config/tacz-common.toml
[25Aug2026 11:24:06.665] [main/DEBUG] [net.minecraftforge.fml.config.ConfigFileTypeHandler/CONFIG]: Watching TOML config file /workspaces/Marangooners/servidor_minecraft/config/tacz-common.toml for changes
[25Aug2026 11:24:06.665] [Thread-1/DEBUG] [net.minecraftforge.fml.config.ConfigFileTypeHandler/CONFIG]: Config file tacz-common.toml changed, sending notifies
[25Aug2026 11:24:06.665] [main/DEBUG] [net.minecraftforge.fml.config.ConfigFileTypeHandler/CONFIG]: Built TOML config for /workspaces/Marangooners/servidor_minecraft/config/sophisticatedcore-common.toml
[25Aug2026 11:24:06.666] [main/DEBUG] [net.minecraftforge.fml.config.ConfigFileTypeHandler/CONFIG]: Loaded TOML config file /workspaces/Marangooners/servidor_minecraft/config/sophisticatedcore-common.toml
[25Aug2026 11:24:06.666] [main/DEBUG] [net.minecraftforge.fml.config.ConfigFileTypeHandler/CONFIG]: Watching TOML config file /workspaces/Marangooners/servidor_minecraft/config/sophisticatedcore-common.toml for changes
[25Aug2026 11:24:06.667] [main/DEBUG] [net.minecraftforge.fml.config.ConfigFileTypeHandler/CONFIG]: Built TOML config for /workspaces/Marangooners/servidor_minecraft/config/takesapillage-common.toml
[25Aug2026 11:24:06.667] [Thread-1/DEBUG] [net.minecraftforge.fml.config.ConfigFileTypeHandler/CONFIG]: Config file tacz-common.toml changed, sending notifies
[25Aug2026 11:24:06.667] [main/DEBUG] [net.minecraftforge.fml.config.ConfigFileTypeHandler/CONFIG]: Loaded TOML config file /workspaces/Marangooners/servidor_minecraft/config/takesapillage-common.toml
[25Aug2026 11:24:06.667] [main/DEBUG] [net.minecraftforge.fml.config.ConfigFileTypeHandler/CONFIG]: Watching TOML config file /workspaces/Marangooners/servidor_minecraft/config/takesapillage-common.toml for changes
[25Aug2026 11:24:06.667] [Thread-1/DEBUG] [net.minecraftforge.fml.config.ConfigFileTypeHandler/CONFIG]: Config file takesapillage-common.toml changed, sending notifies
[25Aug2026 11:24:06.668] [main/DEBUG] [net.minecraftforge.fml.config.ConfigFileTypeHandler/CONFIG]: Built TOML config for /workspaces/Marangooners/servidor_minecraft/config/sophisticatedbackpacks-common.toml
[25Aug2026 11:24:06.668] [main/DEBUG] [net.minecraftforge.fml.config.ConfigFileTypeHandler/CONFIG]: Loaded TOML config file /workspaces/Marangooners/servidor_minecraft/config/sophisticatedbackpacks-common.toml
[25Aug2026 11:24:06.668] [Thread-1/DEBUG] [net.minecraftforge.fml.config.ConfigFileTypeHandler/CONFIG]: Config file takesapillage-common.toml changed, sending notifies
[25Aug2026 11:24:06.668] [main/DEBUG] [net.minecraftforge.fml.config.ConfigFileTypeHandler/CONFIG]: Watching TOML config file /workspaces/Marangooners/servidor_minecraft/config/sophisticatedbackpacks-common.toml for changes
[25Aug2026 11:24:06.669] [Thread-1/DEBUG] [net.minecraftforge.fml.config.ConfigFileTypeHandler/CONFIG]: Config file sophisticatedbackpacks-common.toml changed, sending notifies
[25Aug2026 11:24:06.669] [main/DEBUG] [net.minecraftforge.fml.config.ConfigFileTypeHandler/CONFIG]: Built TOML config for /workspaces/Marangooners/servidor_minecraft/config/carryon-common.toml
[25Aug2026 11:24:06.669] [Thread-1/DEBUG] [net.minecraftforge.fml.config.ConfigFileTypeHandler/CONFIG]: Config file sophisticatedbackpacks-common.toml changed, sending notifies
[25Aug2026 11:24:06.669] [main/DEBUG] [net.minecraftforge.fml.config.ConfigFileTypeHandler/CONFIG]: Loaded TOML config file /workspaces/Marangooners/servidor_minecraft/config/carryon-common.toml
[25Aug2026 11:24:06.669] [main/DEBUG] [net.minecraftforge.fml.config.ConfigFileTypeHandler/CONFIG]: Watching TOML config file /workspaces/Marangooners/servidor_minecraft/config/carryon-common.toml for changes
[25Aug2026 11:24:06.721] [Thread-1/DEBUG] [net.minecraftforge.fml.config.ConfigFileTypeHandler/CONFIG]: Config file carryon-common.toml changed, sending notifies
[25Aug2026 11:24:06.721] [main/DEBUG] [net.minecraftforge.fml.config.ConfigFileTypeHandler/CONFIG]: Built TOML config for /workspaces/Marangooners/servidor_minecraft/config/farmersdelight-common.toml
[25Aug2026 11:24:06.722] [main/DEBUG] [net.minecraftforge.fml.config.ConfigFileTypeHandler/CONFIG]: Loaded TOML config file /workspaces/Marangooners/servidor_minecraft/config/farmersdelight-common.toml
[25Aug2026 11:24:06.722] [main/DEBUG] [net.minecraftforge.fml.config.ConfigFileTypeHandler/CONFIG]: Watching TOML config file /workspaces/Marangooners/servidor_minecraft/config/farmersdelight-common.toml for changes
[25Aug2026 11:24:06.723] [main/DEBUG] [net.minecraftforge.fml.config.ConfigFileTypeHandler/CONFIG]: Built TOML config for /workspaces/Marangooners/servidor_minecraft/config/endrem.toml
[25Aug2026 11:24:06.723] [main/DEBUG] [net.minecraftforge.fml.config.ConfigFileTypeHandler/CONFIG]: Loaded TOML config file /workspaces/Marangooners/servidor_minecraft/config/endrem.toml
[25Aug2026 11:24:06.723] [main/DEBUG] [net.minecraftforge.fml.config.ConfigFileTypeHandler/CONFIG]: Watching TOML config file /workspaces/Marangooners/servidor_minecraft/config/endrem.toml for changes
[25Aug2026 11:24:06.724] [main/DEBUG] [net.minecraftforge.fml.config.ConfigFileTypeHandler/CONFIG]: Built TOML config for /workspaces/Marangooners/servidor_minecraft/config/curios-common.toml
[25Aug2026 11:24:06.724] [main/DEBUG] [net.minecraftforge.fml.config.ConfigFileTypeHandler/CONFIG]: Loaded TOML config file /workspaces/Marangooners/servidor_minecraft/config/curios-common.toml
[25Aug2026 11:24:06.724] [main/DEBUG] [net.minecraftforge.fml.config.ConfigFileTypeHandler/CONFIG]: Watching TOML config file /workspaces/Marangooners/servidor_minecraft/config/curios-common.toml for changes
[25Aug2026 11:24:06.724] [main/DEBUG] [net.minecraftforge.fml.config.ConfigFileTypeHandler/CONFIG]: Built TOML config for /workspaces/Marangooners/servidor_minecraft/config/overweight_farming-common.toml
[25Aug2026 11:24:06.724] [main/DEBUG] [net.minecraftforge.fml.config.ConfigFileTypeHandler/CONFIG]: Loaded TOML config file /workspaces/Marangooners/servidor_minecraft/config/overweight_farming-common.toml
[25Aug2026 11:24:06.724] [main/DEBUG] [net.minecraftforge.fml.config.ConfigFileTypeHandler/CONFIG]: Watching TOML config file /workspaces/Marangooners/servidor_minecraft/config/overweight_farming-common.toml for changes
[25Aug2026 11:24:06.725] [main/DEBUG] [net.minecraftforge.fml.config.ConfigFileTypeHandler/CONFIG]: Built TOML config for /workspaces/Marangooners/servidor_minecraft/config/fracturepoint-common.toml
[25Aug2026 11:24:06.725] [main/DEBUG] [net.minecraftforge.fml.config.ConfigFileTypeHandler/CONFIG]: Loaded TOML config file /workspaces/Marangooners/servidor_minecraft/config/fracturepoint-common.toml
[25Aug2026 11:24:06.725] [main/DEBUG] [net.minecraftforge.fml.config.ConfigFileTypeHandler/CONFIG]: Watching TOML config file /workspaces/Marangooners/servidor_minecraft/config/fracturepoint-common.toml for changes
[25Aug2026 11:24:06.726] [main/DEBUG] [net.minecraftforge.fml.config.ConfigFileTypeHandler/CONFIG]: Built TOML config for /workspaces/Marangooners/servidor_minecraft/config/warborn-armor.toml
[25Aug2026 11:24:06.726] [main/DEBUG] [net.minecraftforge.fml.config.ConfigFileTypeHandler/CONFIG]: Loaded TOML config file /workspaces/Marangooners/servidor_minecraft/config/warborn-armor.toml
[25Aug2026 11:24:06.726] [main/DEBUG] [net.minecraftforge.fml.config.ConfigFileTypeHandler/CONFIG]: Watching TOML config file /workspaces/Marangooners/servidor_minecraft/config/warborn-armor.toml for changes
[25Aug2026 11:24:06.727] [main/DEBUG] [net.minecraftforge.fml.config.ConfigFileTypeHandler/CONFIG]: Built TOML config for /workspaces/Marangooners/servidor_minecraft/config/superbwarfare-common.toml
[25Aug2026 11:24:06.727] [main/DEBUG] [net.minecraftforge.fml.config.ConfigFileTypeHandler/CONFIG]: Loaded TOML config file /workspaces/Marangooners/servidor_minecraft/config/superbwarfare-common.toml
[25Aug2026 11:24:06.727] [main/DEBUG] [net.minecraftforge.fml.config.ConfigFileTypeHandler/CONFIG]: Watching TOML config file /workspaces/Marangooners/servidor_minecraft/config/superbwarfare-common.toml for changes
[25Aug2026 11:24:06.764] [Thread-1/DEBUG] [net.minecraftforge.fml.config.ConfigFileTypeHandler/CONFIG]: Config file carryon-common.toml changed, sending notifies
[25Aug2026 11:24:06.767] [modloading-worker-0/DEBUG] [mixin/]: Mixing MixinSlotAttribute from curios.mixins.json into top.theillusivec4.curios.api.SlotAttribute
[25Aug2026 11:24:06.924] [modloading-worker-0/DEBUG] [mixin/]: Mixing MixinCuriosApi from curios.mixins.json into top.theillusivec4.curios.api.CuriosApi
[25Aug2026 11:24:06.953] [Thread-1/DEBUG] [net.minecraftforge.fml.config.ConfigFileTypeHandler/CONFIG]: Config file farmersdelight-common.toml changed, sending notifies
[25Aug2026 11:24:07.070] [modloading-worker-0/DEBUG] [mixin/]: Mixing CriteriaTriggersAccessor from accessories-common.mixins.json into net.minecraft.advancements.CriteriaTriggers
[25Aug2026 11:24:07.071] [modloading-worker-0/DEBUG] [mixin/]: Mixing CriteriaAccessor from fabric-object-builder-v1.mixins.json into net.minecraft.advancements.CriteriaTriggers
[25Aug2026 11:24:07.071] [modloading-worker-0/DEBUG] [mixin/]: fabric-object-builder-v1.mixins.json:CriteriaAccessor: Class version 61 required is higher than the class version supported by the current version of Mixin (JAVA_16 supports class version 60)
[25Aug2026 11:24:07.071] [modloading-worker-0/DEBUG] [mixin/]: Renaming @Invoker method callRegister(Lnet/minecraft/advancements/CriterionTrigger;)Lnet/minecraft/advancements/CriterionTrigger; to callRegister_$md$08027c$1 in fabric-object-builder-v1.mixins.json:CriteriaAccessor
[25Aug2026 11:24:07.103] [modloading-worker-0/INFO] [com.github.nyuppo.MoreMobVariants/]: Giving mobs a fresh coat of paint...
[25Aug2026 11:24:07.146] [modloading-worker-0/DEBUG] [mixin/]: Mixing MixinNbtPredicate from curios.mixins.json into net.minecraft.advancements.critereon.NbtPredicate
[25Aug2026 11:24:07.238] [modloading-worker-0/INFO] [com.atsuishio.superbwarfare.Mod/]: Now Loading...
* This Mod used to be made by MCreator *
  _____  ______  __          __ 
 / ____| |  __ \ \ \        / / 
| (___   | |__) | \ \  /\  / /  
 \___ \  |  __ (   \ \/  \/ /   
 ____) | | |__) |   \  /\  /    
|_____/  |_____/     \/  \/
* Superb Warfare - Version: 0.8.9.1 *
[25Aug2026 11:24:07.239] [main/DEBUG] [net.minecraftforge.fml.DeferredWorkQueue/LOADING]: Dispatching synchronous work for work queue COMMON_SETUP: 26 jobs
[25Aug2026 11:24:07.358] [main/INFO] [tacz/SYNCED_ENTITY_DATA_TAC_COPY]: Registered synced data key tacz:shoot_cool_down for minecraft:living_entity
[25Aug2026 11:24:07.361] [main/INFO] [tacz/SYNCED_ENTITY_DATA_TAC_COPY]: Registered synced data key tacz:melee_cool_down for minecraft:living_entity
[25Aug2026 11:24:07.361] [main/INFO] [tacz/SYNCED_ENTITY_DATA_TAC_COPY]: Registered synced data key tacz:reload_state for minecraft:living_entity
[25Aug2026 11:24:07.361] [main/INFO] [tacz/SYNCED_ENTITY_DATA_TAC_COPY]: Registered synced data key tacz:aiming_progress for minecraft:living_entity
[25Aug2026 11:24:07.362] [main/INFO] [tacz/SYNCED_ENTITY_DATA_TAC_COPY]: Registered synced data key tacz:draw_cool_down for minecraft:living_entity
[25Aug2026 11:24:07.362] [main/INFO] [tacz/SYNCED_ENTITY_DATA_TAC_COPY]: Registered synced data key tacz:is_aiming for minecraft:living_entity
[25Aug2026 11:24:07.362] [main/INFO] [tacz/SYNCED_ENTITY_DATA_TAC_COPY]: Registered synced data key tacz:sprint_time for minecraft:living_entity
[25Aug2026 11:24:07.362] [main/INFO] [tacz/SYNCED_ENTITY_DATA_TAC_COPY]: Registered synced data key tacz:is_bolting for minecraft:living_entity
[25Aug2026 11:24:07.363] [main/INFO] [tacz/SYNCED_ENTITY_DATA_TAC_COPY]: Registered synced data key tacz:throwable_using for minecraft:living_entity
[25Aug2026 11:24:07.395] [main/INFO] [com.raiiiden.warborn.common.compat.lso.LSOCompatibilitySetup/]: Initializing LSO compatibility...
[25Aug2026 11:24:07.396] [main/INFO] [com.raiiiden.warborn.common.compat.lso.LSOCompatibilityHelper/]: Legendary Survival Overhaul not found — skipping compat.
[25Aug2026 11:24:07.408] [main/DEBUG] [net.minecraftforge.fml.DeferredWorkQueue/LOADING]: Synchronous work queue completed in 168.6 ms
[25Aug2026 11:24:07.441] [main/DEBUG] [net.minecraftforge.fml.DeferredWorkQueue/LOADING]: Dispatching synchronous work for work queue ENQUEUE_IMC: 5 jobs
[25Aug2026 11:24:07.445] [main/DEBUG] [net.minecraftforge.fml.DeferredWorkQueue/LOADING]: Synchronous work queue completed in 3.295 ms
[25Aug2026 11:24:07.528] [Forge Version Check/INFO] [net.minecraftforge.fml.VersionChecker/]: [easyanvils] Starting version check at https://raw.githubusercontent.com/Fuzss/modresources/main/update/easyanvils.json
[25Aug2026 11:24:07.933] [Forge Version Check/DEBUG] [net.minecraftforge.fml.VersionChecker/]: [easyanvils] Received version check data:
{
    "homepage": "https://github.com/Fuzss/easyanvils",
    "promos": {
        "1.19.2-latest": "4.0.11",
        "1.19.2-recommended": "4.0.11",
        "1.19.3-latest": "5.0.1",
        "1.19.3-recommended": "5.0.1",
        "1.19.4-latest": "6.0.0",
        "1.19.4-recommended": "6.0.0",
        "1.20-latest": "7.0.0",
        "1.20-recommended": "7.0.0",
        "1.20.1-latest": "8.0.2",
        "1.20.1-recommended": "8.0.2",
        "1.18.2-latest": "3.0.0",
        "1.18.2-recommended": "3.0.0",
        "1.20.4-latest": "20.4.6",
        "1.20.4-recommended": "20.4.6",
        "1.21-latest": "21.0.5",
        "1.21-recommended": "21.0.5",
        "1.21.1-latest": "21.1.0",
        "1.21.1-recommended": "21.1.0",
        "1.21.3-latest": "21.3.1",
        "1.21.3-recommended": "21.3.1",
        "1.21.4-latest": "21.4.1",
        "1.21.4-recommended": "21.4.1",
        "1.21.5-latest": "21.5.1",
        "1.21.5-recommended": "21.5.1",
        "1.21.6-latest": "21.6.0",
        "1.21.6-recommended": "21.6.0",
        "1.21.7-latest": "21.7.0",
        "1.21.7-recommended": "21.7.0",
        "1.21.8-latest": "21.8.0",
        "1.21.8-recommended": "21.8.0",
        "1.21.9-latest": "21.9.0",
        "1.21.9-recommended": "21.9.0",
        "1.21.10-latest": "21.10.0",
        "1.21.10-recommended": "21.10.0"
    }
}
[25Aug2026 11:24:07.934] [Forge Version Check/INFO] [net.minecraftforge.fml.VersionChecker/]: [easyanvils] Found status: UP_TO_DATE Current: 8.0.2 Target: null
[25Aug2026 11:24:07.935] [Forge Version Check/INFO] [net.minecraftforge.fml.VersionChecker/]: [puzzlesapi] Starting version check at https://raw.githubusercontent.com/Fuzss/modresources/main/update/puzzlesapi.json
[25Aug2026 11:24:07.945] [Forge Version Check/DEBUG] [net.minecraftforge.fml.VersionChecker/]: [puzzlesapi] Received version check data:
{
    "homepage": "https://github.com/Fuzss/puzzlesapi",
    "promos": {}
}
[25Aug2026 11:24:07.945] [Forge Version Check/INFO] [net.minecraftforge.fml.VersionChecker/]: [puzzlesapi] Found status: BETA Current: 8.1.6 Target: null
[25Aug2026 11:24:07.946] [Forge Version Check/INFO] [net.minecraftforge.fml.VersionChecker/]: [mr_ore_veinminer] Starting version check at https://api.modrinth.com/updates/Xl2GihRU/forge_updates.json
[25Aug2026 11:24:08.117] [Forge Version Check/DEBUG] [net.minecraftforge.fml.VersionChecker/]: [mr_ore_veinminer] Received version check data:
{"homepage":"https://modrinth.com/mod/Xl2GihRU","promos":{"26.2-latest":"2.0+mod","26.1-snapshot-11-recommended":"1.2+mod","1.20.5-rc1-latest":"1.0+mod","1.21.4-pre3-latest":"1.2+mod","26.2-snapshot-7-recommended":"26.1+mod","26.2-rc-1-recommended":"26.1+mod","26.1-latest":"2.0+mod","1.21.2-pre5-recommended":"1.2+mod","1.21.9-rc1-recommended":"1.2+mod","26.2-snapshot-4-recommended":"26.1+mod","1.21.11-rc1-latest":"1.2+mod","1.21.1-rc1-recommended":"1.2+mod","1.21.11-pre3-recommended":"1.2+mod","26.1-snapshot-8-recommended":"1.2+mod","26.1-snapshot-11-latest":"1.2+mod","1.21.2-recommended":"2.0+mod","26.1-snapshot-3-recommended":"1.2+mod","26.2-pre-1-latest":"26.1+mod","1.21-pre2-recommended":"1.2+mod","25w46a-latest":"1.2+mod","26w14a-recommended":"26.1+mod","1.21.11-pre4-latest":"1.2+mod","1.18.1-recommended":"1.2+mod","1.21.9-rc1-latest":"1.2+mod","26.1-pre-3-recommended":"26.1+mod","1.21-rc1-recommended":"1.2+mod","26.2-pre-4-latest":"26.1+mod","1.20.3-recommended":"1.2+mod","1.19.2-latest":"1.2+mod","1.21.7-rc2-latest":"1.2+mod","1.21.4-rc2-recommended":"1.2+mod","1.21.11-pre5-recommended":"1.2+mod","1.21.9-pre4-latest":"1.2+mod","26.2-pre-6-recommended":"26.1+mod","1.19.1-latest":"1.2+mod","1.21.5-pre3-latest":"1.2+mod","26.2-snapshot-1-latest":"26.1+mod","1.21.10-rc1-latest":"1.2+mod","1.21.4-pre2-recommended":"1.2+mod","26.2-pre-6-latest":"26.1+mod","1.21.11-pre5-latest":"1.2+mod","1.21.3-latest":"2.0+mod","26.1-rc-1-latest":"26.1+mod","1.21.4-pre3-recommended":"1.2+mod","1.18.2-recommended":"1.2+mod","1.20-recommended":"1.2+mod","1.21.5-pre3-recommended":"1.2+mod","26.1-snapshot-10-recommended":"1.2+mod","1.21.11-pre1-latest":"1.2+mod","1.18.2-latest":"1.2+mod","26.1.2-rc-1-recommended":"26.1+mod","1.19.4-recommended":"1.2+mod","1.20.5-latest":"1.2+mod","1.21-pre4-latest":"1.2+mod","1.19.4-latest":"1.2+mod","1.21.11-latest":"2.0+mod","1.21-pre3-latest":"1.2+mod","1.21.2-pre2-recommended":"1.2+mod","1.21.2-rc2-recommended":"1.2+mod","1.21.5-rc1-recommended":"1.2+mod","1.21.5-pre2-latest":"1.2+mod","26.1-pre-1-recommended":"26.1+mod","25w42a-recommended":"1.2+mod","1.21.6-rc1-recommended":"1.2+mod","26.1-rc-3-recommended":"26.1+mod","1.20.6-latest":"1.2+mod","26.2-recommended":"2.0+mod","1.20.6-recommended":"1.2+mod","1.17.1-latest":"1.2+mod","1.21.11-pre3-latest":"1.2+mod","1.21-rc1-latest":"1.2+mod","1.21.7-rc1-latest":"1.2+mod","26.1-snapshot-2-latest":"1.2+mod","1.21.8-recommended":"2.0+mod","1.21.5-recommended":"2.0+mod","1.21.4-rc2-latest":"1.2+mod","1.21.6-rc1-latest":"1.2+mod","26.2-snapshot-2-recommended":"26.1+mod","1.21.11-rc2-recommended":"1.2+mod","1.21.9-pre2-latest":"1.2+mod","26.2-pre-4-recommended":"26.1+mod","26.1-rc-3-latest":"26.1+mod","26.2-snapshot-6-latest":"26.1+mod","26.1.2-recommended":"2.0+mod","1.21-pre3-recommended":"1.2+mod","1.21.1-recommended":"1.2+mod","1.21.2-rc1-latest":"1.2+mod","1.20.5-rc1-recommended":"1.0+mod","1.21.5-pre1-latest":"1.2+mod","1.21.3-recommended":"2.0+mod","1.21.4-pre1-recommended":"1.2+mod","1.21-pre1-latest":"1.2+mod","26.2-rc-2-latest":"26.1+mod","26.2-pre-3-recommended":"26.1+mod","1.21.6-pre1-latest":"1.2+mod","26.1-recommended":"2.0+mod","26.1-rc-2-recommended":"26.1+mod","26.1-rc-2-latest":"26.1+mod","1.21.5-pre1-recommended":"1.2+mod","1.20.1-recommended":"1.2+mod","1.21.11-pre4-recommended":"1.2+mod","1.21.2-pre4-latest":"1.2+mod","1.21.7-rc2-recommended":"1.2+mod","26.1-snapshot-7-recommended":"1.2+mod","26.1-snapshot-6-latest":"1.2+mod","1.21.5-rc2-recommended":"1.2+mod","1.21.5-latest":"2.0+mod","1.21.9-pre4-recommended":"1.2+mod","1.21.1-latest":"1.2+mod","1.21.4-rc3-latest":"1.2+mod","26.2-pre-5-latest":"26.1+mod","1.21.4-recommended":"2.0+mod","26.1.2-rc-1-latest":"26.1+mod","1.21.11-rc2-latest":"1.2+mod","26.2-pre-3-latest":"26.1+mod","26.1-snapshot-8-latest":"1.2+mod","1.21.2-pre2-latest":"1.2+mod","1.20.2-latest":"1.2+mod","1.21.6-pre3-recommended":"1.2+mod","1.20.6-rc1-latest":"1.2+mod","1.21.4-pre2-latest":"1.2+mod","25w42a-latest":"1.2+mod","1.21.4-rc1-recommended":"1.2+mod","1.20.4-recommended":"1.2+mod","26.2-snapshot-1-recommended":"26.1+mod","1.21.6-pre3-latest":"1.2+mod","26.2-snapshot-4-latest":"26.1+mod","25w44a-latest":"1.2+mod","26.2-snapshot-7-latest":"26.1+mod","26.1-pre-1-latest":"26.1+mod","1.21.5-pre2-recommended":"1.2+mod","1.21.7-latest":"2.0+mod","26.2-snapshot-6-recommended":"26.1+mod","26.2-pre-1-recommended":"26.1+mod","1.21.2-pre1-recommended":"1.2+mod","26.1-snapshot-9-latest":"1.2+mod","1.21.2-pre4-recommended":"1.2+mod","1.17-recommended":"1.2+mod","1.21.9-recommended":"2.0+mod","26.1.1-latest":"2.0+mod","1.21.2-pre5-latest":"1.2+mod","26.2-pre-5-recommended":"26.1+mod","1.21.2-latest":"2.0+mod","1.21.7-recommended":"2.0+mod","26.1-snapshot-4-recommended":"1.2+mod","1.21.11-pre1-recommended":"1.2+mod","26.2-snapshot-2-latest":"26.1+mod","1.21.2-pre1-latest":"1.2+mod","1.17.1-recommended":"1.2+mod","1.21.8-rc1-latest":"1.2+mod","1.20.4-latest":"1.2+mod","1.21.8-latest":"2.0+mod","26.1-snapshot-9-recommended":"1.2+mod","1.21.6-pre4-recommended":"1.2+mod","26.2-snapshot-3-recommended":"26.1+mod","26.1-snapshot-5-latest":"1.2+mod","1.20.6-rc1-recommended":"1.2+mod","1.19.1-recommended":"1.2+mod","1.21.2-rc1-recommended":"1.2+mod","1.21.4-rc1-latest":"1.2+mod","26.1-snapshot-4-latest":"1.2+mod","25w45a-latest":"1.2+mod","1.21-pre4-recommended":"1.2+mod","1.21.6-pre4-latest":"1.2+mod","1.21.10-recommended":"2.0+mod","1.19-recommended":"1.2+mod","1.19-latest":"1.2+mod","26.1-snapshot-6-recommended":"1.2+mod","26.2-snapshot-8-recommended":"26.1+mod","1.21.11-pre2-recommended":"1.2+mod","1.20.5-rc2-recommended":"1.0+mod","1.20.5-rc3-latest":"1.0+mod","1.21.4-latest":"2.0+mod","26.2-snapshot-8-latest":"26.1+mod","1.21.9-pre1-latest":"1.2+mod","1.21.8-rc1-recommended":"1.2+mod","26.1-rc-1-recommended":"26.1+mod","1.21.7-rc1-recommended":"1.2+mod","1.21.5-rc2-latest":"1.2+mod","1.21.11-pre2-latest":"1.2+mod","1.21.11-rc3-latest":"1.2+mod","1.19.3-latest":"1.2+mod","26.1-snapshot-1-latest":"1.2+mod","1.21.2-pre3-latest":"1.2+mod","26.1.1-rc-1-latest":"26.1+mod","26.1-snapshot-5-recommended":"1.2+mod","26.2-pre-2-latest":"26.1+mod","1.21.4-rc3-recommended":"1.2+mod","1.21.9-latest":"2.0+mod","26.2-snapshot-5-recommended":"26.1+mod","1.21.6-pre2-latest":"1.2+mod","25w45a-recommended":"1.2+mod","26.1-snapshot-2-recommended":"1.2+mod","1.18-latest":"1.2+mod","1.21.9-pre3-recommended":"1.2+mod","1.21.11-rc3-recommended":"1.2+mod","26.1-pre-2-recommended":"26.1+mod","1.21.6-pre2-recommended":"1.2+mod","26w14a-latest":"26.1+mod","1.21-latest":"1.2+mod","1.21.11-rc1-recommended":"1.2+mod","1.20.5-rc3-recommended":"1.0+mod","26.1-snapshot-1-recommended":"1.2+mod","1.21.6-latest":"2.0+mod","26.1-snapshot-3-latest":"1.2+mod","26.1-snapshot-7-latest":"1.2+mod","25w43a-latest":"1.2+mod","26.1.1-recommended":"2.0+mod","1.21.5-rc1-latest":"1.2+mod","25w44a-recommended":"1.2+mod","1.21-recommended":"1.2+mod","1.19.3-recommended":"1.2+mod","1.21.2-rc2-latest":"1.2+mod","1.18.1-latest":"1.2+mod","1.21.6-pre1-recommended":"1.2+mod","26.2-rc-2-recommended":"26.1+mod","1.21.10-latest":"2.0+mod","26.2-snapshot-3-latest":"26.1+mod","25w43a-recommended":"1.2+mod","1.21.4-pre1-latest":"1.2+mod","1.17-latest":"1.2+mod","26.1.2-latest":"2.0+mod","26.1-pre-2-latest":"26.1+mod","1.19.2-recommended":"1.2+mod","1.20-latest":"1.2+mod","1.21.11-recommended":"2.0+mod","1.21.9-pre2-recommended":"1.2+mod","1.21-pre1-recommended":"1.2+mod","1.21.9-pre3-latest":"1.2+mod","26.1-snapshot-10-latest":"1.2+mod","1.21.10-rc1-recommended":"1.2+mod","26.1-pre-3-latest":"26.1+mod","1.20.5-recommended":"1.2+mod","1.21-pre2-latest":"1.2+mod","26.2-snapshot-5-latest":"26.1+mod","1.20.1-latest":"1.2+mod","1.21.2-pre3-recommended":"1.2+mod","25w46a-recommended":"1.2+mod","1.21.1-rc1-latest":"1.2+mod","26.2-pre-2-recommended":"26.1+mod","26.2-rc-1-latest":"26.1+mod","1.20.2-recommended":"1.2+mod","1.21.9-pre1-recommended":"1.2+mod","26.1.1-rc-1-recommended":"26.1+mod","1.20.3-latest":"1.2+mod","1.18-recommended":"1.2+mod","1.21.6-recommended":"2.0+mod","1.20.5-rc2-latest":"1.0+mod"}}
[25Aug2026 11:24:08.120] [Forge Version Check/INFO] [net.minecraftforge.fml.VersionChecker/]: [mr_ore_veinminer] Found status: OUTDATED Current: 1.2 Target: 1.2+mod
[25Aug2026 11:24:08.122] [Forge Version Check/INFO] [net.minecraftforge.fml.VersionChecker/]: [easymagic] Starting version check at https://raw.githubusercontent.com/Fuzss/modresources/main/update/easymagic.json
[25Aug2026 11:24:08.134] [Forge Version Check/DEBUG] [net.minecraftforge.fml.VersionChecker/]: [easymagic] Received version check data:
{
    "homepage": "https://www.curseforge.com/minecraft/mc-mods/easy-magic",
    "promos": {
        "1.17.1-latest": "2.0.2",
        "1.17.1-recommended": "2.0.2",
        "1.18-latest": "3.2.1",
        "1.18-recommended": "3.2.1",
        "1.18.1-latest": "3.2.1",
        "1.18.1-recommended": "3.2.1",
        "1.18.2-latest": "3.3.0",
        "1.18.2-recommended": "3.3.0",
        "1.19-latest": "4.0.0",
        "1.19-recommended": "4.0.0",
        "1.19.1-latest": "4.3.1",
        "1.19.1-recommended": "4.3.1",
        "1.19.2-latest": "4.3.3",
        "1.19.2-recommended": "4.3.3",
        "1.19.3-latest": "5.0.1",
        "1.19.3-recommended": "5.0.1",
        "1.19.4-latest": "6.0.0",
        "1.19.4-recommended": "6.0.0",
        "1.20-latest": "7.0.0",
        "1.20-recommended": "7.0.0",
        "1.20.1-latest": "8.0.1",
        "1.20.1-recommended": "8.0.1",
        "1.20.4-latest": "20.4.0",
        "1.20.4-recommended": "20.4.0",
        "1.21-latest": "21.0.4",
        "1.21-recommended": "21.0.4",
        "1.21.1-latest": "21.1.4",
        "1.21.1-recommended": "21.1.4",
        "1.21.3-latest": "21.3.2",
        "1.21.3-recommended": "21.3.2",
        "1.21.4-latest": "21.4.1",
        "1.21.4-recommended": "21.4.1",
        "1.21.5-latest": "21.5.0",
        "1.21.5-recommended": "21.5.0",
        "1.21.6-latest": "21.6.0",
        "1.21.6-recommended": "21.6.0",
        "1.21.7-latest": "21.7.0",
        "1.21.7-recommended": "21.7.0",
        "1.21.8-latest": "21.8.0",
        "1.21.8-recommended": "21.8.0",
        "1.21.9-latest": "21.9.0",
        "1.21.9-recommended": "21.9.0",
        "1.21.10-latest": "21.10.0",
        "1.21.10-recommended": "21.10.0"
    }
}
[25Aug2026 11:24:08.134] [Forge Version Check/INFO] [net.minecraftforge.fml.VersionChecker/]: [easymagic] Found status: UP_TO_DATE Current: 8.0.1 Target: null
[25Aug2026 11:24:08.135] [Forge Version Check/INFO] [net.minecraftforge.fml.VersionChecker/]: [visualworkbench] Starting version check at https://raw.githubusercontent.com/Fuzss/modresources/main/update/visualworkbench.json
[25Aug2026 11:24:08.150] [Forge Version Check/DEBUG] [net.minecraftforge.fml.VersionChecker/]: [visualworkbench] Received version check data:
{
    "homepage": "https://www.curseforge.com/minecraft/mc-mods/visual-workbench",
    "promos": {
        "1.17.1-latest": "2.0.0",
        "1.17.1-recommended": "2.0.0",
        "1.18-latest": "3.1.0",
        "1.18-recommended": "3.1.0",
        "1.18.1-latest": "3.1.0",
        "1.18.1-recommended": "3.1.0",
        "1.18.2-latest": "3.3.0",
        "1.18.2-recommended": "3.3.0",
        "1.19-latest": "4.0.0",
        "1.19-recommended": "4.0.0",
        "1.19.1-latest": "4.2.4",
        "1.19.1-recommended": "4.2.4",
        "1.19.2-latest": "4.2.4",
        "1.19.2-recommended": "4.2.4",
        "1.19.3-latest": "5.0.0",
        "1.19.3-recommended": "5.0.0",
        "1.19.4-latest": "6.0.1",
        "1.19.4-recommended": "6.0.1",
        "1.20-latest": "7.0.0",
        "1.20-recommended": "7.0.0",
        "1.20.1-latest": "8.0.1",
        "1.20.1-recommended": "8.0.1",
        "1.20.4-latest": "20.4.2",
        "1.20.4-recommended": "20.4.2",
        "1.21-latest": "21.0.5",
        "1.21-recommended": "21.0.5",
        "1.21.1-latest": "21.1.1",
        "1.21.1-recommended": "21.1.1",
        "1.21.3-latest": "21.3.0",
        "1.21.3-recommended": "21.3.0",
        "1.21.4-latest": "21.4.1",
        "1.21.4-recommended": "21.4.1",
        "1.21.5-latest": "21.5.0",
        "1.21.5-recommended": "21.5.0",
        "1.21.6-latest": "21.6.0",
        "1.21.6-recommended": "21.6.0",
        "1.21.7-latest": "21.7.0",
        "1.21.7-recommended": "21.7.0",
        "1.21.8-latest": "21.8.1",
        "1.21.8-recommended": "21.8.1",
        "1.21.9-latest": "21.9.0",
        "1.21.9-recommended": "21.9.0",
        "1.21.10-latest": "21.10.0",
        "1.21.10-recommended": "21.10.0"
    }
}
[25Aug2026 11:24:08.151] [Forge Version Check/INFO] [net.minecraftforge.fml.VersionChecker/]: [visualworkbench] Found status: UP_TO_DATE Current: 8.0.1 Target: null
[25Aug2026 11:24:08.151] [Forge Version Check/INFO] [net.minecraftforge.fml.VersionChecker/]: [mcwwindows] Starting version check at https://raw.githubusercontent.com/sketchmacaw/macawsmods/master/window.json
[25Aug2026 11:24:08.165] [Forge Version Check/DEBUG] [net.minecraftforge.fml.VersionChecker/]: [mcwwindows] Received version check data:
{
  "homepage": "https://www.curseforge.com/minecraft/mc-mods/macaws-windows",
  "promos": {
    "1.21.10-recommended": "2.4.2",
    "1.21.10-latest": "2.4.2",
    "1.21.9-recommended": "2.4.2",
    "1.21.9-latest": "2.4.2",
    "1.21.8-recommended": "2.4.2",
    "1.21.8-latest": "2.4.2",
    "1.21.7-recommended": "2.4.2",
    "1.21.7-latest": "2.4.2",
    "1.21.6-recommended": "2.4.2",
    "1.21.6-latest": "2.4.2",
    "1.21.5-recommended": "2.4.2",
    "1.21.5-latest": "2.4.2",
    "1.21.4-recommended": "2.4.2",
    "1.21.4-latest": "2.4.2",
    "1.21.3-recommended": "2.4.2",
    "1.21.3-latest": "2.4.2",
    "1.21.1-recommended": "2.4.2",
    "1.21.1-latest": "2.4.2",
    "1.21-recommended": "2.4.2",
    "1.21-latest": "2.4.2",
    "1.20.6-recommended": "2.4.2",
    "1.20.6-latest": "2.4.2",
    "1.20.4-recommended": "2.4.2",
    "1.20.4-latest": "2.4.2",
    "1.20.3-recommended": "2.4.2",
    "1.20.3-latest": "2.4.2",
    "1.20.2-recommended": "2.4.2",
    "1.20.2-latest": "2.4.2",
    "1.20.1-recommended": "2.4.2",
    "1.20.1-latest": "2.4.2",
    "1.20-recommended": "2.4.2",
    "1.20-latest": "2.4.2",
    "1.19.4-recommended": "2.4.2",
    "1.19.4-latest": "2.4.2",
    "1.19.3-recommended": "2.4.2",
    "1.19.3-latest": "2.4.2",
    "1.19.2-recommended": "2.4.2",
    "1.19.2-latest": "2.4.2",
    "1.19.1-recommended": "2.4.2",
    "1.19.1-latest": "2.4.2",
    "1.19-recommended": "2.4.2",
    "1.19-latest": "2.4.2",
    "1.18.2-recommended": "2.4.2",
    "1.18.2-latest": "2.4.2",
    "1.18.1-recommended": "2.4.2",
    "1.18.1-latest": "2.4.2",
    "1.17.1-recommended": "2.4.2",
    "1.17.1-latest": "2.4.2",
    "1.16.5-recommended": "2.4.2",
    "1.16.5-latest": "2.4.2",
    "1.15.2-latest": "1.0.2",
    "1.15.1-latest": "1.0.2",
    "1.14.4-latest": "1.0.2",
    "1.12.2-latest": "1.0.1",
    "1.15.2-recommended": "1.0.2",
    "1.15.1-recommended": "1.0.2",
    "1.14.4-recommended": "1.0.2",
    "1.12.2-recommended": "1.0.1"
  }
}
[25Aug2026 11:24:08.166] [Forge Version Check/INFO] [net.minecraftforge.fml.VersionChecker/]: [mcwwindows] Found status: UP_TO_DATE Current: 2.4.2 Target: null
[25Aug2026 11:24:08.167] [Forge Version Check/INFO] [net.minecraftforge.fml.VersionChecker/]: [mr_epicterrain] Starting version check at https://api.modrinth.com/updates/7qSJGSHp/forge_updates.json
[25Aug2026 11:24:08.194] [Forge Version Check/DEBUG] [net.minecraftforge.fml.VersionChecker/]: [mr_epicterrain] Received version check data:
{"homepage":"https://modrinth.com/mod/7qSJGSHp","promos":{"1.20.2-latest":"0.3.0+mod","1.20.5-latest":"0.1.4+mod","1.21.1-latest":"0.1.4+mod","1.20-latest":"0.3.0+mod","1.21.2-latest":"0.1.4+mod","1.19.4-latest":"0.2.5+mod","1.19.3-latest":"0.2.5+mod","1.20.3-latest":"0.3.0+mod","1.20.1-latest":"0.3.0+mod","1.21.4-latest":"0.1.4+mod","1.20.6-latest":"0.1.4+mod","1.21-latest":"0.1.4+mod","1.21.3-latest":"0.1.4+mod","1.20.4-latest":"0.3.0+mod","1.19.2-latest":"0.2.5+mod"}}
[25Aug2026 11:24:08.194] [Forge Version Check/INFO] [net.minecraftforge.fml.VersionChecker/]: [mr_epicterrain] Found status: BETA_OUTDATED Current: 0.3.0 Target: 0.3.0+mod
[25Aug2026 11:24:08.195] [Forge Version Check/INFO] [net.minecraftforge.fml.VersionChecker/]: [mcwdoors] Starting version check at https://raw.githubusercontent.com/sketchmacaw/macawsmods/master/doors.json
[25Aug2026 11:24:08.209] [Forge Version Check/DEBUG] [net.minecraftforge.fml.VersionChecker/]: [mcwdoors] Received version check data:
{
  "homepage": "https://www.curseforge.com/minecraft/mc-mods/macaws-doors",
  "promos": {
    "1.21.10-recommended": "1.1.2",
    "1.21.10-latest": "1.1.2",
    "1.21.9-recommended": "1.1.2",
    "1.21.9-latest": "1.1.2",
    "1.21.8-recommended": "1.1.2",
    "1.21.8-latest": "1.1.2",
    "1.21.7-recommended": "1.1.2",
    "1.21.7-latest": "1.1.2",
    "1.21.6-recommended": "1.1.2",
    "1.21.6-latest": "1.1.2",
    "1.21.5-recommended": "1.1.2",
    "1.21.5-latest": "1.1.2",
    "1.21.4-recommended": "1.1.2",
    "1.21.4-latest": "1.1.2",
    "1.21.3-recommended": "1.1.2",
    "1.21.3-latest": "1.1.2",
    "1.21.1-recommended": "1.1.2",
    "1.21.1-latest": "1.1.2",
    "1.21-recommended": "1.1.2",
    "1.21-latest": "1.1.2",
    "1.20.6-recommended": "1.1.2",
    "1.20.6-latest": "1.1.2",
    "1.20.4-recommended": "1.1.2",
    "1.20.4-latest": "1.1.2",
    "1.20.3-recommended": "1.1.2",
    "1.20.3-latest": "1.1.2",
    "1.20.2-recommended": "1.1.2",
    "1.20.2-latest": "1.1.2",
    "1.20.1-recommended": "1.1.2",
    "1.20.1-latest": "1.1.2",
    "1.20-recommended": "1.1.2",
    "1.20-latest": "1.1.2",
    "1.19.4-recommended": "1.1.2",
    "1.19.4-latest": "1.1.2",
    "1.19.3-recommended": "1.1.2",
    "1.19.3-latest": "1.1.2",
    "1.19.2-recommended": "1.1.2",
    "1.19.2-latest": "1.1.2",
    "1.19.1-recommended": "1.1.2",
    "1.19.1-latest": "1.1.2",
    "1.19-recommended": "1.1.2",
    "1.19-latest": "1.1.2",
    "1.18.2-recommended": "1.1.2",
    "1.18.2-latest": "1.1.2",
    "1.18.1-recommended": "1.1.2",
    "1.18.1-latest": "1.1.2",
    "1.17.1-recommended": "1.1.2",
    "1.17.1-latest": "1.1.2",
    "1.16.5-recommended": "1.1.2",
    "1.16.5-latest": "1.1.2",
    "1.15.2-latest": "1.0.3",
    "1.15.1-latest": "1.0.3",
    "1.14.4-latest": "1.0.3",
    "1.12.2-latest": "1.0.3",
    "1.15.2-recommended": "1.0.3",
    "1.15.1-recommended": "1.0.3",
    "1.14.4-recommended": "1.0.3",
    "1.12.2-recommended": "1.0.3"
  }
}
[25Aug2026 11:24:08.209] [Forge Version Check/INFO] [net.minecraftforge.fml.VersionChecker/]: [mcwdoors] Found status: AHEAD Current: 1.1.5 Target: null
[25Aug2026 11:24:08.209] [Forge Version Check/INFO] [net.minecraftforge.fml.VersionChecker/]: [puzzlesaccessapi] Starting version check at https://raw.githubusercontent.com/Fuzss/modresources/main/update/puzzlesaccessapi.json
[25Aug2026 11:24:08.225] [Forge Version Check/DEBUG] [net.minecraftforge.fml.VersionChecker/]: [puzzlesaccessapi] Received version check data:
{
    "homepage": "https://github.com/Fuzss/puzzlesaccessapi",
    "promos": {}
}
[25Aug2026 11:24:08.225] [Forge Version Check/INFO] [net.minecraftforge.fml.VersionChecker/]: [puzzlesaccessapi] Found status: BETA Current: 20.1.1 Target: null
[25Aug2026 11:24:08.226] [Forge Version Check/INFO] [net.minecraftforge.fml.VersionChecker/]: [forge] Starting version check at https://files.minecraftforge.net/net/minecraftforge/forge/promotions_slim.json
[25Aug2026 11:24:08.396] [Forge Version Check/DEBUG] [net.minecraftforge.fml.VersionChecker/]: [forge] Received version check data:
{
  "homepage": "https://files.minecraftforge.net/net/minecraftforge/forge/",
  "promos": {
    "1.1-latest": "1.3.4.29",
    "1.2.3-latest": "1.4.1.64",
    "1.2.4-latest": "2.0.0.68",
    "1.2.5-latest": "3.4.9.171",
    "1.3.2-latest": "4.3.5.318",
    "1.4.0-latest": "5.0.0.326",
    "1.4.1-latest": "6.0.0.329",
    "1.4.2-latest": "6.0.1.355",
    "1.4.3-latest": "6.2.1.358",
    "1.4.4-latest": "6.3.0.378",
    "1.4.5-latest": "6.4.2.448",
    "1.4.6-latest": "6.5.0.489",
    "1.4.7-latest": "6.6.2.534",
    "1.5-latest": "7.7.0.598",
    "1.5.1-latest": "7.7.2.682",
    "1.5.2-latest": "7.8.1.738",
    "1.5.2-recommended": "7.8.1.738",
    "1.6.1-latest": "8.9.0.775",
    "1.6.2-latest": "9.10.1.871",
    "1.6.2-recommended": "9.10.1.871",
    "1.6.3-latest": "9.11.0.878",
    "1.6.4-latest": "9.11.1.1345",
    "1.6.4-recommended": "9.11.1.1345",
    "1.7.2-latest": "10.12.2.1161",
    "1.7.2-recommended": "10.12.2.1161",
    "1.7.10-latest": "10.13.4.1614",
    "1.7.10-recommended": "10.13.4.1614",
    "1.8-latest": "11.14.4.1577",
    "1.8-recommended": "11.14.4.1563",
    "1.8.8-latest": "11.15.0.1655",
    "1.8.9-latest": "11.15.1.2318",
    "1.8.9-recommended": "11.15.1.2318",
    "1.9-latest": "12.16.1.1938",
    "1.9-recommended": "12.16.1.1887",
    "1.9.4-latest": "12.17.0.2317",
    "1.9.4-recommended": "12.17.0.2317",
    "1.10-latest": "12.18.0.2000",
    "1.10.2-latest": "12.18.3.2511",
    "1.10.2-recommended": "12.18.3.2511",
    "1.11-latest": "13.19.1.2199",
    "1.11-recommended": "13.19.1.2189",
    "1.11.2-latest": "13.20.1.2588",
    "1.11.2-recommended": "13.20.1.2588",
    "1.12-latest": "14.21.1.2443",
    "1.12-recommended": "14.21.1.2387",
    "1.12.1-latest": "14.22.1.2485",
    "1.12.1-recommended": "14.22.1.2478",
    "1.12.2-latest": "14.23.5.2864",
    "1.12.2-recommended": "14.23.5.2859",
    "1.13.2-latest": "25.0.223",
    "1.14.2-latest": "26.0.63",
    "1.14.3-latest": "27.0.60",
    "1.14.4-latest": "28.2.30",
    "1.14.4-recommended": "28.2.26",
    "1.15-latest": "29.0.4",
    "1.15.1-latest": "30.0.51",
    "1.15.2-latest": "31.2.62",
    "1.15.2-recommended": "31.2.57",
    "1.16.1-latest": "32.0.108",
    "1.16.2-latest": "33.0.61",
    "1.16.3-latest": "34.1.42",
    "1.16.3-recommended": "34.1.0",
    "1.16.4-latest": "35.1.37",
    "1.16.4-recommended": "35.1.4",
    "1.16.5-latest": "36.2.42",
    "1.16.5-recommended": "36.2.34",
    "1.17.1-latest": "37.1.1",
    "1.17.1-recommended": "37.1.1",
    "1.18-latest": "38.0.17",
    "1.18.1-latest": "39.1.2",
    "1.18.1-recommended": "39.1.0",
    "1.18.2-recommended": "40.3.0",
    "1.18.2-latest": "40.3.12",
    "1.19-latest": "41.1.0",
    "1.19-recommended": "41.1.0",
    "1.19.1-latest": "42.0.9",
    "1.19.2-recommended": "43.5.0",
    "1.19.2-latest": "43.5.2",
    "1.19.3-latest": "44.1.23",
    "1.19.3-recommended": "44.1.0",
    "1.19.4-recommended": "45.4.0",
    "1.19.4-latest": "45.4.3",
    "1.20-latest": "46.0.14",
    "1.20.1-recommended": "47.4.10",
    "1.20.1-latest": "47.4.23",
    "1.20.2-latest": "48.1.0",
    "1.20.2-recommended": "48.1.0",
    "1.20.3-latest": "49.0.2",
    "1.20.4-latest": "49.2.8",
    "1.20.4-recommended": "49.2.0",
    "1.20.6-latest": "50.2.10",
    "1.20.6-recommended": "50.2.0",
    "1.21-latest": "51.0.33",
    "1.21.1-latest": "52.1.16",
    "1.21.1-recommended": "52.1.0",
    "1.21.3-latest": "53.1.12",
    "1.21.3-recommended": "53.1.0",
    "1.21.4-latest": "54.1.18",
    "1.21.4-recommended": "54.1.14",
    "1.21.5-latest": "55.1.13",
    "1.21.5-recommended": "55.1.0",
    "1.21.6-latest": "56.0.9",
    "1.21.7-latest": "57.0.3",
    "1.21.8-latest": "58.1.22",
    "1.21.8-recommended": "58.1.0",
    "1.21.9-latest": "59.0.5",
    "1.21.10-latest": "60.1.15",
    "1.21.10-recommended": "60.1.0",
    "1.21.11-latest": "61.2.1",
    "1.21.11-recommended": "61.2.0",
    "26.1-latest": "62.0.9",
    "26.1.1-latest": "63.0.2",
    "26.1.2-latest": "64.1.2",
    "26.1.2-recommended": "64.1.0",
    "26.2-latest": "65.1.2",
    "26.2-recommended": "65.1.0"
  }
}
[25Aug2026 11:24:08.397] [Forge Version Check/INFO] [net.minecraftforge.fml.VersionChecker/]: [forge] Found status: OUTDATED Current: 47.3.7 Target: 47.4.10
[25Aug2026 11:24:08.403] [Forge Version Check/INFO] [net.minecraftforge.fml.VersionChecker/]: [mcwfences] Starting version check at https://raw.githubusercontent.com/sketchmacaw/macawsmods/master/fences.json
[25Aug2026 11:24:08.416] [Forge Version Check/DEBUG] [net.minecraftforge.fml.VersionChecker/]: [mcwfences] Received version check data:
{
  "homepage": "https://www.curseforge.com/minecraft/mc-mods/macaws-fences-and-walls",
  "promos": {
    "1.21.10-recommended": "1.2.1",
    "1.21.10-latest": "1.2.1",
    "1.21.9-recommended": "1.2.1",
    "1.21.9-latest": "1.2.1",
    "1.21.8-recommended": "1.2.1",
    "1.21.8-latest": "1.2.1",
    "1.21.7-recommended": "1.2.1",
    "1.21.7-latest": "1.2.1",
    "1.21.6-recommended": "1.2.1",
    "1.21.6-latest": "1.2.1",
    "1.21.5-recommended": "1.2.1",
    "1.21.5-latest": "1.2.1",
    "1.21.4-recommended": "1.2.1",
    "1.21.4-latest": "1.2.1",
    "1.21.3-recommended": "1.2.1",
    "1.21.3-latest": "1.2.1",
    "1.21.1-recommended": "1.2.1",
    "1.21.1-latest": "1.2.1",
    "1.21-recommended": "1.2.1",
    "1.21-latest": "1.2.1",
    "1.20.6-recommended": "1.2.1",
    "1.20.6-latest": "1.2.1",
    "1.20.4-recommended": "1.2.1",
    "1.20.4-latest": "1.2.1",
    "1.20.3-recommended": "1.2.1",
    "1.20.3-latest": "1.2.1",
    "1.20.2-recommended": "1.2.1",
    "1.20.2-latest": "1.2.1",
    "1.20.1-recommended": "1.2.1",
    "1.20.1-latest": "1.2.1",
    "1.20-recommended": "1.2.1",
    "1.20-latest": "1.2.1",
    "1.19.4-recommended": "1.2.1",
    "1.19.4-latest": "1.2.1",
    "1.19.3-recommended": "1.2.1",
    "1.19.3-latest": "1.2.1",
    "1.19.2-recommended": "1.2.1",
    "1.19.2-latest": "1.2.1",
    "1.19.1-recommended": "1.2.1",
    "1.19.1-latest": "1.2.1",
    "1.19-recommended": "1.2.1",
    "1.19-latest": "1.2.1",
    "1.18.2-recommended": "1.2.1",
    "1.18.2-latest": "1.2.1",
    "1.18.1-recommended": "1.2.1",
    "1.18.1-latest": "1.2.1",
    "1.17.1-recommended": "1.2.1",
    "1.17.1-latest": "1.2.1",
    "1.16.5-recommended": "1.2.1",
    "1.16.5-latest": "1.2.1",
    "1.15.2-latest": "1.0.0",
    "1.14.4-latest": "1.0.0",
    "1.12.2-latest": "1.0.0",
    "1.15.2-recommended": "1.0.0",
    "1.14.4-recommended": "1.0.0",
    "1.12.2-recommended": "1.0.0"
  }
}
[25Aug2026 11:24:08.417] [Forge Version Check/INFO] [net.minecraftforge.fml.VersionChecker/]: [mcwfences] Found status: UP_TO_DATE Current: 1.2.1 Target: null
[25Aug2026 11:24:08.417] [Forge Version Check/INFO] [net.minecraftforge.fml.VersionChecker/]: [gravestone] Starting version check at https://update.maxhenkel.de/forge/gravestone
[25Aug2026 11:24:08.933] [Forge Version Check/DEBUG] [net.minecraftforge.fml.VersionChecker/]: [gravestone] Received version check data:
{"1.9.4":{"1.3.6":"Bugfixes"},"1.8.8":{"1.1.7":"Bugfixes"},"1.20":{"1.20-1.0.3":"Updated to 1.20"},"1.8.9":{"1.1.7":"Bugfixes"},"1.18":{"1.18-1.0.3":"Fixed loader version requirement"},"1.19":{"1.19-1.0.3":"Fixed crash when opening the obituary"},"promos":{"1.14.4-recommended":"1.15.3","1.14.3-recommended":"1.14.3","1.20-recommended":"1.20-1.0.3","1.19.3-recommended":"1.19.3-1.0.3","1.19.1-recommended":"1.19.1-1.0.0","1.8.8-latest":"1.1.7","1.8.9-latest":"1.1.7","1.19.4-recommended":"1.19.4-1.0.3","1.19.2-recommended":"1.19.2-1.0.10","1.10.2-latest":"1.5.13","1.14.2-recommended":"1.13.3","1.14.3-latest":"1.14.3","1.20-latest":"1.20-1.0.3","1.11-latest":"1.6.6","1.10.2-recommended":"1.5.13","1.20.1-latest":"1.20.1-1.0.35","1.16.4-latest":"1.16.4-1.0.9","1.11.2-recommended":"1.7.4.1","1.19.3-latest":"1.19.3-1.0.3","1.8-latest":"1.0.5","1.16.2-latest":"1.16.2-1.0.6","1.7.10-latest":"0.7.10.3","1.15.2-recommended":"1.17.6","1.8-recommended":"1.0.5","1.19.1-latest":"1.19.1-1.0.0","1.15.1-recommended":"1.16.2","1.9-recommended":"1.2.10","1.11.2-latest":"1.7.4.1","1.18.1-latest":"1.18.1-1.0.2","1.15.1-latest":"1.16.2","1.18.2-latest":"1.18.2-1.0.2","1.11-recommended":"1.6.6","1.10-recommended":"1.4.9","1.12.2-latest":"1.10.2","1.12.1-latest":"1.9.0","1.12.2-recommended":"1.10.2","1.7.10-recommended":"0.7.10.3","1.19-latest":"1.19-1.0.3","1.17.1-recommended":"1.17.1-1.0.4","1.16.1-recommended":"1.16.1-1.0.6","1.16.2-recommended":"1.16.2-1.0.6","1.18-latest":"1.18-1.0.3","1.16.5-recommended":"1.16.5-1.0.6","1.16.4-recommended":"1.16.4-1.0.9","1.12.1-recommended":"1.9.0","1.20.1-recommended":"1.20.1-1.0.10","1.16.3-recommended":"1.16.3-1.0.2","1.15.2-latest":"1.17.6","1.20.2-recommended":"1.20.2-1.0.10","1.12-recommended":"1.8.4","1.10-latest":"1.4.9","1.14.4-latest":"1.15.3","1.13.2-recommended":"1.12.7","1.9.4-recommended":"1.3.6","1.12-latest":"1.8.4","1.18.2-recommended":"1.18.2-1.0.2","1.17.1-latest":"1.17.1-1.0.4","1.13.2-latest":"1.12.7","1.18.1-recommended":"1.18.1-1.0.2","1.16.3-latest":"1.16.3-2.0.4","1.20.2-latest":"1.20.2-1.0.10","1.19.2-latest":"1.19.2-1.0.23","1.19.4-latest":"1.19.4-1.0.3","1.16.5-latest":"1.16.5-1.0.7","1.19-recommended":"1.19-1.0.3","1.16.1-latest":"1.16.1-1.0.6","1.9-latest":"1.2.10","1.18-recommended":"1.18-1.0.3","1.14.2-latest":"1.13.3","1.8.8-recommended":"1.1.7","1.8.9-recommended":"1.1.7","1.9.4-latest":"1.3.6"},"1.20.2":{"1.20.2-1.0.10":"Improved mod icon\nUpdated corelib"},"1.20.1":{"1.20.1-1.0.10":"Improved mod icon\nUpdated corelib","1.20.1-1.0.35":"Fixed restoreinventory command permissions"},"1.12":{"1.8.4":"Added recipe for recipe book"},"1.10":{"1.4.9":"Bugfixes"},"1.11":{"1.6.6":"Bugfixes"},"1.7.10":{"0.7.10.3":"Bugfixes"},"1.16.4":{"1.16.4-1.0.9":"Update chinese translation"},"1.18.2":{"1.18.2-1.0.2":"Fixed ukrainian locale code"},"1.19.1":{"1.19.1-1.0.0":"Updated to 1.19.1"},"1.16.5":{"1.16.5-1.0.7":"Fixed freeze with epic fight mod","1.16.5-1.0.6":"Fixed grave names"},"1.19.2":{"1.19.2-1.0.10":"Improved mod icon\nUpdated corelib","1.19.2-1.0.23":"Updated Traditional Chinese translation"},"1.19.3":{"1.19.3-1.0.3":"Fixed creative tabs because Forge broke everything again"},"1.19.4":{"1.19.4-1.0.3":"Updated to 1.19.4"},"1.14.2":{"1.13.3":"Improved en_us language and added pl_pl language"},"1.15.1":{"1.16.2":"Fixed crash with forge 30.0.17+"},"1.14.3":{"1.14.3":"Improved en_us language and added pl_pl language"},"1.16.1":{"1.16.1-1.0.6":"Fixed gravestone items can be picked up with a hopper"},"1.15.2":{"1.17.6":"Updated polish translation"},"1.14.4":{"1.15.3":"Fixed config reset issue"},"1.16.2":{"1.16.2-1.0.6":"Fixed nether dimension name\nUpdated russian translation\nFixed remove death note option"},"1.17.1":{"1.17.1-1.0.4":"Fixed crash with epic fight mod"},"1.8":{"1.0.5":"Bugfixes"},"1.16.3":{"1.16.3-1.0.2":"Updated mods.toml","1.16.3-2.0.4":"Fixed grave disappearing when having sneaking on toggle"},"1.18.1":{"1.18.1-1.0.2":"Added Brazilian Portuguese language"},"1.9":{"1.2.10":"Bugfixes"},"1.10.2":{"1.5.13":"Bugfixes"},"1.11.2":{"1.7.4.1":"Improved version checking"},"1.12.1":{"1.9.0":"Updated to 1.12.1"},"1.12.2":{"1.10.2":"Updated Forge version"},"1.13.2":{"1.12.7":"Improved en_us language and added pl_pl language"},"homepage":"https://www.curseforge.com/minecraft/mc-mods/gravestone-mod"}
[25Aug2026 11:24:08.936] [Forge Version Check/INFO] [net.minecraftforge.fml.VersionChecker/]: [gravestone] Found status: AHEAD Current: 1.20.1-1.0.35 Target: null
[25Aug2026 11:24:08.937] [Forge Version Check/INFO] [net.minecraftforge.fml.VersionChecker/]: [securitycraft] Starting version check at https://www.github.com/Geforce132/SecurityCraft/raw/master/Updates/Forge.json
[25Aug2026 11:24:09.079] [Forge Version Check/DEBUG] [net.minecraftforge.fml.VersionChecker/]: [securitycraft] Received version check data:
{
    "homepage": "https://www.curseforge.com/minecraft/mc-mods/security-craft/",
    "promos": {
        "1.7.10-latest": "v1.8.13",
        "1.7.10-recommended": "v1.8.13",
        "1.8-latest": "v1.8.12.1",
        "1.8-recommended": "v1.8.12.1",
        "1.8.8-latest": "v1.8.12.1",
        "1.8.8-recommended": "v1.8.12.1",
        "1.8.9-latest": "v1.8.12.1",
        "1.8.9-recommended": "v1.8.12.1",
        "1.9.4-latest": "v1.8.12",
        "1.9.4-recommended": "v1.8.12",
        "1.10.2-latest": "v1.8.12",
        "1.10.2-recommended": "v1.8.12",
        "1.11.2-latest": "v1.8.12.1",
        "1.11.2-recommended": "v1.8.12.1",
        "1.12-latest": "v1.8.8.1",
        "1.12-recommended": "v1.8.8.1",
        "1.12.1-latest": "v1.8.8.1",
        "1.12.1-recommended": "v1.8.8.1",
        "1.12.2-latest": "v1.10.1",
        "1.12.2-recommended": "v1.10.1",
        "1.13.2-latest": "v1.8.13",
        "1.13.2-recommended": "v1.8.13",
        "1.14.3-latest": "v1.8.12-beta2",
        "1.14.3-recommended": "v1.8.12-beta2",
        "1.14.4-latest": "v1.8.22.2",
        "1.14.4-recommended": "v1.8.22.2",
        "1.15.1-latest": "v1.8.15-beta2",
        "1.15.1-recommended": "v1.8.15-beta2",
        "1.15.2-latest": "v1.9.1",
        "1.15.2-recommended": "v1.9.1",
        "1.16.1-latest": "v1.8.19.3",
        "1.16.1-recommended": "v1.8.19.3",
        "1.16.2-latest": "v1.8.19.3",
        "1.16.2-recommended": "v1.8.19.3",
        "1.16.3-latest": "v1.8.21.1",
        "1.16.3-recommended": "v1.8.21.1",
        "1.16.4-latest": "v1.8.21.1",
        "1.16.4-recommended": "v1.8.21.1",
        "1.16.5-latest": "v1.10.1",
        "1.16.5-recommended": "v1.10.1",
        "1.17.1-latest": "1.9.5",
        "1.17.1-recommended": "1.9.5",
        "1.18.1-latest": "1.9.0.2-beta1",
        "1.18.1-recommended": "1.9.0.2-beta1",
        "1.18.2-latest": "1.10.1",
        "1.18.2-recommended": "1.10.1",
        "1.19-latest": "1.9.3.1",
        "1.19-recommended": "1.9.3.1",
        "1.19.1-latest": "1.9.3.1",
        "1.19.1-recommended": "1.9.3.1",
        "1.19.2-latest": "1.9.6.1",
        "1.19.2-recommended": "1.9.6.1",
        "1.19.3-latest": "1.9.8",
        "1.19.3-recommended": "1.9.8",
        "1.19.4-latest": "1.10.1",
        "1.19.4-recommended": "1.10.1",
        "1.20-latest": "1.9.7-beta2",
        "1.20-recommended": "1.9.7-beta2",
        "1.20.2-latest": "1.9.9",
        "1.20.2-recommended": "1.9.9",
        "1.20.4-latest": "1.10.1",
        "1.20.4-recommended": "1.10.1",
        "1.20.6-latest": "1.10.1",
        "1.20.6-recommended": "1.10.1",
        "1.21-latest": "1.9.10-beta7",
        "1.21-recommended": "1.9.10-beta7",
        "1.21.2-latest": "1.9.11-beta2",
        "1.21.2-recommended": "1.9.11-beta2",
        "1.21.3-latest": "1.10.1",
        "1.21.3-recommended": "1.10.1",
        "1.21.4-latest": "1.10.1",
        "1.21.4-recommended": "1.10.1",
        "1.21.5-latest": "1.10.1",
        "1.21.5-recommended": "1.10.1",
        "1.21.6-latest": "1.10-beta3",
        "1.21.6-recommended": "1.10-beta3",
        "1.21.7-latest": "1.10-beta1",
        "1.21.7-recommended": "1.10-beta1",
        "1.21.8-latest": "1.10.2.1",
        "1.21.8-recommended": "1.10.2.1",
        "26.1-latest": "1.10.1-beta1",
        "26.1-recommended": "1.10.1-beta1",
        "26.1.1-latest": "1.10.1-beta2",
        "26.1.1-recommended": "1.10.1-beta2",

        "1.20.1-latest": "1.10.2.1",
        "1.20.1-recommended": "1.10.2.1",
        "1.21.1-latest": "1.10.2.1",
        "1.21.1-recommended": "1.10.2.1",
        "1.21.10-latest": "1.10.2.1",
        "1.21.10-recommended": "1.10.2.1",
        "1.21.11-latest": "1.10.2.1",
        "1.21.11-recommended": "1.10.2.1",
        "26.1.2-latest": "1.10.2.1",
        "26.1.2-recommended": "1.10.2.1",
        "26.2-latest": "1.10.2.1",
        "26.2-recommended": "1.10.2.1"
    },
    "1.7.10": {
        "v1.8.13": "https://github.com/Geforce132/SecurityCraft/blob/eol/1.7.10/Changelog%20v1.8.x.md"
    },
    "1.8": {
        "v1.8.12": "https://github.com/Geforce132/SecurityCraft/blob/eol/1.8/Changelog%20v1.8.x.md"
    },
    "1.8.8": {
        "v1.8.12.1": "https://github.com/Geforce132/SecurityCraft/blob/eol/1.8.9/Changelog%20v1.8.x.md"
    },
    "1.8.9": {
        "v1.8.12.1": "https://github.com/Geforce132/SecurityCraft/blob/eol/1.8.9/Changelog%20v1.8.x.md"
    },
    "1.9.4": {
        "v1.8.12": "https://github.com/Geforce132/SecurityCraft/blob/eol/1.9.4/Changelog%20v1.8.x.md"
    },
    "1.10.2": {
        "v1.8.12": "https://github.com/Geforce132/SecurityCraft/blob/eol/1.10.2/Changelog%20v1.8.x.md"
    },
    "1.11.2": {
        "v1.8.12.1": "https://github.com/Geforce132/SecurityCraft/blob/eol/1.11.2/Changelog%20v1.8.x.md"
    },
    "1.12": {
        "v1.8.8.1": "https://github.com/Geforce132/SecurityCraft/blob/54061f84f188c33db291770e550c4c84a927194c/Changelog%20v1.8.x.md"
    },
    "1.12.1": {
        "v1.8.8.1": "https://github.com/Geforce132/SecurityCraft/blob/54061f84f188c33db291770e550c4c84a927194c/Changelog%20v1.8.x.md"
    },
    "1.12.2": {
        "v1.10.1": "https://github.com/Geforce132/SecurityCraft/blob/eol/1.12.2/Changelog.md"
    },
    "1.13.2": {
        "v1.8.13": "https://github.com/Geforce132/SecurityCraft/blob/eol/1.13.2/Changelog%20v1.8.x.md"
    },
    "1.14.3": {
        "v1.8.12-beta2": "https://github.com/Geforce132/SecurityCraft/blob/b20ce0945abdccb8f2b6abaea5d26c28d0a3b916/Changelog%20v1.8.x.md"
    },
    "1.14.4": {
        "v1.8.22.2": "https://github.com/Geforce132/SecurityCraft/blob/eol/1.14.4/Changelog%20v1.8.x.md"
    },
    "1.15.1": {
        "v1.8.15-beta2": "https://github.com/Geforce132/SecurityCraft/blob/04f414232af5250193ed610da93696a830584cc9/Changelog%20v1.8.x.md"
    },
    "1.15.2": {
        "v1.9.1": "https://github.com/Geforce132/SecurityCraft/blob/eol/1.15.2/Changelog.md"
    },
    "1.16.1": {
        "v1.8.19.3": "https://github.com/Geforce132/SecurityCraft/blob/eol/1.16.1/Changelog%20v1.8.x.md"
    },
    "1.16.2": {
        "v1.8.19.3": "https://github.com/Geforce132/SecurityCraft/blob/2c1c0868dd26f8870bae1b8c0d57041cab3ba897/Changelog%20v1.8.x.md"
    },
    "1.16.3": {
        "v1.8.21.1": "https://github.com/Geforce132/SecurityCraft/blob/44460188b9bf30b94f122ba362092cba5e76e0d2/Changelog%20v1.8.x.md"
    },
    "1.16.4": {
        "v1.8.21.1": "https://github.com/Geforce132/SecurityCraft/blob/44460188b9bf30b94f122ba362092cba5e76e0d2/Changelog%20v1.8.x.md"
    },
    "1.16.5": {
        "v1.10.1": "https://github.com/Geforce132/SecurityCraft/blob/eol/1.16.5/Changelog.md"
    },
    "1.17.1": {
        "1.9.5": "https://github.com/Geforce132/SecurityCraft/blob/eol/1.17.1/Changelog.md"
    },
    "1.18.1": {
        "1.9.0.2-beta1": "https://github.com/Geforce132/SecurityCraft/blob/eol/1.18.1/Changelog.md"
    },
    "1.18.2": {
        "1.10.1": "https://github.com/Geforce132/SecurityCraft/blob/eol/1.18.2/Changelog.md"
    },
    "1.19": {
        "1.9.3.1": "https://github.com/Geforce132/SecurityCraft/blob/eol/1.19/Changelog.md"
    },
    "1.19.1": {
        "1.9.3.1": "https://github.com/Geforce132/SecurityCraft/blob/c60edcc5881fc8ca4394bfeae3254ab0d693ab5e/Changelog.md"
    },
    "1.19.2": {
        "1.9.6.1": "https://github.com/Geforce132/SecurityCraft/blob/eol/1.19.2/Changelog.md"
    },
    "1.19.3": {
        "1.9.8": "https://github.com/Geforce132/SecurityCraft/blob/eol/1.19.3/Changelog.md"
    },
    "1.19.4": {
        "1.10.1": "https://github.com/Geforce132/SecurityCraft/blob/eol/1.19.4/Changelog.md"
    },
    "1.20": {
        "1.9.7-beta2": "https://github.com/Geforce132/SecurityCraft/blob/2e41d10948280cfdfe693e52c3580adf5f0cb18c/Changelog.md"
    },
    "1.20.2": {
        "1.9.9": "https://github.com/Geforce132/SecurityCraft/blob/eol/1.20.2/Changelog.md"
    },
    "1.20.4": {
        "1.10.1": "https://github.com/Geforce132/SecurityCraft/blob/eol/1.20.4/Changelog.md"
    },
    "1.20.6": {
        "1.10.1": "https://github.com/Geforce132/SecurityCraft/blob/eol/1.20.6/Changelog.md"
    },
    "1.21": {
        "1.9.10-beta7": "https://github.com/Geforce132/SecurityCraft/blob/a74d63ec9796e54c5bd8d22c18a320146560a753/Changelog.md"
    },
    "1.21.2": {
        "1.9.11-beta2": "https://github.com/Geforce132/SecurityCraft/blob/63c87ccbc661cecac0e75d54b81b571a3d17a29e/Changelog.md"
    },
    "1.21.3": {
        "1.10.1": "https://github.com/Geforce132/SecurityCraft/blob/eol/1.21.3/Changelog.md"
    },
    "1.21.4": {
        "1.10.1": "https://github.com/Geforce132/SecurityCraft/blob/eol/1.21.4/Changelog.md"
    },
    "1.21.5": {
        "1.10.1": "https://github.com/Geforce132/SecurityCraft/blob/eol/1.21.5/Changelog.md"
    },
    "1.21.6": {
        "1.10-beta3": "https://github.com/Geforce132/SecurityCraft/blob/eol/1.21.6/Changelog.md"
    },
    "1.21.7": {
        "1.10-beta1": "https://github.com/Geforce132/SecurityCraft/blob/eol/1.21.7/Changelog.md"
    },
    "1.21.8": {
        "1.10.2.1": "https://github.com/Geforce132/SecurityCraft/blob/1.21.8/Changelog.md"
    },
    "26.1": {
        "1.10.1-beta1": "https://github.com/Geforce132/SecurityCraft/blob/3530e3135264e6f50f5d80b66c18b62540250f2b/Changelog.md"
    },
    "26.1.1": {
        "1.10.1-beta2": "https://github.com/Geforce132/SecurityCraft/blob/fdc8e004b6dad213880d5b03d4562a5568b5c5f8/Changelog.md"
    },

    "1.20.1": {
        "1.10.2.1": "https://github.com/Geforce132/SecurityCraft/blob/1.20.1/Changelog.md"
    },
    "1.21.1": {
        "1.10.2.1": "https://github.com/Geforce132/SecurityCraft/blob/1.21.1/Changelog.md"
    },
    "1.21.10": {
        "1.10.2.1": "https://github.com/Geforce132/SecurityCraft/blob/1.21.10/Changelog.md"
    },
    "1.21.11": {
        "1.10.2.1": "https://github.com/Geforce132/SecurityCraft/blob/1.21.11/Changelog.md"
    },
    "26.1.2": {
        "1.10.2.1": "https://github.com/Geforce132/SecurityCraft/blob/26.1/Changelog.md"
    },
    "26.2": {
        "1.10.2.1": "https://github.com/Geforce132/SecurityCraft/blob/26.1/Changelog.md"
    }
}
[25Aug2026 11:24:09.081] [Forge Version Check/INFO] [net.minecraftforge.fml.VersionChecker/]: [securitycraft] Found status: OUTDATED Current: 1.9.10 Target: 1.10.2.1
[25Aug2026 11:24:09.082] [Forge Version Check/INFO] [net.minecraftforge.fml.VersionChecker/]: [fracturepoint] Starting version check at https://raw.githubusercontent.com/Lothrazar/ForgeTemplate/trunk/1.20/update.json
[25Aug2026 11:24:09.091] [Forge Version Check/DEBUG] [net.minecraftforge.fml.VersionChecker/]: [fracturepoint] Received version check data:
{
  "homepage": "https://www.curseforge.com/minecraft/mc-mods/_curseslug_",
  "promos": {
    "1.20.1-latest": "0.0.1"
  },
  "1.20.1": {
    "0.0.1": "Release "
  }
}
[25Aug2026 11:24:09.092] [Forge Version Check/INFO] [net.minecraftforge.fml.VersionChecker/]: [fracturepoint] Found status: BETA Current: 3.0.0-PT2 Target: 0.0.1
[25Aug2026 11:24:09.092] [Forge Version Check/INFO] [net.minecraftforge.fml.VersionChecker/]: [mcwfurnitures] Starting version check at https://raw.githubusercontent.com/sketchmacaw/macawsmods/master/furniture.json
[25Aug2026 11:24:09.102] [Forge Version Check/DEBUG] [net.minecraftforge.fml.VersionChecker/]: [mcwfurnitures] Received version check data:
{
  "homepage": "https://www.curseforge.com/minecraft/mc-mods/macaws-furniture",
  "promos": {
  	"1.21.10-recommended": "3.4.0",
    "1.21.10-latest": "3.4.0",
	"1.21.9-recommended": "3.4.0",
    "1.21.9-latest": "3.4.0",
	"1.21.8-recommended": "3.4.1",
    "1.21.8-latest": "3.4.1",
	"1.21.7-recommended": "3.4.1",
    "1.21.7-latest": "3.4.1",
  	"1.21.6-recommended": "3.4.1",
    "1.21.6-latest": "3.4.1",
	"1.21.5-recommended": "3.4.1",
    "1.21.5-latest": "3.4.1",
	"1.21.4-recommended": "3.4.1",
    "1.21.4-latest": "3.4.1",
  	"1.21.3-recommended": "3.4.1",
    "1.21.3-latest": "3.4.1",
  	"1.21.1-recommended": "3.4.1",
    "1.21.1-latest": "3.4.1",
    "1.21-recommended": "3.4.1",
    "1.21-latest": "3.4.1",
    "1.20.6-recommended": "3.4.1",
    "1.20.6-latest": "3.4.1",
    "1.20.4-recommended": "3.4.1",
    "1.20.3-recommended": "3.4.1",
    "1.20.4-latest": "3.4.1",
    "1.20.3-latest": "3.4.1",
    "1.20-latest": "3.4.1",
    "1.20.2-latest": "3.4.1",
    "1.20.1-latest": "3.4.1",
    "1.16.4-latest": "2.0.1",
    "1.16.5-latest": "3.4.1",
    "1.15.2-latest": "2.0.1",
    "1.15.1-latest": "1.0.1",
    "1.14.4-latest": "1.0.1",
    "1.12.2-latest": "1.0.1",
    "1.17.1-recommended": "3.4.1",
    "1.18.1-recommended": "3.4.1",
    "1.18.2-recommended": "3.4.1",
    "1.17.1-latest": "3.4.1",
    "1.18.1-latest": "3.4.1",
    "1.18.2-latest": "3.4.1",
    "1.19-recommended": "3.4.1",
    "1.19-latest": "3.4.1",
    "1.19.1-recommended": "3.4.1",
    "1.19.1-latest": "3.4.1",
    "1.19.2-recommended": "3.4.1",
    "1.19.2-latest": "3.4.1",
    "1.19.3-recommended": "3.4.1",
    "1.19.3-latest": "3.4.1",
    "1.16.4-recommended": "2.0.1",
    "1.16.5-recommended": "3.4.1",
    "1.20-recommended": "3.4.1",
    "1.20.1-recommended": "3.4.1",
    "1.20.2-recommended": "3.4.1",
    "1.15.2-recommended": "2.0.1",
    "1.15.1-recommended": "1.0.1",
    "1.14.4-recommended": "1.0.1",
    "1.12.2-recommended": "1.0.1"
  }
}
[25Aug2026 11:24:09.102] [Forge Version Check/INFO] [net.minecraftforge.fml.VersionChecker/]: [mcwfurnitures] Found status: UP_TO_DATE Current: 3.4.1 Target: null
[25Aug2026 11:24:09.102] [Forge Version Check/INFO] [net.minecraftforge.fml.VersionChecker/]: [puzzleslib] Starting version check at https://raw.githubusercontent.com/Fuzss/modresources/main/update/puzzleslib.json
[25Aug2026 11:24:09.111] [Forge Version Check/DEBUG] [net.minecraftforge.fml.VersionChecker/]: [puzzleslib] Received version check data:
{
    "homepage": "https://modrinth.com/mod/puzzles-lib",
    "promos": {
        "1.16.2-latest": "1.0.15",
        "1.16.2-recommended": "1.0.15",
        "1.16.3-latest": "1.0.15",
        "1.16.3-recommended": "1.0.15",
        "1.16.4-latest": "1.0.15",
        "1.16.4-recommended": "1.0.15",
        "1.16.5-latest": "1.0.15",
        "1.16.5-recommended": "1.0.15",
        "1.17.1-latest": "2.0.2",
        "1.17.1-recommended": "2.0.2",
        "1.18-latest": "3.2.1",
        "1.18-recommended": "3.2.1",
        "1.18.1-latest": "3.2.1",
        "1.18.1-recommended": "3.2.1",
        "1.18.2-latest": "3.5.10",
        "1.18.2-recommended": "3.5.10",
        "1.19-latest": "4.0.18",
        "1.19-recommended": "4.0.18",
        "1.19.1-latest": "4.2.4",
        "1.19.1-recommended": "4.2.4",
        "1.19.2-latest": "4.4.3",
        "1.19.2-recommended": "4.4.3",
        "1.19.3-latest": "5.0.33",
        "1.19.3-recommended": "5.0.33",
        "1.19.4-latest": "6.0.11",
        "1.19.4-recommended": "6.0.11",
        "1.20-latest": "7.0.9",
        "1.20-recommended": "7.0.9",
        "1.20.1-latest": "8.1.33",
        "1.20.1-recommended": "8.1.33",
        "1.20.4-latest": "20.4.53",
        "1.20.4-recommended": "20.4.53",
        "1.21-latest": "21.0.28",
        "1.21-recommended": "21.0.28",
        "1.21.1-latest": "21.1.52",
        "1.21.1-recommended": "21.1.52",
        "1.21.10-latest": "21.10.8",
        "1.21.10-recommended": "21.10.8",
        "1.21.11-latest": "21.11.1",
        "1.21.11-recommended": "21.11.1",
        "1.21.3-latest": "21.3.25",
        "1.21.3-recommended": "21.3.25",
        "1.21.4-latest": "21.4.14",
        "1.21.4-recommended": "21.4.14",
        "1.21.5-latest": "21.5.13",
        "1.21.5-recommended": "21.5.13",
        "1.21.6-latest": "21.6.6",
        "1.21.6-recommended": "21.6.6",
        "1.21.7-latest": "21.7.1",
        "1.21.7-recommended": "21.7.1",
        "1.21.8-latest": "21.8.9",
        "1.21.8-recommended": "21.8.9",
        "1.21.9-latest": "21.9.5",
        "1.21.9-recommended": "21.9.5"
    }
}
[25Aug2026 11:24:09.112] [Forge Version Check/INFO] [net.minecraftforge.fml.VersionChecker/]: [puzzleslib] Found status: UP_TO_DATE Current: 8.1.33 Target: null
[25Aug2026 11:24:09.112] [Forge Version Check/INFO] [net.minecraftforge.fml.VersionChecker/]: [easyshulkerboxes] Starting version check at https://raw.githubusercontent.com/Fuzss/modresources/main/update/easyshulkerboxes.json
[25Aug2026 11:24:09.122] [Forge Version Check/DEBUG] [net.minecraftforge.fml.VersionChecker/]: [easyshulkerboxes] Received version check data:
{
    "homepage": "https://www.curseforge.com/minecraft/mc-mods/easy-shulker-boxes-forge",
    "promos": {
        "1.18-latest": "3.0.0",
        "1.18-recommended": "3.0.0",
        "1.18.1-latest": "3.0.0",
        "1.18.1-recommended": "3.0.0",
        "1.18.2-latest": "3.1.1",
        "1.18.2-recommended": "3.1.1",
        "1.19-latest": "4.0.3",
        "1.19-recommended": "4.0.3",
        "1.19.1-latest": "4.3.0",
        "1.19.1-recommended": "4.3.0",
        "1.19.2-latest": "4.4.1",
        "1.19.2-recommended": "4.4.1",
        "1.19.3-latest": "5.0.0",
        "1.19.3-recommended": "5.0.0",
        "1.19.4-latest": "6.0.0",
        "1.19.4-recommended": "6.0.0",
        "1.20-latest": "7.0.0",
        "1.20-recommended": "7.0.0",
        "1.20.1-latest": "8.0.2",
        "1.20.1-recommended": "8.0.2",
        "1.20.4-latest": "20.4.6",
        "1.20.4-recommended": "20.4.6",
        "1.21-latest": "21.0.3",
        "1.21-recommended": "21.0.3",
        "1.21.1-latest": "21.1.3",
        "1.21.1-recommended": "21.1.3",
        "1.21.3-latest": "21.3.1",
        "1.21.3-recommended": "21.3.1",
        "1.21.4-latest": "21.4.2",
        "1.21.4-recommended": "21.4.2",
        "1.21.5-latest": "21.5.0",
        "1.21.5-recommended": "21.5.0",
        "1.21.6-latest": "21.6.1",
        "1.21.6-recommended": "21.6.1",
        "1.21.7-latest": "21.7.0",
        "1.21.7-recommended": "21.7.0",
        "1.21.8-latest": "21.8.3",
        "1.21.8-recommended": "21.8.3",
        "1.21.9-latest": "21.9.0",
        "1.21.9-recommended": "21.9.0",
        "1.21.10-latest": "21.10.1",
        "1.21.10-recommended": "21.10.1"
    }
}
[25Aug2026 11:24:09.123] [Forge Version Check/INFO] [net.minecraftforge.fml.VersionChecker/]: [easyshulkerboxes] Found status: UP_TO_DATE Current: 8.0.2 Target: null
[25Aug2026 11:24:11.263] [main/INFO] [com.mojang.authlib.yggdrasil.YggdrasilAuthenticationService/]: Environment: authHost='https://authserver.mojang.com', accountsHost='https://api.mojang.com', sessionHost='https://sessionserver.mojang.com', servicesHost='https://api.minecraftservices.com', name='PROD'
[25Aug2026 11:24:14.355] [main/DEBUG] [mixin/]: Mixing NbtUtilsMixin from accessories-common.mixins.json into net.minecraft.nbt.NbtUtils
[25Aug2026 11:24:14.393] [main/WARN] [net.minecraft.server.packs.VanillaPackResourcesBuilder/]: Assets URL 'union:/workspaces/Marangooners/servidor_minecraft/libraries/net/minecraft/server/1.20.1-20230612.114412/server-1.20.1-20230612.114412-srg.jar%23179!/assets/.mcassetsroot' uses unexpected schema
[25Aug2026 11:24:14.394] [main/WARN] [net.minecraft.server.packs.VanillaPackResourcesBuilder/]: Assets URL 'union:/workspaces/Marangooners/servidor_minecraft/libraries/net/minecraft/server/1.20.1-20230612.114412/server-1.20.1-20230612.114412-srg.jar%23179!/data/.mcassetsroot' uses unexpected schema
[25Aug2026 11:24:14.437] [main/DEBUG] [mixin/]: Mixing ServerPlayerGameModeMixinForge from justhammers.mixins.json into net.minecraft.server.level.ServerPlayerGameMode
[25Aug2026 11:24:14.500] [main/DEBUG] [net.minecraftforge.fml.config.ConfigTracker/CONFIG]: Config file tacz-pre.toml for minecraft tracking
[25Aug2026 11:24:14.501] [main/DEBUG] [net.minecraftforge.fml.config.ConfigFileTypeHandler/CONFIG]: Built TOML config for /workspaces/Marangooners/servidor_minecraft/tacz/tacz-pre.toml
[25Aug2026 11:24:14.501] [main/DEBUG] [net.minecraftforge.fml.config.ConfigFileTypeHandler/CONFIG]: Loaded TOML config file /workspaces/Marangooners/servidor_minecraft/tacz/tacz-pre.toml
[25Aug2026 11:24:14.502] [main/DEBUG] [net.minecraftforge.fml.config.ConfigFileTypeHandler/CONFIG]: Watching TOML config file /workspaces/Marangooners/servidor_minecraft/tacz/tacz-pre.toml for changes
[25Aug2026 11:24:14.503] [Thread-1/DEBUG] [net.minecraftforge.fml.config.ConfigFileTypeHandler/CONFIG]: Config file tacz-pre.toml changed, sending notifies
[25Aug2026 11:24:14.504] [Thread-1/DEBUG] [net.minecraftforge.fml.config.ConfigFileTypeHandler/CONFIG]: Config file tacz-pre.toml changed, sending notifies
[25Aug2026 11:24:14.603] [main/DEBUG] [tacz/]: Skipping unchanged exported resource /workspaces/Marangooners/servidor_minecraft/tacz/tacz_default_gun
[25Aug2026 11:24:14.604] [main/INFO] [tacz/GunPackFinder]: Start scanning for gun packs in /workspaces/Marangooners/servidor_minecraft/tacz
[25Aug2026 11:24:14.608] [main/INFO] [tacz/GunPackFinder]: - tacz_default_gun, Main namespace: tacz
[25Aug2026 11:24:14.609] [main/INFO] [tacz/GunPackFinder]: Found 1 possible gunpack(s) and added them to resource set.
[25Aug2026 11:24:14.709] [main/DEBUG] [net.minecraftforge.server.ServerLifecycleHooks/CORE]: Generating PackInfo named mod:treechop for mod file /workspaces/Marangooners/servidor_minecraft/mods/TreeChop-1.20.1-forge-0.19.0.jar
[25Aug2026 11:24:14.710] [main/DEBUG] [net.minecraftforge.server.ServerLifecycleHooks/CORE]: Generating PackInfo named mod:easyanvils for mod file /workspaces/Marangooners/servidor_minecraft/mods/EasyAnvils-v8.0.2-1.20.1-Forge.jar
[25Aug2026 11:24:14.710] [main/DEBUG] [net.minecraftforge.server.ServerLifecycleHooks/CORE]: Generating PackInfo named mod:puzzlesapi for mod file 
[25Aug2026 11:24:14.711] [main/DEBUG] [net.minecraftforge.server.ServerLifecycleHooks/CORE]: Generating PackInfo named mod:mr_ore_veinminer for mod file /workspaces/Marangooners/servidor_minecraft/mods/ore-vein-miner-1.2.jar
[25Aug2026 11:24:14.711] [main/DEBUG] [net.minecraftforge.server.ServerLifecycleHooks/CORE]: Generating PackInfo named mod:geckolib for mod file /workspaces/Marangooners/servidor_minecraft/mods/geckolib-forge-1.20.1-4.8.4.jar
[25Aug2026 11:24:14.711] [main/DEBUG] [net.minecraftforge.server.ServerLifecycleHooks/CORE]: Generating PackInfo named mod:easymagic for mod file /workspaces/Marangooners/servidor_minecraft/mods/EasyMagic-v8.0.1-1.20.1-Forge.jar
[25Aug2026 11:24:14.711] [main/DEBUG] [net.minecraftforge.server.ServerLifecycleHooks/CORE]: Generating PackInfo named mod:visualworkbench for mod file /workspaces/Marangooners/servidor_minecraft/mods/VisualWorkbench-v8.0.1-1.20.1-Forge.jar
[25Aug2026 11:24:14.712] [main/DEBUG] [net.minecraftforge.server.ServerLifecycleHooks/CORE]: Generating PackInfo named mod:tacz for mod file /workspaces/Marangooners/servidor_minecraft/mods/tacz-1.20.1-1.1.8-hotfix.jar
[25Aug2026 11:24:14.712] [main/DEBUG] [net.minecraftforge.server.ServerLifecycleHooks/CORE]: Generating PackInfo named mod:libraryferret for mod file /workspaces/Marangooners/servidor_minecraft/mods/libraryferret-forge-1.20.1-4.0.0.jar
[25Aug2026 11:24:14.712] [main/DEBUG] [net.minecraftforge.server.ServerLifecycleHooks/CORE]: Generating PackInfo named mod:mcwwindows for mod file /workspaces/Marangooners/servidor_minecraft/mods/mcw-mcwwindows-2.4.2-mc1.20.1forge.jar
[25Aug2026 11:24:14.713] [main/DEBUG] [net.minecraftforge.server.ServerLifecycleHooks/CORE]: Generating PackInfo named mod:incendium for mod file /workspaces/Marangooners/servidor_minecraft/mods/Incendium_1.20.x_v5.3.5.jar
[25Aug2026 11:24:14.713] [main/DEBUG] [net.minecraftforge.server.ServerLifecycleHooks/CORE]: Generating PackInfo named mod:sophisticatedcore for mod file /workspaces/Marangooners/servidor_minecraft/mods/sophisticatedcore-1.20.1-1.3.84.2308.jar
[25Aug2026 11:24:14.713] [main/DEBUG] [net.minecraftforge.server.ServerLifecycleHooks/CORE]: Generating PackInfo named mod:fabric_data_attachment_api_v1 for mod file 
[25Aug2026 11:24:14.714] [main/DEBUG] [net.minecraftforge.server.ServerLifecycleHooks/CORE]: Generating PackInfo named mod:mixinextras for mod file 
[25Aug2026 11:24:14.714] [main/DEBUG] [net.minecraftforge.server.ServerLifecycleHooks/CORE]: Generating PackInfo named mod:glitchcore for mod file /workspaces/Marangooners/servidor_minecraft/mods/GlitchCore-forge-1.20.1-0.0.1.1.jar
[25Aug2026 11:24:14.714] [main/DEBUG] [net.minecraftforge.server.ServerLifecycleHooks/CORE]: Generating PackInfo named mod:sereneseasons for mod file /workspaces/Marangooners/servidor_minecraft/mods/SereneSeasons-forge-1.20.1-9.1.0.3.jar
[25Aug2026 11:24:14.714] [main/DEBUG] [net.minecraftforge.server.ServerLifecycleHooks/CORE]: Generating PackInfo named mod:sophisticatedbackpacks for mod file /workspaces/Marangooners/servidor_minecraft/mods/sophisticatedbackpacks-1.20.1-3.24.67.2109.jar
[25Aug2026 11:24:14.715] [main/DEBUG] [net.minecraftforge.server.ServerLifecycleHooks/CORE]: Generating PackInfo named mod:mr_epicterrain for mod file /workspaces/Marangooners/servidor_minecraft/mods/epicterrain-0.3.0.jar
[25Aug2026 11:24:14.715] [main/DEBUG] [net.minecraftforge.server.ServerLifecycleHooks/CORE]: Generating PackInfo named mod:takesapillage for mod file /workspaces/Marangooners/servidor_minecraft/mods/takesapillage-1.0.3-1.20.1.jar
[25Aug2026 11:24:14.715] [main/DEBUG] [net.minecraftforge.server.ServerLifecycleHooks/CORE]: Generating PackInfo named mod:mcwdoors for mod file /workspaces/Marangooners/servidor_minecraft/mods/mcw-doors-1.1.5-mc1.20.1forge.jar
[25Aug2026 11:24:14.716] [main/DEBUG] [net.minecraftforge.server.ServerLifecycleHooks/CORE]: Generating PackInfo named mod:superbwarfare for mod file /workspaces/Marangooners/servidor_minecraft/mods/superbwarfare-0.8.9.1-hotfix-mc1.20.1-993063bed-all.jar
[25Aug2026 11:24:14.716] [main/DEBUG] [net.minecraftforge.server.ServerLifecycleHooks/CORE]: Generating PackInfo named mod:carryon for mod file /workspaces/Marangooners/servidor_minecraft/mods/carryon-forge-1.20.1-2.1.2.7.jar
[25Aug2026 11:24:14.716] [main/DEBUG] [net.minecraftforge.server.ServerLifecycleHooks/CORE]: Generating PackInfo named mod:puzzlesaccessapi for mod file 
[25Aug2026 11:24:14.716] [main/DEBUG] [net.minecraftforge.server.ServerLifecycleHooks/CORE]: Generating PackInfo named mod:cloth_config for mod file 
[25Aug2026 11:24:14.717] [main/DEBUG] [net.minecraftforge.server.ServerLifecycleHooks/CORE]: Generating PackInfo named mod:forge for mod file /workspaces/Marangooners/servidor_minecraft/libraries/net/minecraftforge/forge/1.20.1-47.3.7/forge-1.20.1-47.3.7-universal.jar
[25Aug2026 11:24:14.717] [main/DEBUG] [net.minecraftforge.server.ServerLifecycleHooks/CORE]: Generating PackInfo named mod:farmersdelight for mod file /workspaces/Marangooners/servidor_minecraft/mods/FarmersDelight-1.20.1-1.3.3.jar
[25Aug2026 11:24:14.717] [main/DEBUG] [net.minecraftforge.server.ServerLifecycleHooks/CORE]: Generating PackInfo named mod:fabric_api_base for mod file 
[25Aug2026 11:24:14.717] [main/DEBUG] [net.minecraftforge.server.ServerLifecycleHooks/CORE]: Generating PackInfo named mod:endrem for mod file /workspaces/Marangooners/servidor_minecraft/mods/endrem_forge-5.3.3-R-1.20.1.jar
[25Aug2026 11:24:14.718] [main/DEBUG] [net.minecraftforge.server.ServerLifecycleHooks/CORE]: Generating PackInfo named mod:another_furniture for mod file /workspaces/Marangooners/servidor_minecraft/mods/another_furniture-forge-1.20.1-3.0.4.jar
[25Aug2026 11:24:14.718] [main/DEBUG] [net.minecraftforge.server.ServerLifecycleHooks/CORE]: Generating PackInfo named mod:chunky for mod file /workspaces/Marangooners/servidor_minecraft/mods/Chunky-1.3.146.jar
[25Aug2026 11:24:14.718] [main/DEBUG] [net.minecraftforge.server.ServerLifecycleHooks/CORE]: Generating PackInfo named mod:mcwfences for mod file /workspaces/Marangooners/servidor_minecraft/mods/mcw-mcwfences-1.2.1-mc1.20.1forge.jar
[25Aug2026 11:24:14.718] [main/DEBUG] [net.minecraftforge.server.ServerLifecycleHooks/CORE]: Generating PackInfo named mod:kotlinforforge for mod file 
[25Aug2026 11:24:14.719] [main/DEBUG] [net.minecraftforge.server.ServerLifecycleHooks/CORE]: Generating PackInfo named mod:curios for mod file 
[25Aug2026 11:24:14.719] [main/DEBUG] [net.minecraftforge.server.ServerLifecycleHooks/CORE]: Generating PackInfo named mod:flywheel for mod file 
[25Aug2026 11:24:14.719] [main/DEBUG] [net.minecraftforge.server.ServerLifecycleHooks/CORE]: Generating PackInfo named mod:ponder for mod file 
[25Aug2026 11:24:14.719] [main/DEBUG] [net.minecraftforge.server.ServerLifecycleHooks/CORE]: Generating PackInfo named mod:simplebedrockmodel for mod file 
[25Aug2026 11:24:14.719] [main/DEBUG] [net.minecraftforge.server.ServerLifecycleHooks/CORE]: Generating PackInfo named mod:gravestone for mod file /workspaces/Marangooners/servidor_minecraft/mods/gravestone-forge-1.20.1-1.0.35.jar
[25Aug2026 11:24:14.720] [main/DEBUG] [net.minecraftforge.server.ServerLifecycleHooks/CORE]: Generating PackInfo named mod:securitycraft for mod file /workspaces/Marangooners/servidor_minecraft/mods/[1.20.1] SecurityCraft v1.9.10.jar
[25Aug2026 11:24:14.720] [main/DEBUG] [net.minecraftforge.server.ServerLifecycleHooks/CORE]: Generating PackInfo named mod:nullscape for mod file /workspaces/Marangooners/servidor_minecraft/mods/Nullscape_1.20.x_v1.2.8.jar
[25Aug2026 11:24:14.720] [main/DEBUG] [net.minecraftforge.server.ServerLifecycleHooks/CORE]: Generating PackInfo named mod:bettervillage for mod file /workspaces/Marangooners/servidor_minecraft/mods/bettervillage-forge-1.20.1-3.3.1-all.jar
[25Aug2026 11:24:14.721] [main/DEBUG] [net.minecraftforge.server.ServerLifecycleHooks/CORE]: Generating PackInfo named mod:overweight_farming for mod file /workspaces/Marangooners/servidor_minecraft/mods/overweightfarming-1.20.1-2.1.0-forge.jar
[25Aug2026 11:24:14.721] [main/DEBUG] [net.minecraftforge.server.ServerLifecycleHooks/CORE]: Generating PackInfo named mod:fabric_entity_events_v1 for mod file 
[25Aug2026 11:24:14.721] [main/DEBUG] [net.minecraftforge.server.ServerLifecycleHooks/CORE]: Generating PackInfo named mod:fracturepoint for mod file /workspaces/Marangooners/servidor_minecraft/mods/fracturepoint-1.20.1-3.0.0-PT2-all.jar
[25Aug2026 11:24:14.721] [main/DEBUG] [net.minecraftforge.server.ServerLifecycleHooks/CORE]: Generating PackInfo named mod:accessories for mod file /workspaces/Marangooners/servidor_minecraft/mods/accessories-neoforge-1.0.0-beta.48+1.20.1.jar
[25Aug2026 11:24:14.722] [main/DEBUG] [net.minecraftforge.server.ServerLifecycleHooks/CORE]: Generating PackInfo named mod:architectury for mod file /workspaces/Marangooners/servidor_minecraft/mods/architectury-9.2.14-forge.jar
[25Aug2026 11:24:14.722] [main/DEBUG] [net.minecraftforge.server.ServerLifecycleHooks/CORE]: Generating PackInfo named mod:farm_and_charm for mod file /workspaces/Marangooners/servidor_minecraft/mods/letsdo-farm_and_charm-forge-1.0.14.jar
[25Aug2026 11:24:14.722] [main/DEBUG] [net.minecraftforge.server.ServerLifecycleHooks/CORE]: Generating PackInfo named mod:justhammers for mod file /workspaces/Marangooners/servidor_minecraft/mods/justhammers-forge-2.0.3+mc1.20.1.jar
[25Aug2026 11:24:14.723] [main/DEBUG] [net.minecraftforge.server.ServerLifecycleHooks/CORE]: Generating PackInfo named mod:moremobvariants for mod file /workspaces/Marangooners/servidor_minecraft/mods/moremobvariants-forge+1.20.1-1.3.0.1.jar
[25Aug2026 11:24:14.723] [main/DEBUG] [net.minecraftforge.server.ServerLifecycleHooks/CORE]: Generating PackInfo named mod:fabric_object_builder_api_v1 for mod file 
[25Aug2026 11:24:14.723] [main/DEBUG] [net.minecraftforge.server.ServerLifecycleHooks/CORE]: Generating PackInfo named mod:mcwfurnitures for mod file /workspaces/Marangooners/servidor_minecraft/mods/mcw-furniture-3.4.1-mc1.20.1forge.jar
[25Aug2026 11:24:14.723] [main/DEBUG] [net.minecraftforge.server.ServerLifecycleHooks/CORE]: Generating PackInfo named mod:puzzleslib for mod file /workspaces/Marangooners/servidor_minecraft/mods/PuzzlesLib-v8.1.33-1.20.1-Forge.jar
[25Aug2026 11:24:14.724] [main/DEBUG] [net.minecraftforge.server.ServerLifecycleHooks/CORE]: Generating PackInfo named mod:easyshulkerboxes for mod file /workspaces/Marangooners/servidor_minecraft/mods/EasyShulkerBoxes-v8.0.2-1.20.1-Forge.jar
[25Aug2026 11:24:15.244] [main/INFO] [bettervillage/]: StructureSet modified for minecraft:village : Now using custom village configuration (can be disabled in the better villages config: boolean.villages.enabled_custom_config).
[25Aug2026 11:24:15.952] [main/DEBUG] [mixin/]: Mixing MixinLootDataManager from architectury.mixins.json into net.minecraft.world.level.storage.loot.LootDataManager
[25Aug2026 11:24:15.958] [main/DEBUG] [mixin/]: Mixing LootDataManagerForgeMixin from puzzleslib.forge.mixins.json into net.minecraft.world.level.storage.loot.LootDataManager
[25Aug2026 11:24:16.174] [main/DEBUG] [net.minecraftforge.coremod.transformer.CoreModBaseTransformer/COREMOD]: Transforming net/minecraft/server/commands/SummonCommand
[25Aug2026 11:24:16.675] [Worker-Main-3/DEBUG] [net.minecraftforge.coremod.transformer.CoreModBaseTransformer/COREMOD]: Transforming net/minecraft/world/entity/raid/Raid
[25Aug2026 11:24:16.848] [Worker-Main-2/ERROR] [net.minecraft.tags.TagLoader/]: Couldn't load tag forge:armors/chestplates as it is missing following references: fracturepoint:nato_ukr_backpack (from fracturepoint-1.20.1-3.0.0-PT2-all.jar), 
	fracturepoint:nato_mg_backpack (from fracturepoint-1.20.1-3.0.0-PT2-all.jar)
[25Aug2026 11:24:16.849] [Worker-Main-2/ERROR] [net.minecraft.tags.TagLoader/]: Couldn't load tag forge:armors as it is missing following references: #forge:armors/chestplates (from forge-1.20.1-47.3.7-universal.jar)
[25Aug2026 11:24:17.194] [Worker-Main-3/DEBUG] [mixin/]: Mixing LootContextParamSetsAccess from treechop.mixins.json into net.minecraft.world.level.storage.loot.parameters.LootContextParamSets
[25Aug2026 11:24:17.195] [Worker-Main-3/DEBUG] [mixin/]: Renaming @Invoker method callRegister(Ljava/lang/String;Ljava/util/function/Consumer;)Lnet/minecraft/world/level/storage/loot/parameters/LootContextParamSet; to callRegister_$md$08027c$0 in treechop.mixins.json:LootContextParamSetsAccess
[25Aug2026 11:24:17.401] [Worker-Main-3/ERROR] [net.minecraftforge.common.ForgeHooks/]: Couldn't parse element loot_tables:overweight_farming:blocks/peeled_overweight_ginger_block
com.google.gson.JsonSyntaxException: Expected name to be an item, was unknown string 'snowyspirit:ginger'
	at net.minecraft.util.GsonHelper.m_13866_(GsonHelper.java:145) ~[server-1.20.1-20230612.114412-srg.jar%23179!/:?]
	at java.util.Optional.orElseThrow(Optional.java:403) ~[?:?]
	at net.minecraft.util.GsonHelper.m_13874_(GsonHelper.java:145) ~[server-1.20.1-20230612.114412-srg.jar%23179!/:?]
	at net.minecraft.util.GsonHelper.m_13909_(GsonHelper.java:153) ~[server-1.20.1-20230612.114412-srg.jar%23179!/:?]
	at net.minecraft.world.level.storage.loot.entries.LootItem$Serializer.m_7267_(LootItem.java:55) ~[server-1.20.1-20230612.114412-srg.jar%23179!/:?]
	at net.minecraft.world.level.storage.loot.entries.LootItem$Serializer.m_7267_(LootItem.java:40) ~[server-1.20.1-20230612.114412-srg.jar%23179!/:?]
	at net.minecraft.world.level.storage.loot.entries.LootPoolSingletonContainer$Serializer.m_5921_(LootPoolSingletonContainer.java:151) ~[server-1.20.1-20230612.114412-srg.jar%23179!/:?]
	at net.minecraft.world.level.storage.loot.entries.LootPoolSingletonContainer$Serializer.m_5921_(LootPoolSingletonContainer.java:129) ~[server-1.20.1-20230612.114412-srg.jar%23179!/:?]
	at net.minecraft.world.level.storage.loot.entries.LootPoolEntryContainer$Serializer.m_7561_(LootPoolEntryContainer.java:86) ~[server-1.20.1-20230612.114412-srg.jar%23179!/:?]
	at net.minecraft.world.level.storage.loot.entries.LootPoolEntryContainer$Serializer.m_7561_(LootPoolEntryContainer.java:74) ~[server-1.20.1-20230612.114412-srg.jar%23179!/:?]
	at net.minecraft.world.level.storage.loot.GsonAdapterFactory$JsonAdapter.deserialize(GsonAdapterFactory.java:102) ~[server-1.20.1-20230612.114412-srg.jar%23179!/:?]
	at com.google.gson.internal.bind.TreeTypeAdapter.read(TreeTypeAdapter.java:76) ~[gson-2.10.jar%2372!/:?]
	at com.google.gson.internal.bind.TypeAdapterRuntimeTypeWrapper.read(TypeAdapterRuntimeTypeWrapper.java:40) ~[gson-2.10.jar%2372!/:?]
	at com.google.gson.internal.bind.ArrayTypeAdapter.read(ArrayTypeAdapter.java:72) ~[gson-2.10.jar%2372!/:?]
	at com.google.gson.Gson.fromJson(Gson.java:1214) ~[gson-2.10.jar%2372!/:?]
	at com.google.gson.Gson.fromJson(Gson.java:1319) ~[gson-2.10.jar%2372!/:?]
	at com.google.gson.Gson.fromJson(Gson.java:1290) ~[gson-2.10.jar%2372!/:?]
	at com.google.gson.internal.bind.TreeTypeAdapter$GsonContextImpl.deserialize(TreeTypeAdapter.java:179) ~[gson-2.10.jar%2372!/:?]
	at net.minecraft.util.GsonHelper.m_13808_(GsonHelper.java:463) ~[server-1.20.1-20230612.114412-srg.jar%23179!/:?]
	at net.minecraft.util.GsonHelper.m_13836_(GsonHelper.java:471) ~[server-1.20.1-20230612.114412-srg.jar%23179!/:?]
	at net.minecraft.world.level.storage.loot.entries.CompositeEntryBase$1.m_5921_(CompositeEntryBase.java:61) ~[server-1.20.1-20230612.114412-srg.jar%23179!/:?]
	at net.minecraft.world.level.storage.loot.entries.CompositeEntryBase$1.m_5921_(CompositeEntryBase.java:53) ~[server-1.20.1-20230612.114412-srg.jar%23179!/:?]
	at net.minecraft.world.level.storage.loot.entries.LootPoolEntryContainer$Serializer.m_7561_(LootPoolEntryContainer.java:86) ~[server-1.20.1-20230612.114412-srg.jar%23179!/:?]
	at net.minecraft.world.level.storage.loot.entries.LootPoolEntryContainer$Serializer.m_7561_(LootPoolEntryContainer.java:74) ~[server-1.20.1-20230612.114412-srg.jar%23179!/:?]
	at net.minecraft.world.level.storage.loot.GsonAdapterFactory$JsonAdapter.deserialize(GsonAdapterFactory.java:102) ~[server-1.20.1-20230612.114412-srg.jar%23179!/:?]
	at com.google.gson.internal.bind.TreeTypeAdapter.read(TreeTypeAdapter.java:76) ~[gson-2.10.jar%2372!/:?]
	at com.google.gson.internal.bind.TypeAdapterRuntimeTypeWrapper.read(TypeAdapterRuntimeTypeWrapper.java:40) ~[gson-2.10.jar%2372!/:?]
	at com.google.gson.internal.bind.ArrayTypeAdapter.read(ArrayTypeAdapter.java:72) ~[gson-2.10.jar%2372!/:?]
	at com.google.gson.Gson.fromJson(Gson.java:1214) ~[gson-2.10.jar%2372!/:?]
	at com.google.gson.Gson.fromJson(Gson.java:1319) ~[gson-2.10.jar%2372!/:?]
	at com.google.gson.Gson.fromJson(Gson.java:1290) ~[gson-2.10.jar%2372!/:?]
	at com.google.gson.internal.bind.TreeTypeAdapter$GsonContextImpl.deserialize(TreeTypeAdapter.java:179) ~[gson-2.10.jar%2372!/:?]
	at net.minecraft.util.GsonHelper.m_13808_(GsonHelper.java:463) ~[server-1.20.1-20230612.114412-srg.jar%23179!/:?]
	at net.minecraft.util.GsonHelper.m_13836_(GsonHelper.java:471) ~[server-1.20.1-20230612.114412-srg.jar%23179!/:?]
	at net.minecraft.world.level.storage.loot.entries.CompositeEntryBase$1.m_5921_(CompositeEntryBase.java:61) ~[server-1.20.1-20230612.114412-srg.jar%23179!/:?]
	at net.minecraft.world.level.storage.loot.entries.CompositeEntryBase$1.m_5921_(CompositeEntryBase.java:53) ~[server-1.20.1-20230612.114412-srg.jar%23179!/:?]
	at net.minecraft.world.level.storage.loot.entries.LootPoolEntryContainer$Serializer.m_7561_(LootPoolEntryContainer.java:86) ~[server-1.20.1-20230612.114412-srg.jar%23179!/:?]
	at net.minecraft.world.level.storage.loot.entries.LootPoolEntryContainer$Serializer.m_7561_(LootPoolEntryContainer.java:74) ~[server-1.20.1-20230612.114412-srg.jar%23179!/:?]
	at net.minecraft.world.level.storage.loot.GsonAdapterFactory$JsonAdapter.deserialize(GsonAdapterFactory.java:102) ~[server-1.20.1-20230612.114412-srg.jar%23179!/:?]
	at com.google.gson.internal.bind.TreeTypeAdapter.read(TreeTypeAdapter.java:76) ~[gson-2.10.jar%2372!/:?]
	at com.google.gson.internal.bind.TypeAdapterRuntimeTypeWrapper.read(TypeAdapterRuntimeTypeWrapper.java:40) ~[gson-2.10.jar%2372!/:?]
	at com.google.gson.internal.bind.ArrayTypeAdapter.read(ArrayTypeAdapter.java:72) ~[gson-2.10.jar%2372!/:?]
	at com.google.gson.Gson.fromJson(Gson.java:1214) ~[gson-2.10.jar%2372!/:?]
	at com.google.gson.Gson.fromJson(Gson.java:1319) ~[gson-2.10.jar%2372!/:?]
	at com.google.gson.Gson.fromJson(Gson.java:1290) ~[gson-2.10.jar%2372!/:?]
	at com.google.gson.internal.bind.TreeTypeAdapter$GsonContextImpl.deserialize(TreeTypeAdapter.java:179) ~[gson-2.10.jar%2372!/:?]
	at net.minecraft.util.GsonHelper.m_13808_(GsonHelper.java:463) ~[server-1.20.1-20230612.114412-srg.jar%23179!/:?]
	at net.minecraft.util.GsonHelper.m_13836_(GsonHelper.java:471) ~[server-1.20.1-20230612.114412-srg.jar%23179!/:?]
	at net.minecraft.world.level.storage.loot.LootPool$Serializer.deserialize(LootPool.java:192) ~[server-1.20.1-20230612.114412-srg.jar%23179!/:?]
	at net.minecraft.world.level.storage.loot.LootPool$Serializer.deserialize(LootPool.java:189) ~[server-1.20.1-20230612.114412-srg.jar%23179!/:?]
	at com.google.gson.internal.bind.TreeTypeAdapter.read(TreeTypeAdapter.java:76) ~[gson-2.10.jar%2372!/:?]
	at com.google.gson.internal.bind.TypeAdapterRuntimeTypeWrapper.read(TypeAdapterRuntimeTypeWrapper.java:40) ~[gson-2.10.jar%2372!/:?]
	at com.google.gson.internal.bind.ArrayTypeAdapter.read(ArrayTypeAdapter.java:72) ~[gson-2.10.jar%2372!/:?]
	at com.google.gson.Gson.fromJson(Gson.java:1214) ~[gson-2.10.jar%2372!/:?]
	at com.google.gson.Gson.fromJson(Gson.java:1319) ~[gson-2.10.jar%2372!/:?]
	at com.google.gson.Gson.fromJson(Gson.java:1290) ~[gson-2.10.jar%2372!/:?]
	at com.google.gson.internal.bind.TreeTypeAdapter$GsonContextImpl.deserialize(TreeTypeAdapter.java:179) ~[gson-2.10.jar%2372!/:?]
	at net.minecraft.util.GsonHelper.m_13808_(GsonHelper.java:463) ~[server-1.20.1-20230612.114412-srg.jar%23179!/:?]
	at net.minecraft.util.GsonHelper.m_13845_(GsonHelper.java:481) ~[server-1.20.1-20230612.114412-srg.jar%23179!/:?]
	at net.minecraft.world.level.storage.loot.LootTable$Serializer.deserialize(LootTable.java:294) ~[server-1.20.1-20230612.114412-srg.jar%23179!/:?]
	at net.minecraft.world.level.storage.loot.LootTable$Serializer.deserialize(LootTable.java:291) ~[server-1.20.1-20230612.114412-srg.jar%23179!/:?]
	at com.google.gson.internal.bind.TreeTypeAdapter.read(TreeTypeAdapter.java:76) ~[gson-2.10.jar%2372!/:?]
	at com.google.gson.Gson.fromJson(Gson.java:1214) ~[gson-2.10.jar%2372!/:?]
	at com.google.gson.Gson.fromJson(Gson.java:1319) ~[gson-2.10.jar%2372!/:?]
	at com.google.gson.Gson.fromJson(Gson.java:1261) ~[gson-2.10.jar%2372!/:?]
	at net.minecraftforge.common.ForgeHooks.loadLootTable(ForgeHooks.java:871) ~[forge-1.20.1-47.3.7-universal.jar%23184!/:?]
	at net.minecraftforge.common.ForgeHooks.lambda$getLootTableDeserializer$3(ForgeHooks.java:848) ~[forge-1.20.1-47.3.7-universal.jar%23184!/:?]
	at net.minecraft.world.level.storage.loot.LootDataType.deserialize(LootDataType.java:45) ~[server-1.20.1-20230612.114412-srg.jar%23179!/:?]
	at net.minecraft.world.level.storage.loot.LootDataManager.lambda$scheduleElementParse$4(LootDataManager.java:56) ~[server-1.20.1-20230612.114412-srg.jar%23179!/:?]
	at java.util.HashMap.forEach(HashMap.java:1421) ~[?:?]
	at net.minecraft.world.level.storage.loot.LootDataManager.m_278660_(LootDataManager.java:55) ~[server-1.20.1-20230612.114412-srg.jar%23179!/:?]
	at java.util.concurrent.CompletableFuture$AsyncRun.run(CompletableFuture.java:1804) ~[?:?]
	at java.util.concurrent.CompletableFuture$AsyncRun.exec(CompletableFuture.java:1796) ~[?:?]
	at java.util.concurrent.ForkJoinTask.doExec(ForkJoinTask.java:373) ~[?:?]
	at java.util.concurrent.ForkJoinPool$WorkQueue.topLevelExec(ForkJoinPool.java:1182) ~[?:?]
	at java.util.concurrent.ForkJoinPool.scan(ForkJoinPool.java:1655) ~[?:?]
	at java.util.concurrent.ForkJoinPool.runWorker(ForkJoinPool.java:1622) ~[?:?]
	at java.util.concurrent.ForkJoinWorkerThread.run(ForkJoinWorkerThread.java:165) ~[?:?]
[25Aug2026 11:24:17.470] [Worker-Main-3/ERROR] [net.minecraftforge.common.ForgeHooks/]: Couldn't parse element loot_tables:overweight_farming:blocks/overweight_sliced_kiwi_block
com.google.gson.JsonSyntaxException: Expected name to be an item, was unknown string 'hedgehog:kiwi'
	at net.minecraft.util.GsonHelper.m_13866_(GsonHelper.java:145) ~[server-1.20.1-20230612.114412-srg.jar%23179!/:?]
	at java.util.Optional.orElseThrow(Optional.java:403) ~[?:?]
	at net.minecraft.util.GsonHelper.m_13874_(GsonHelper.java:145) ~[server-1.20.1-20230612.114412-srg.jar%23179!/:?]
	at net.minecraft.util.GsonHelper.m_13909_(GsonHelper.java:153) ~[server-1.20.1-20230612.114412-srg.jar%23179!/:?]
	at net.minecraft.world.level.storage.loot.entries.LootItem$Serializer.m_7267_(LootItem.java:55) ~[server-1.20.1-20230612.114412-srg.jar%23179!/:?]
	at net.minecraft.world.level.storage.loot.entries.LootItem$Serializer.m_7267_(LootItem.java:40) ~[server-1.20.1-20230612.114412-srg.jar%23179!/:?]
	at net.minecraft.world.level.storage.loot.entries.LootPoolSingletonContainer$Serializer.m_5921_(LootPoolSingletonContainer.java:151) ~[server-1.20.1-20230612.114412-srg.jar%23179!/:?]
	at net.minecraft.world.level.storage.loot.entries.LootPoolSingletonContainer$Serializer.m_5921_(LootPoolSingletonContainer.java:129) ~[server-1.20.1-20230612.114412-srg.jar%23179!/:?]
	at net.minecraft.world.level.storage.loot.entries.LootPoolEntryContainer$Serializer.m_7561_(LootPoolEntryContainer.java:86) ~[server-1.20.1-20230612.114412-srg.jar%23179!/:?]
	at net.minecraft.world.level.storage.loot.entries.LootPoolEntryContainer$Serializer.m_7561_(LootPoolEntryContainer.java:74) ~[server-1.20.1-20230612.114412-srg.jar%23179!/:?]
	at net.minecraft.world.level.storage.loot.GsonAdapterFactory$JsonAdapter.deserialize(GsonAdapterFactory.java:102) ~[server-1.20.1-20230612.114412-srg.jar%23179!/:?]
	at com.google.gson.internal.bind.TreeTypeAdapter.read(TreeTypeAdapter.java:76) ~[gson-2.10.jar%2372!/:?]
	at com.google.gson.internal.bind.TypeAdapterRuntimeTypeWrapper.read(TypeAdapterRuntimeTypeWrapper.java:40) ~[gson-2.10.jar%2372!/:?]
	at com.google.gson.internal.bind.ArrayTypeAdapter.read(ArrayTypeAdapter.java:72) ~[gson-2.10.jar%2372!/:?]
	at com.google.gson.Gson.fromJson(Gson.java:1214) ~[gson-2.10.jar%2372!/:?]
	at com.google.gson.Gson.fromJson(Gson.java:1319) ~[gson-2.10.jar%2372!/:?]
	at com.google.gson.Gson.fromJson(Gson.java:1290) ~[gson-2.10.jar%2372!/:?]
	at com.google.gson.internal.bind.TreeTypeAdapter$GsonContextImpl.deserialize(TreeTypeAdapter.java:179) ~[gson-2.10.jar%2372!/:?]
	at net.minecraft.util.GsonHelper.m_13808_(GsonHelper.java:463) ~[server-1.20.1-20230612.114412-srg.jar%23179!/:?]
	at net.minecraft.util.GsonHelper.m_13836_(GsonHelper.java:471) ~[server-1.20.1-20230612.114412-srg.jar%23179!/:?]
	at net.minecraft.world.level.storage.loot.entries.CompositeEntryBase$1.m_5921_(CompositeEntryBase.java:61) ~[server-1.20.1-20230612.114412-srg.jar%23179!/:?]
	at net.minecraft.world.level.storage.loot.entries.CompositeEntryBase$1.m_5921_(CompositeEntryBase.java:53) ~[server-1.20.1-20230612.114412-srg.jar%23179!/:?]
	at net.minecraft.world.level.storage.loot.entries.LootPoolEntryContainer$Serializer.m_7561_(LootPoolEntryContainer.java:86) ~[server-1.20.1-20230612.114412-srg.jar%23179!/:?]
	at net.minecraft.world.level.storage.loot.entries.LootPoolEntryContainer$Serializer.m_7561_(LootPoolEntryContainer.java:74) ~[server-1.20.1-20230612.114412-srg.jar%23179!/:?]
	at net.minecraft.world.level.storage.loot.GsonAdapterFactory$JsonAdapter.deserialize(GsonAdapterFactory.java:102) ~[server-1.20.1-20230612.114412-srg.jar%23179!/:?]
	at com.google.gson.internal.bind.TreeTypeAdapter.read(TreeTypeAdapter.java:76) ~[gson-2.10.jar%2372!/:?]
	at com.google.gson.internal.bind.TypeAdapterRuntimeTypeWrapper.read(TypeAdapterRuntimeTypeWrapper.java:40) ~[gson-2.10.jar%2372!/:?]
	at com.google.gson.internal.bind.ArrayTypeAdapter.read(ArrayTypeAdapter.java:72) ~[gson-2.10.jar%2372!/:?]
	at com.google.gson.Gson.fromJson(Gson.java:1214) ~[gson-2.10.jar%2372!/:?]
	at com.google.gson.Gson.fromJson(Gson.java:1319) ~[gson-2.10.jar%2372!/:?]
	at com.google.gson.Gson.fromJson(Gson.java:1290) ~[gson-2.10.jar%2372!/:?]
	at com.google.gson.internal.bind.TreeTypeAdapter$GsonContextImpl.deserialize(TreeTypeAdapter.java:179) ~[gson-2.10.jar%2372!/:?]
	at net.minecraft.util.GsonHelper.m_13808_(GsonHelper.java:463) ~[server-1.20.1-20230612.114412-srg.jar%23179!/:?]
	at net.minecraft.util.GsonHelper.m_13836_(GsonHelper.java:471) ~[server-1.20.1-20230612.114412-srg.jar%23179!/:?]
	at net.minecraft.world.level.storage.loot.entries.CompositeEntryBase$1.m_5921_(CompositeEntryBase.java:61) ~[server-1.20.1-20230612.114412-srg.jar%23179!/:?]
	at net.minecraft.world.level.storage.loot.entries.CompositeEntryBase$1.m_5921_(CompositeEntryBase.java:53) ~[server-1.20.1-20230612.114412-srg.jar%23179!/:?]
	at net.minecraft.world.level.storage.loot.entries.LootPoolEntryContainer$Serializer.m_7561_(LootPoolEntryContainer.java:86) ~[server-1.20.1-20230612.114412-srg.jar%23179!/:?]
	at net.minecraft.world.level.storage.loot.entries.LootPoolEntryContainer$Serializer.m_7561_(LootPoolEntryContainer.java:74) ~[server-1.20.1-20230612.114412-srg.jar%23179!/:?]
	at net.minecraft.world.level.storage.loot.GsonAdapterFactory$JsonAdapter.deserialize(GsonAdapterFactory.java:102) ~[server-1.20.1-20230612.114412-srg.jar%23179!/:?]
	at com.google.gson.internal.bind.TreeTypeAdapter.read(TreeTypeAdapter.java:76) ~[gson-2.10.jar%2372!/:?]
	at com.google.gson.internal.bind.TypeAdapterRuntimeTypeWrapper.read(TypeAdapterRuntimeTypeWrapper.java:40) ~[gson-2.10.jar%2372!/:?]
	at com.google.gson.internal.bind.ArrayTypeAdapter.read(ArrayTypeAdapter.java:72) ~[gson-2.10.jar%2372!/:?]
	at com.google.gson.Gson.fromJson(Gson.java:1214) ~[gson-2.10.jar%2372!/:?]
	at com.google.gson.Gson.fromJson(Gson.java:1319) ~[gson-2.10.jar%2372!/:?]
	at com.google.gson.Gson.fromJson(Gson.java:1290) ~[gson-2.10.jar%2372!/:?]
	at com.google.gson.internal.bind.TreeTypeAdapter$GsonContextImpl.deserialize(TreeTypeAdapter.java:179) ~[gson-2.10.jar%2372!/:?]
	at net.minecraft.util.GsonHelper.m_13808_(GsonHelper.java:463) ~[server-1.20.1-20230612.114412-srg.jar%23179!/:?]
	at net.minecraft.util.GsonHelper.m_13836_(GsonHelper.java:471) ~[server-1.20.1-20230612.114412-srg.jar%23179!/:?]
	at net.minecraft.world.level.storage.loot.LootPool$Serializer.deserialize(LootPool.java:192) ~[server-1.20.1-20230612.114412-srg.jar%23179!/:?]
	at net.minecraft.world.level.storage.loot.LootPool$Serializer.deserialize(LootPool.java:189) ~[server-1.20.1-20230612.114412-srg.jar%23179!/:?]
	at com.google.gson.internal.bind.TreeTypeAdapter.read(TreeTypeAdapter.java:76) ~[gson-2.10.jar%2372!/:?]
	at com.google.gson.internal.bind.TypeAdapterRuntimeTypeWrapper.read(TypeAdapterRuntimeTypeWrapper.java:40) ~[gson-2.10.jar%2372!/:?]
	at com.google.gson.internal.bind.ArrayTypeAdapter.read(ArrayTypeAdapter.java:72) ~[gson-2.10.jar%2372!/:?]
	at com.google.gson.Gson.fromJson(Gson.java:1214) ~[gson-2.10.jar%2372!/:?]
	at com.google.gson.Gson.fromJson(Gson.java:1319) ~[gson-2.10.jar%2372!/:?]
	at com.google.gson.Gson.fromJson(Gson.java:1290) ~[gson-2.10.jar%2372!/:?]
	at com.google.gson.internal.bind.TreeTypeAdapter$GsonContextImpl.deserialize(TreeTypeAdapter.java:179) ~[gson-2.10.jar%2372!/:?]
	at net.minecraft.util.GsonHelper.m_13808_(GsonHelper.java:463) ~[server-1.20.1-20230612.114412-srg.jar%23179!/:?]
	at net.minecraft.util.GsonHelper.m_13845_(GsonHelper.java:481) ~[server-1.20.1-20230612.114412-srg.jar%23179!/:?]
	at net.minecraft.world.level.storage.loot.LootTable$Serializer.deserialize(LootTable.java:294) ~[server-1.20.1-20230612.114412-srg.jar%23179!/:?]
	at net.minecraft.world.level.storage.loot.LootTable$Serializer.deserialize(LootTable.java:291) ~[server-1.20.1-20230612.114412-srg.jar%23179!/:?]
	at com.google.gson.internal.bind.TreeTypeAdapter.read(TreeTypeAdapter.java:76) ~[gson-2.10.jar%2372!/:?]
	at com.google.gson.Gson.fromJson(Gson.java:1214) ~[gson-2.10.jar%2372!/:?]
	at com.google.gson.Gson.fromJson(Gson.java:1319) ~[gson-2.10.jar%2372!/:?]
	at com.google.gson.Gson.fromJson(Gson.java:1261) ~[gson-2.10.jar%2372!/:?]
	at net.minecraftforge.common.ForgeHooks.loadLootTable(ForgeHooks.java:871) ~[forge-1.20.1-47.3.7-universal.jar%23184!/:?]
	at net.minecraftforge.common.ForgeHooks.lambda$getLootTableDeserializer$3(ForgeHooks.java:848) ~[forge-1.20.1-47.3.7-universal.jar%23184!/:?]
	at net.minecraft.world.level.storage.loot.LootDataType.deserialize(LootDataType.java:45) ~[server-1.20.1-20230612.114412-srg.jar%23179!/:?]
	at net.minecraft.world.level.storage.loot.LootDataManager.lambda$scheduleElementParse$4(LootDataManager.java:56) ~[server-1.20.1-20230612.114412-srg.jar%23179!/:?]
	at java.util.HashMap.forEach(HashMap.java:1421) ~[?:?]
	at net.minecraft.world.level.storage.loot.LootDataManager.m_278660_(LootDataManager.java:55) ~[server-1.20.1-20230612.114412-srg.jar%23179!/:?]
	at java.util.concurrent.CompletableFuture$AsyncRun.run(CompletableFuture.java:1804) ~[?:?]
	at java.util.concurrent.CompletableFuture$AsyncRun.exec(CompletableFuture.java:1796) ~[?:?]
	at java.util.concurrent.ForkJoinTask.doExec(ForkJoinTask.java:373) ~[?:?]
	at java.util.concurrent.ForkJoinPool$WorkQueue.topLevelExec(ForkJoinPool.java:1182) ~[?:?]
	at java.util.concurrent.ForkJoinPool.scan(ForkJoinPool.java:1655) ~[?:?]
	at java.util.concurrent.ForkJoinPool.runWorker(ForkJoinPool.java:1622) ~[?:?]
	at java.util.concurrent.ForkJoinWorkerThread.run(ForkJoinWorkerThread.java:165) ~[?:?]
[25Aug2026 11:24:17.599] [Worker-Main-3/ERROR] [net.minecraftforge.common.ForgeHooks/]: Couldn't parse element loot_tables:overweight_farming:blocks/overweight_ginger_block
com.google.gson.JsonSyntaxException: Expected name to be an item, was unknown string 'snowyspirit:ginger'
	at net.minecraft.util.GsonHelper.m_13866_(GsonHelper.java:145) ~[server-1.20.1-20230612.114412-srg.jar%23179!/:?]
	at java.util.Optional.orElseThrow(Optional.java:403) ~[?:?]
	at net.minecraft.util.GsonHelper.m_13874_(GsonHelper.java:145) ~[server-1.20.1-20230612.114412-srg.jar%23179!/:?]
	at net.minecraft.util.GsonHelper.m_13909_(GsonHelper.java:153) ~[server-1.20.1-20230612.114412-srg.jar%23179!/:?]
	at net.minecraft.world.level.storage.loot.entries.LootItem$Serializer.m_7267_(LootItem.java:55) ~[server-1.20.1-20230612.114412-srg.jar%23179!/:?]
	at net.minecraft.world.level.storage.loot.entries.LootItem$Serializer.m_7267_(LootItem.java:40) ~[server-1.20.1-20230612.114412-srg.jar%23179!/:?]
	at net.minecraft.world.level.storage.loot.entries.LootPoolSingletonContainer$Serializer.m_5921_(LootPoolSingletonContainer.java:151) ~[server-1.20.1-20230612.114412-srg.jar%23179!/:?]
	at net.minecraft.world.level.storage.loot.entries.LootPoolSingletonContainer$Serializer.m_5921_(LootPoolSingletonContainer.java:129) ~[server-1.20.1-20230612.114412-srg.jar%23179!/:?]
	at net.minecraft.world.level.storage.loot.entries.LootPoolEntryContainer$Serializer.m_7561_(LootPoolEntryContainer.java:86) ~[server-1.20.1-20230612.114412-srg.jar%23179!/:?]
	at net.minecraft.world.level.storage.loot.entries.LootPoolEntryContainer$Serializer.m_7561_(LootPoolEntryContainer.java:74) ~[server-1.20.1-20230612.114412-srg.jar%23179!/:?]
	at net.minecraft.world.level.storage.loot.GsonAdapterFactory$JsonAdapter.deserialize(GsonAdapterFactory.java:102) ~[server-1.20.1-20230612.114412-srg.jar%23179!/:?]
	at com.google.gson.internal.bind.TreeTypeAdapter.read(TreeTypeAdapter.java:76) ~[gson-2.10.jar%2372!/:?]
	at com.google.gson.internal.bind.TypeAdapterRuntimeTypeWrapper.read(TypeAdapterRuntimeTypeWrapper.java:40) ~[gson-2.10.jar%2372!/:?]
	at com.google.gson.internal.bind.ArrayTypeAdapter.read(ArrayTypeAdapter.java:72) ~[gson-2.10.jar%2372!/:?]
	at com.google.gson.Gson.fromJson(Gson.java:1214) ~[gson-2.10.jar%2372!/:?]
	at com.google.gson.Gson.fromJson(Gson.java:1319) ~[gson-2.10.jar%2372!/:?]
	at com.google.gson.Gson.fromJson(Gson.java:1290) ~[gson-2.10.jar%2372!/:?]
	at com.google.gson.internal.bind.TreeTypeAdapter$GsonContextImpl.deserialize(TreeTypeAdapter.java:179) ~[gson-2.10.jar%2372!/:?]
	at net.minecraft.util.GsonHelper.m_13808_(GsonHelper.java:463) ~[server-1.20.1-20230612.114412-srg.jar%23179!/:?]
	at net.minecraft.util.GsonHelper.m_13836_(GsonHelper.java:471) ~[server-1.20.1-20230612.114412-srg.jar%23179!/:?]
	at net.minecraft.world.level.storage.loot.entries.CompositeEntryBase$1.m_5921_(CompositeEntryBase.java:61) ~[server-1.20.1-20230612.114412-srg.jar%23179!/:?]
	at net.minecraft.world.level.storage.loot.entries.CompositeEntryBase$1.m_5921_(CompositeEntryBase.java:53) ~[server-1.20.1-20230612.114412-srg.jar%23179!/:?]
	at net.minecraft.world.level.storage.loot.entries.LootPoolEntryContainer$Serializer.m_7561_(LootPoolEntryContainer.java:86) ~[server-1.20.1-20230612.114412-srg.jar%23179!/:?]
	at net.minecraft.world.level.storage.loot.entries.LootPoolEntryContainer$Serializer.m_7561_(LootPoolEntryContainer.java:74) ~[server-1.20.1-20230612.114412-srg.jar%23179!/:?]
	at net.minecraft.world.level.storage.loot.GsonAdapterFactory$JsonAdapter.deserialize(GsonAdapterFactory.java:102) ~[server-1.20.1-20230612.114412-srg.jar%23179!/:?]
	at com.google.gson.internal.bind.TreeTypeAdapter.read(TreeTypeAdapter.java:76) ~[gson-2.10.jar%2372!/:?]
	at com.google.gson.internal.bind.TypeAdapterRuntimeTypeWrapper.read(TypeAdapterRuntimeTypeWrapper.java:40) ~[gson-2.10.jar%2372!/:?]
	at com.google.gson.internal.bind.ArrayTypeAdapter.read(ArrayTypeAdapter.java:72) ~[gson-2.10.jar%2372!/:?]
	at com.google.gson.Gson.fromJson(Gson.java:1214) ~[gson-2.10.jar%2372!/:?]
	at com.google.gson.Gson.fromJson(Gson.java:1319) ~[gson-2.10.jar%2372!/:?]
	at com.google.gson.Gson.fromJson(Gson.java:1290) ~[gson-2.10.jar%2372!/:?]
	at com.google.gson.internal.bind.TreeTypeAdapter$GsonContextImpl.deserialize(TreeTypeAdapter.java:179) ~[gson-2.10.jar%2372!/:?]
	at net.minecraft.util.GsonHelper.m_13808_(GsonHelper.java:463) ~[server-1.20.1-20230612.114412-srg.jar%23179!/:?]
	at net.minecraft.util.GsonHelper.m_13836_(GsonHelper.java:471) ~[server-1.20.1-20230612.114412-srg.jar%23179!/:?]
	at net.minecraft.world.level.storage.loot.entries.CompositeEntryBase$1.m_5921_(CompositeEntryBase.java:61) ~[server-1.20.1-20230612.114412-srg.jar%23179!/:?]
	at net.minecraft.world.level.storage.loot.entries.CompositeEntryBase$1.m_5921_(CompositeEntryBase.java:53) ~[server-1.20.1-20230612.114412-srg.jar%23179!/:?]
	at net.minecraft.world.level.storage.loot.entries.LootPoolEntryContainer$Serializer.m_7561_(LootPoolEntryContainer.java:86) ~[server-1.20.1-20230612.114412-srg.jar%23179!/:?]
	at net.minecraft.world.level.storage.loot.entries.LootPoolEntryContainer$Serializer.m_7561_(LootPoolEntryContainer.java:74) ~[server-1.20.1-20230612.114412-srg.jar%23179!/:?]
	at net.minecraft.world.level.storage.loot.GsonAdapterFactory$JsonAdapter.deserialize(GsonAdapterFactory.java:102) ~[server-1.20.1-20230612.114412-srg.jar%23179!/:?]
	at com.google.gson.internal.bind.TreeTypeAdapter.read(TreeTypeAdapter.java:76) ~[gson-2.10.jar%2372!/:?]
	at com.google.gson.internal.bind.TypeAdapterRuntimeTypeWrapper.read(TypeAdapterRuntimeTypeWrapper.java:40) ~[gson-2.10.jar%2372!/:?]
	at com.google.gson.internal.bind.ArrayTypeAdapter.read(ArrayTypeAdapter.java:72) ~[gson-2.10.jar%2372!/:?]
	at com.google.gson.Gson.fromJson(Gson.java:1214) ~[gson-2.10.jar%2372!/:?]
	at com.google.gson.Gson.fromJson(Gson.java:1319) ~[gson-2.10.jar%2372!/:?]
	at com.google.gson.Gson.fromJson(Gson.java:1290) ~[gson-2.10.jar%2372!/:?]
	at com.google.gson.internal.bind.TreeTypeAdapter$GsonContextImpl.deserialize(TreeTypeAdapter.java:179) ~[gson-2.10.jar%2372!/:?]
	at net.minecraft.util.GsonHelper.m_13808_(GsonHelper.java:463) ~[server-1.20.1-20230612.114412-srg.jar%23179!/:?]
	at net.minecraft.util.GsonHelper.m_13836_(GsonHelper.java:471) ~[server-1.20.1-20230612.114412-srg.jar%23179!/:?]
	at net.minecraft.world.level.storage.loot.LootPool$Serializer.deserialize(LootPool.java:192) ~[server-1.20.1-20230612.114412-srg.jar%23179!/:?]
	at net.minecraft.world.level.storage.loot.LootPool$Serializer.deserialize(LootPool.java:189) ~[server-1.20.1-20230612.114412-srg.jar%23179!/:?]
	at com.google.gson.internal.bind.TreeTypeAdapter.read(TreeTypeAdapter.java:76) ~[gson-2.10.jar%2372!/:?]
	at com.google.gson.internal.bind.TypeAdapterRuntimeTypeWrapper.read(TypeAdapterRuntimeTypeWrapper.java:40) ~[gson-2.10.jar%2372!/:?]
	at com.google.gson.internal.bind.ArrayTypeAdapter.read(ArrayTypeAdapter.java:72) ~[gson-2.10.jar%2372!/:?]
	at com.google.gson.Gson.fromJson(Gson.java:1214) ~[gson-2.10.jar%2372!/:?]
	at com.google.gson.Gson.fromJson(Gson.java:1319) ~[gson-2.10.jar%2372!/:?]
	at com.google.gson.Gson.fromJson(Gson.java:1290) ~[gson-2.10.jar%2372!/:?]
	at com.google.gson.internal.bind.TreeTypeAdapter$GsonContextImpl.deserialize(TreeTypeAdapter.java:179) ~[gson-2.10.jar%2372!/:?]
	at net.minecraft.util.GsonHelper.m_13808_(GsonHelper.java:463) ~[server-1.20.1-20230612.114412-srg.jar%23179!/:?]
	at net.minecraft.util.GsonHelper.m_13845_(GsonHelper.java:481) ~[server-1.20.1-20230612.114412-srg.jar%23179!/:?]
	at net.minecraft.world.level.storage.loot.LootTable$Serializer.deserialize(LootTable.java:294) ~[server-1.20.1-20230612.114412-srg.jar%23179!/:?]
	at net.minecraft.world.level.storage.loot.LootTable$Serializer.deserialize(LootTable.java:291) ~[server-1.20.1-20230612.114412-srg.jar%23179!/:?]
	at com.google.gson.internal.bind.TreeTypeAdapter.read(TreeTypeAdapter.java:76) ~[gson-2.10.jar%2372!/:?]
	at com.google.gson.Gson.fromJson(Gson.java:1214) ~[gson-2.10.jar%2372!/:?]
	at com.google.gson.Gson.fromJson(Gson.java:1319) ~[gson-2.10.jar%2372!/:?]
	at com.google.gson.Gson.fromJson(Gson.java:1261) ~[gson-2.10.jar%2372!/:?]
	at net.minecraftforge.common.ForgeHooks.loadLootTable(ForgeHooks.java:871) ~[forge-1.20.1-47.3.7-universal.jar%23184!/:?]
	at net.minecraftforge.common.ForgeHooks.lambda$getLootTableDeserializer$3(ForgeHooks.java:848) ~[forge-1.20.1-47.3.7-universal.jar%23184!/:?]
	at net.minecraft.world.level.storage.loot.LootDataType.deserialize(LootDataType.java:45) ~[server-1.20.1-20230612.114412-srg.jar%23179!/:?]
	at net.minecraft.world.level.storage.loot.LootDataManager.lambda$scheduleElementParse$4(LootDataManager.java:56) ~[server-1.20.1-20230612.114412-srg.jar%23179!/:?]
	at java.util.HashMap.forEach(HashMap.java:1421) ~[?:?]
	at net.minecraft.world.level.storage.loot.LootDataManager.m_278660_(LootDataManager.java:55) ~[server-1.20.1-20230612.114412-srg.jar%23179!/:?]
	at java.util.concurrent.CompletableFuture$AsyncRun.run(CompletableFuture.java:1804) ~[?:?]
	at java.util.concurrent.CompletableFuture$AsyncRun.exec(CompletableFuture.java:1796) ~[?:?]
	at java.util.concurrent.ForkJoinTask.doExec(ForkJoinTask.java:373) ~[?:?]
	at java.util.concurrent.ForkJoinPool$WorkQueue.topLevelExec(ForkJoinPool.java:1182) ~[?:?]
	at java.util.concurrent.ForkJoinPool.scan(ForkJoinPool.java:1655) ~[?:?]
	at java.util.concurrent.ForkJoinPool.runWorker(ForkJoinPool.java:1622) ~[?:?]
	at java.util.concurrent.ForkJoinWorkerThread.run(ForkJoinWorkerThread.java:165) ~[?:?]
[25Aug2026 11:24:17.713] [Worker-Main-3/ERROR] [net.minecraftforge.common.ForgeHooks/]: Couldn't parse element loot_tables:overweight_farming:blocks/overweight_kiwi_block
com.google.gson.JsonSyntaxException: Expected name to be an item, was unknown string 'hedgehog:kiwi'
	at net.minecraft.util.GsonHelper.m_13866_(GsonHelper.java:145) ~[server-1.20.1-20230612.114412-srg.jar%23179!/:?]
	at java.util.Optional.orElseThrow(Optional.java:403) ~[?:?]
	at net.minecraft.util.GsonHelper.m_13874_(GsonHelper.java:145) ~[server-1.20.1-20230612.114412-srg.jar%23179!/:?]
	at net.minecraft.util.GsonHelper.m_13909_(GsonHelper.java:153) ~[server-1.20.1-20230612.114412-srg.jar%23179!/:?]
	at net.minecraft.world.level.storage.loot.entries.LootItem$Serializer.m_7267_(LootItem.java:55) ~[server-1.20.1-20230612.114412-srg.jar%23179!/:?]
	at net.minecraft.world.level.storage.loot.entries.LootItem$Serializer.m_7267_(LootItem.java:40) ~[server-1.20.1-20230612.114412-srg.jar%23179!/:?]
	at net.minecraft.world.level.storage.loot.entries.LootPoolSingletonContainer$Serializer.m_5921_(LootPoolSingletonContainer.java:151) ~[server-1.20.1-20230612.114412-srg.jar%23179!/:?]
	at net.minecraft.world.level.storage.loot.entries.LootPoolSingletonContainer$Serializer.m_5921_(LootPoolSingletonContainer.java:129) ~[server-1.20.1-20230612.114412-srg.jar%23179!/:?]
	at net.minecraft.world.level.storage.loot.entries.LootPoolEntryContainer$Serializer.m_7561_(LootPoolEntryContainer.java:86) ~[server-1.20.1-20230612.114412-srg.jar%23179!/:?]
	at net.minecraft.world.level.storage.loot.entries.LootPoolEntryContainer$Serializer.m_7561_(LootPoolEntryContainer.java:74) ~[server-1.20.1-20230612.114412-srg.jar%23179!/:?]
	at net.minecraft.world.level.storage.loot.GsonAdapterFactory$JsonAdapter.deserialize(GsonAdapterFactory.java:102) ~[server-1.20.1-20230612.114412-srg.jar%23179!/:?]
	at com.google.gson.internal.bind.TreeTypeAdapter.read(TreeTypeAdapter.java:76) ~[gson-2.10.jar%2372!/:?]
	at com.google.gson.internal.bind.TypeAdapterRuntimeTypeWrapper.read(TypeAdapterRuntimeTypeWrapper.java:40) ~[gson-2.10.jar%2372!/:?]
	at com.google.gson.internal.bind.ArrayTypeAdapter.read(ArrayTypeAdapter.java:72) ~[gson-2.10.jar%2372!/:?]
	at com.google.gson.Gson.fromJson(Gson.java:1214) ~[gson-2.10.jar%2372!/:?]
	at com.google.gson.Gson.fromJson(Gson.java:1319) ~[gson-2.10.jar%2372!/:?]
	at com.google.gson.Gson.fromJson(Gson.java:1290) ~[gson-2.10.jar%2372!/:?]
	at com.google.gson.internal.bind.TreeTypeAdapter$GsonContextImpl.deserialize(TreeTypeAdapter.java:179) ~[gson-2.10.jar%2372!/:?]
	at net.minecraft.util.GsonHelper.m_13808_(GsonHelper.java:463) ~[server-1.20.1-20230612.114412-srg.jar%23179!/:?]
	at net.minecraft.util.GsonHelper.m_13836_(GsonHelper.java:471) ~[server-1.20.1-20230612.114412-srg.jar%23179!/:?]
	at net.minecraft.world.level.storage.loot.entries.CompositeEntryBase$1.m_5921_(CompositeEntryBase.java:61) ~[server-1.20.1-20230612.114412-srg.jar%23179!/:?]
	at net.minecraft.world.level.storage.loot.entries.CompositeEntryBase$1.m_5921_(CompositeEntryBase.java:53) ~[server-1.20.1-20230612.114412-srg.jar%23179!/:?]
	at net.minecraft.world.level.storage.loot.entries.LootPoolEntryContainer$Serializer.m_7561_(LootPoolEntryContainer.java:86) ~[server-1.20.1-20230612.114412-srg.jar%23179!/:?]
	at net.minecraft.world.level.storage.loot.entries.LootPoolEntryContainer$Serializer.m_7561_(LootPoolEntryContainer.java:74) ~[server-1.20.1-20230612.114412-srg.jar%23179!/:?]
	at net.minecraft.world.level.storage.loot.GsonAdapterFactory$JsonAdapter.deserialize(GsonAdapterFactory.java:102) ~[server-1.20.1-20230612.114412-srg.jar%23179!/:?]
	at com.google.gson.internal.bind.TreeTypeAdapter.read(TreeTypeAdapter.java:76) ~[gson-2.10.jar%2372!/:?]
	at com.google.gson.internal.bind.TypeAdapterRuntimeTypeWrapper.read(TypeAdapterRuntimeTypeWrapper.java:40) ~[gson-2.10.jar%2372!/:?]
	at com.google.gson.internal.bind.ArrayTypeAdapter.read(ArrayTypeAdapter.java:72) ~[gson-2.10.jar%2372!/:?]
	at com.google.gson.Gson.fromJson(Gson.java:1214) ~[gson-2.10.jar%2372!/:?]
	at com.google.gson.Gson.fromJson(Gson.java:1319) ~[gson-2.10.jar%2372!/:?]
	at com.google.gson.Gson.fromJson(Gson.java:1290) ~[gson-2.10.jar%2372!/:?]
	at com.google.gson.internal.bind.TreeTypeAdapter$GsonContextImpl.deserialize(TreeTypeAdapter.java:179) ~[gson-2.10.jar%2372!/:?]
	at net.minecraft.util.GsonHelper.m_13808_(GsonHelper.java:463) ~[server-1.20.1-20230612.114412-srg.jar%23179!/:?]
	at net.minecraft.util.GsonHelper.m_13836_(GsonHelper.java:471) ~[server-1.20.1-20230612.114412-srg.jar%23179!/:?]
	at net.minecraft.world.level.storage.loot.entries.CompositeEntryBase$1.m_5921_(CompositeEntryBase.java:61) ~[server-1.20.1-20230612.114412-srg.jar%23179!/:?]
	at net.minecraft.world.level.storage.loot.entries.CompositeEntryBase$1.m_5921_(CompositeEntryBase.java:53) ~[server-1.20.1-20230612.114412-srg.jar%23179!/:?]
	at net.minecraft.world.level.storage.loot.entries.LootPoolEntryContainer$Serializer.m_7561_(LootPoolEntryContainer.java:86) ~[server-1.20.1-20230612.114412-srg.jar%23179!/:?]
	at net.minecraft.world.level.storage.loot.entries.LootPoolEntryContainer$Serializer.m_7561_(LootPoolEntryContainer.java:74) ~[server-1.20.1-20230612.114412-srg.jar%23179!/:?]
	at net.minecraft.world.level.storage.loot.GsonAdapterFactory$JsonAdapter.deserialize(GsonAdapterFactory.java:102) ~[server-1.20.1-20230612.114412-srg.jar%23179!/:?]
	at com.google.gson.internal.bind.TreeTypeAdapter.read(TreeTypeAdapter.java:76) ~[gson-2.10.jar%2372!/:?]
	at com.google.gson.internal.bind.TypeAdapterRuntimeTypeWrapper.read(TypeAdapterRuntimeTypeWrapper.java:40) ~[gson-2.10.jar%2372!/:?]
	at com.google.gson.internal.bind.ArrayTypeAdapter.read(ArrayTypeAdapter.java:72) ~[gson-2.10.jar%2372!/:?]
	at com.google.gson.Gson.fromJson(Gson.java:1214) ~[gson-2.10.jar%2372!/:?]
	at com.google.gson.Gson.fromJson(Gson.java:1319) ~[gson-2.10.jar%2372!/:?]
	at com.google.gson.Gson.fromJson(Gson.java:1290) ~[gson-2.10.jar%2372!/:?]
	at com.google.gson.internal.bind.TreeTypeAdapter$GsonContextImpl.deserialize(TreeTypeAdapter.java:179) ~[gson-2.10.jar%2372!/:?]
	at net.minecraft.util.GsonHelper.m_13808_(GsonHelper.java:463) ~[server-1.20.1-20230612.114412-srg.jar%23179!/:?]
	at net.minecraft.util.GsonHelper.m_13836_(GsonHelper.java:471) ~[server-1.20.1-20230612.114412-srg.jar%23179!/:?]
	at net.minecraft.world.level.storage.loot.LootPool$Serializer.deserialize(LootPool.java:192) ~[server-1.20.1-20230612.114412-srg.jar%23179!/:?]
	at net.minecraft.world.level.storage.loot.LootPool$Serializer.deserialize(LootPool.java:189) ~[server-1.20.1-20230612.114412-srg.jar%23179!/:?]
	at com.google.gson.internal.bind.TreeTypeAdapter.read(TreeTypeAdapter.java:76) ~[gson-2.10.jar%2372!/:?]
	at com.google.gson.internal.bind.TypeAdapterRuntimeTypeWrapper.read(TypeAdapterRuntimeTypeWrapper.java:40) ~[gson-2.10.jar%2372!/:?]
	at com.google.gson.internal.bind.ArrayTypeAdapter.read(ArrayTypeAdapter.java:72) ~[gson-2.10.jar%2372!/:?]
	at com.google.gson.Gson.fromJson(Gson.java:1214) ~[gson-2.10.jar%2372!/:?]
	at com.google.gson.Gson.fromJson(Gson.java:1319) ~[gson-2.10.jar%2372!/:?]
	at com.google.gson.Gson.fromJson(Gson.java:1290) ~[gson-2.10.jar%2372!/:?]
	at com.google.gson.internal.bind.TreeTypeAdapter$GsonContextImpl.deserialize(TreeTypeAdapter.java:179) ~[gson-2.10.jar%2372!/:?]
	at net.minecraft.util.GsonHelper.m_13808_(GsonHelper.java:463) ~[server-1.20.1-20230612.114412-srg.jar%23179!/:?]
	at net.minecraft.util.GsonHelper.m_13845_(GsonHelper.java:481) ~[server-1.20.1-20230612.114412-srg.jar%23179!/:?]
	at net.minecraft.world.level.storage.loot.LootTable$Serializer.deserialize(LootTable.java:294) ~[server-1.20.1-20230612.114412-srg.jar%23179!/:?]
	at net.minecraft.world.level.storage.loot.LootTable$Serializer.deserialize(LootTable.java:291) ~[server-1.20.1-20230612.114412-srg.jar%23179!/:?]
	at com.google.gson.internal.bind.TreeTypeAdapter.read(TreeTypeAdapter.java:76) ~[gson-2.10.jar%2372!/:?]
	at com.google.gson.Gson.fromJson(Gson.java:1214) ~[gson-2.10.jar%2372!/:?]
	at com.google.gson.Gson.fromJson(Gson.java:1319) ~[gson-2.10.jar%2372!/:?]
	at com.google.gson.Gson.fromJson(Gson.java:1261) ~[gson-2.10.jar%2372!/:?]
	at net.minecraftforge.common.ForgeHooks.loadLootTable(ForgeHooks.java:871) ~[forge-1.20.1-47.3.7-universal.jar%23184!/:?]
	at net.minecraftforge.common.ForgeHooks.lambda$getLootTableDeserializer$3(ForgeHooks.java:848) ~[forge-1.20.1-47.3.7-universal.jar%23184!/:?]
	at net.minecraft.world.level.storage.loot.LootDataType.deserialize(LootDataType.java:45) ~[server-1.20.1-20230612.114412-srg.jar%23179!/:?]
	at net.minecraft.world.level.storage.loot.LootDataManager.lambda$scheduleElementParse$4(LootDataManager.java:56) ~[server-1.20.1-20230612.114412-srg.jar%23179!/:?]
	at java.util.HashMap.forEach(HashMap.java:1421) ~[?:?]
	at net.minecraft.world.level.storage.loot.LootDataManager.m_278660_(LootDataManager.java:55) ~[server-1.20.1-20230612.114412-srg.jar%23179!/:?]
	at java.util.concurrent.CompletableFuture$AsyncRun.run(CompletableFuture.java:1804) ~[?:?]
	at java.util.concurrent.CompletableFuture$AsyncRun.exec(CompletableFuture.java:1796) ~[?:?]
	at java.util.concurrent.ForkJoinTask.doExec(ForkJoinTask.java:373) ~[?:?]
	at java.util.concurrent.ForkJoinPool$WorkQueue.topLevelExec(ForkJoinPool.java:1182) ~[?:?]
	at java.util.concurrent.ForkJoinPool.scan(ForkJoinPool.java:1655) ~[?:?]
	at java.util.concurrent.ForkJoinPool.runWorker(ForkJoinPool.java:1622) ~[?:?]
	at java.util.concurrent.ForkJoinWorkerThread.run(ForkJoinWorkerThread.java:165) ~[?:?]
[25Aug2026 11:24:17.746] [Worker-Main-3/ERROR] [net.minecraftforge.common.ForgeHooks/]: Couldn't parse element loot_tables:superbwarfare:grant_manual
com.google.gson.JsonSyntaxException: Expected name to be an item, was unknown string 'patchouli:guide_book'
	at net.minecraft.util.GsonHelper.m_13866_(GsonHelper.java:145) ~[server-1.20.1-20230612.114412-srg.jar%23179!/:?]
	at java.util.Optional.orElseThrow(Optional.java:403) ~[?:?]
	at net.minecraft.util.GsonHelper.m_13874_(GsonHelper.java:145) ~[server-1.20.1-20230612.114412-srg.jar%23179!/:?]
	at net.minecraft.util.GsonHelper.m_13909_(GsonHelper.java:153) ~[server-1.20.1-20230612.114412-srg.jar%23179!/:?]
	at net.minecraft.world.level.storage.loot.entries.LootItem$Serializer.m_7267_(LootItem.java:55) ~[server-1.20.1-20230612.114412-srg.jar%23179!/:?]
	at net.minecraft.world.level.storage.loot.entries.LootItem$Serializer.m_7267_(LootItem.java:40) ~[server-1.20.1-20230612.114412-srg.jar%23179!/:?]
	at net.minecraft.world.level.storage.loot.entries.LootPoolSingletonContainer$Serializer.m_5921_(LootPoolSingletonContainer.java:151) ~[server-1.20.1-20230612.114412-srg.jar%23179!/:?]
	at net.minecraft.world.level.storage.loot.entries.LootPoolSingletonContainer$Serializer.m_5921_(LootPoolSingletonContainer.java:129) ~[server-1.20.1-20230612.114412-srg.jar%23179!/:?]
	at net.minecraft.world.level.storage.loot.entries.LootPoolEntryContainer$Serializer.m_7561_(LootPoolEntryContainer.java:86) ~[server-1.20.1-20230612.114412-srg.jar%23179!/:?]
	at net.minecraft.world.level.storage.loot.entries.LootPoolEntryContainer$Serializer.m_7561_(LootPoolEntryContainer.java:74) ~[server-1.20.1-20230612.114412-srg.jar%23179!/:?]
	at net.minecraft.world.level.storage.loot.GsonAdapterFactory$JsonAdapter.deserialize(GsonAdapterFactory.java:102) ~[server-1.20.1-20230612.114412-srg.jar%23179!/:?]
	at com.google.gson.internal.bind.TreeTypeAdapter.read(TreeTypeAdapter.java:76) ~[gson-2.10.jar%2372!/:?]
	at com.google.gson.internal.bind.TypeAdapterRuntimeTypeWrapper.read(TypeAdapterRuntimeTypeWrapper.java:40) ~[gson-2.10.jar%2372!/:?]
	at com.google.gson.internal.bind.ArrayTypeAdapter.read(ArrayTypeAdapter.java:72) ~[gson-2.10.jar%2372!/:?]
	at com.google.gson.Gson.fromJson(Gson.java:1214) ~[gson-2.10.jar%2372!/:?]
	at com.google.gson.Gson.fromJson(Gson.java:1319) ~[gson-2.10.jar%2372!/:?]
	at com.google.gson.Gson.fromJson(Gson.java:1290) ~[gson-2.10.jar%2372!/:?]
	at com.google.gson.internal.bind.TreeTypeAdapter$GsonContextImpl.deserialize(TreeTypeAdapter.java:179) ~[gson-2.10.jar%2372!/:?]
	at net.minecraft.util.GsonHelper.m_13808_(GsonHelper.java:463) ~[server-1.20.1-20230612.114412-srg.jar%23179!/:?]
	at net.minecraft.util.GsonHelper.m_13836_(GsonHelper.java:471) ~[server-1.20.1-20230612.114412-srg.jar%23179!/:?]
	at net.minecraft.world.level.storage.loot.LootPool$Serializer.deserialize(LootPool.java:192) ~[server-1.20.1-20230612.114412-srg.jar%23179!/:?]
	at net.minecraft.world.level.storage.loot.LootPool$Serializer.deserialize(LootPool.java:189) ~[server-1.20.1-20230612.114412-srg.jar%23179!/:?]
	at com.google.gson.internal.bind.TreeTypeAdapter.read(TreeTypeAdapter.java:76) ~[gson-2.10.jar%2372!/:?]
	at com.google.gson.internal.bind.TypeAdapterRuntimeTypeWrapper.read(TypeAdapterRuntimeTypeWrapper.java:40) ~[gson-2.10.jar%2372!/:?]
	at com.google.gson.internal.bind.ArrayTypeAdapter.read(ArrayTypeAdapter.java:72) ~[gson-2.10.jar%2372!/:?]
	at com.google.gson.Gson.fromJson(Gson.java:1214) ~[gson-2.10.jar%2372!/:?]
	at com.google.gson.Gson.fromJson(Gson.java:1319) ~[gson-2.10.jar%2372!/:?]
	at com.google.gson.Gson.fromJson(Gson.java:1290) ~[gson-2.10.jar%2372!/:?]
	at com.google.gson.internal.bind.TreeTypeAdapter$GsonContextImpl.deserialize(TreeTypeAdapter.java:179) ~[gson-2.10.jar%2372!/:?]
	at net.minecraft.util.GsonHelper.m_13808_(GsonHelper.java:463) ~[server-1.20.1-20230612.114412-srg.jar%23179!/:?]
	at net.minecraft.util.GsonHelper.m_13845_(GsonHelper.java:481) ~[server-1.20.1-20230612.114412-srg.jar%23179!/:?]
	at net.minecraft.world.level.storage.loot.LootTable$Serializer.deserialize(LootTable.java:294) ~[server-1.20.1-20230612.114412-srg.jar%23179!/:?]
	at net.minecraft.world.level.storage.loot.LootTable$Serializer.deserialize(LootTable.java:291) ~[server-1.20.1-20230612.114412-srg.jar%23179!/:?]
	at com.google.gson.internal.bind.TreeTypeAdapter.read(TreeTypeAdapter.java:76) ~[gson-2.10.jar%2372!/:?]
	at com.google.gson.Gson.fromJson(Gson.java:1214) ~[gson-2.10.jar%2372!/:?]
	at com.google.gson.Gson.fromJson(Gson.java:1319) ~[gson-2.10.jar%2372!/:?]
	at com.google.gson.Gson.fromJson(Gson.java:1261) ~[gson-2.10.jar%2372!/:?]
	at net.minecraftforge.common.ForgeHooks.loadLootTable(ForgeHooks.java:871) ~[forge-1.20.1-47.3.7-universal.jar%23184!/:?]
	at net.minecraftforge.common.ForgeHooks.lambda$getLootTableDeserializer$3(ForgeHooks.java:848) ~[forge-1.20.1-47.3.7-universal.jar%23184!/:?]
	at net.minecraft.world.level.storage.loot.LootDataType.deserialize(LootDataType.java:45) ~[server-1.20.1-20230612.114412-srg.jar%23179!/:?]
	at net.minecraft.world.level.storage.loot.LootDataManager.lambda$scheduleElementParse$4(LootDataManager.java:56) ~[server-1.20.1-20230612.114412-srg.jar%23179!/:?]
	at java.util.HashMap.forEach(HashMap.java:1421) ~[?:?]
	at net.minecraft.world.level.storage.loot.LootDataManager.m_278660_(LootDataManager.java:55) ~[server-1.20.1-20230612.114412-srg.jar%23179!/:?]
	at java.util.concurrent.CompletableFuture$AsyncRun.run(CompletableFuture.java:1804) ~[?:?]
	at java.util.concurrent.CompletableFuture$AsyncRun.exec(CompletableFuture.java:1796) ~[?:?]
	at java.util.concurrent.ForkJoinTask.doExec(ForkJoinTask.java:373) ~[?:?]
	at java.util.concurrent.ForkJoinPool$WorkQueue.topLevelExec(ForkJoinPool.java:1182) ~[?:?]
	at java.util.concurrent.ForkJoinPool.scan(ForkJoinPool.java:1655) ~[?:?]
	at java.util.concurrent.ForkJoinPool.runWorker(ForkJoinPool.java:1622) ~[?:?]
	at java.util.concurrent.ForkJoinWorkerThread.run(ForkJoinWorkerThread.java:165) ~[?:?]
[25Aug2026 11:24:17.783] [Worker-Main-3/ERROR] [net.minecraftforge.common.ForgeHooks/]: Couldn't parse element loot_tables:overweight_farming:blocks/peeled_overweight_kiwi_block
com.google.gson.JsonSyntaxException: Expected name to be an item, was unknown string 'hedgehog:kiwi'
	at net.minecraft.util.GsonHelper.m_13866_(GsonHelper.java:145) ~[server-1.20.1-20230612.114412-srg.jar%23179!/:?]
	at java.util.Optional.orElseThrow(Optional.java:403) ~[?:?]
	at net.minecraft.util.GsonHelper.m_13874_(GsonHelper.java:145) ~[server-1.20.1-20230612.114412-srg.jar%23179!/:?]
	at net.minecraft.util.GsonHelper.m_13909_(GsonHelper.java:153) ~[server-1.20.1-20230612.114412-srg.jar%23179!/:?]
	at net.minecraft.world.level.storage.loot.entries.LootItem$Serializer.m_7267_(LootItem.java:55) ~[server-1.20.1-20230612.114412-srg.jar%23179!/:?]
	at net.minecraft.world.level.storage.loot.entries.LootItem$Serializer.m_7267_(LootItem.java:40) ~[server-1.20.1-20230612.114412-srg.jar%23179!/:?]
	at net.minecraft.world.level.storage.loot.entries.LootPoolSingletonContainer$Serializer.m_5921_(LootPoolSingletonContainer.java:151) ~[server-1.20.1-20230612.114412-srg.jar%23179!/:?]
	at net.minecraft.world.level.storage.loot.entries.LootPoolSingletonContainer$Serializer.m_5921_(LootPoolSingletonContainer.java:129) ~[server-1.20.1-20230612.114412-srg.jar%23179!/:?]
	at net.minecraft.world.level.storage.loot.entries.LootPoolEntryContainer$Serializer.m_7561_(LootPoolEntryContainer.java:86) ~[server-1.20.1-20230612.114412-srg.jar%23179!/:?]
	at net.minecraft.world.level.storage.loot.entries.LootPoolEntryContainer$Serializer.m_7561_(LootPoolEntryContainer.java:74) ~[server-1.20.1-20230612.114412-srg.jar%23179!/:?]
	at net.minecraft.world.level.storage.loot.GsonAdapterFactory$JsonAdapter.deserialize(GsonAdapterFactory.java:102) ~[server-1.20.1-20230612.114412-srg.jar%23179!/:?]
	at com.google.gson.internal.bind.TreeTypeAdapter.read(TreeTypeAdapter.java:76) ~[gson-2.10.jar%2372!/:?]
	at com.google.gson.internal.bind.TypeAdapterRuntimeTypeWrapper.read(TypeAdapterRuntimeTypeWrapper.java:40) ~[gson-2.10.jar%2372!/:?]
	at com.google.gson.internal.bind.ArrayTypeAdapter.read(ArrayTypeAdapter.java:72) ~[gson-2.10.jar%2372!/:?]
	at com.google.gson.Gson.fromJson(Gson.java:1214) ~[gson-2.10.jar%2372!/:?]
	at com.google.gson.Gson.fromJson(Gson.java:1319) ~[gson-2.10.jar%2372!/:?]
	at com.google.gson.Gson.fromJson(Gson.java:1290) ~[gson-2.10.jar%2372!/:?]
	at com.google.gson.internal.bind.TreeTypeAdapter$GsonContextImpl.deserialize(TreeTypeAdapter.java:179) ~[gson-2.10.jar%2372!/:?]
	at net.minecraft.util.GsonHelper.m_13808_(GsonHelper.java:463) ~[server-1.20.1-20230612.114412-srg.jar%23179!/:?]
	at net.minecraft.util.GsonHelper.m_13836_(GsonHelper.java:471) ~[server-1.20.1-20230612.114412-srg.jar%23179!/:?]
	at net.minecraft.world.level.storage.loot.entries.CompositeEntryBase$1.m_5921_(CompositeEntryBase.java:61) ~[server-1.20.1-20230612.114412-srg.jar%23179!/:?]
	at net.minecraft.world.level.storage.loot.entries.CompositeEntryBase$1.m_5921_(CompositeEntryBase.java:53) ~[server-1.20.1-20230612.114412-srg.jar%23179!/:?]
	at net.minecraft.world.level.storage.loot.entries.LootPoolEntryContainer$Serializer.m_7561_(LootPoolEntryContainer.java:86) ~[server-1.20.1-20230612.114412-srg.jar%23179!/:?]
	at net.minecraft.world.level.storage.loot.entries.LootPoolEntryContainer$Serializer.m_7561_(LootPoolEntryContainer.java:74) ~[server-1.20.1-20230612.114412-srg.jar%23179!/:?]
	at net.minecraft.world.level.storage.loot.GsonAdapterFactory$JsonAdapter.deserialize(GsonAdapterFactory.java:102) ~[server-1.20.1-20230612.114412-srg.jar%23179!/:?]
	at com.google.gson.internal.bind.TreeTypeAdapter.read(TreeTypeAdapter.java:76) ~[gson-2.10.jar%2372!/:?]
	at com.google.gson.internal.bind.TypeAdapterRuntimeTypeWrapper.read(TypeAdapterRuntimeTypeWrapper.java:40) ~[gson-2.10.jar%2372!/:?]
	at com.google.gson.internal.bind.ArrayTypeAdapter.read(ArrayTypeAdapter.java:72) ~[gson-2.10.jar%2372!/:?]
	at com.google.gson.Gson.fromJson(Gson.java:1214) ~[gson-2.10.jar%2372!/:?]
	at com.google.gson.Gson.fromJson(Gson.java:1319) ~[gson-2.10.jar%2372!/:?]
	at com.google.gson.Gson.fromJson(Gson.java:1290) ~[gson-2.10.jar%2372!/:?]
	at com.google.gson.internal.bind.TreeTypeAdapter$GsonContextImpl.deserialize(TreeTypeAdapter.java:179) ~[gson-2.10.jar%2372!/:?]
	at net.minecraft.util.GsonHelper.m_13808_(GsonHelper.java:463) ~[server-1.20.1-20230612.114412-srg.jar%23179!/:?]
	at net.minecraft.util.GsonHelper.m_13836_(GsonHelper.java:471) ~[server-1.20.1-20230612.114412-srg.jar%23179!/:?]
	at net.minecraft.world.level.storage.loot.entries.CompositeEntryBase$1.m_5921_(CompositeEntryBase.java:61) ~[server-1.20.1-20230612.114412-srg.jar%23179!/:?]
	at net.minecraft.world.level.storage.loot.entries.CompositeEntryBase$1.m_5921_(CompositeEntryBase.java:53) ~[server-1.20.1-20230612.114412-srg.jar%23179!/:?]
	at net.minecraft.world.level.storage.loot.entries.LootPoolEntryContainer$Serializer.m_7561_(LootPoolEntryContainer.java:86) ~[server-1.20.1-20230612.114412-srg.jar%23179!/:?]
	at net.minecraft.world.level.storage.loot.entries.LootPoolEntryContainer$Serializer.m_7561_(LootPoolEntryContainer.java:74) ~[server-1.20.1-20230612.114412-srg.jar%23179!/:?]
	at net.minecraft.world.level.storage.loot.GsonAdapterFactory$JsonAdapter.deserialize(GsonAdapterFactory.java:102) ~[server-1.20.1-20230612.114412-srg.jar%23179!/:?]
	at com.google.gson.internal.bind.TreeTypeAdapter.read(TreeTypeAdapter.java:76) ~[gson-2.10.jar%2372!/:?]
	at com.google.gson.internal.bind.TypeAdapterRuntimeTypeWrapper.read(TypeAdapterRuntimeTypeWrapper.java:40) ~[gson-2.10.jar%2372!/:?]
	at com.google.gson.internal.bind.ArrayTypeAdapter.read(ArrayTypeAdapter.java:72) ~[gson-2.10.jar%2372!/:?]
	at com.google.gson.Gson.fromJson(Gson.java:1214) ~[gson-2.10.jar%2372!/:?]
	at com.google.gson.Gson.fromJson(Gson.java:1319) ~[gson-2.10.jar%2372!/:?]
	at com.google.gson.Gson.fromJson(Gson.java:1290) ~[gson-2.10.jar%2372!/:?]
	at com.google.gson.internal.bind.TreeTypeAdapter$GsonContextImpl.deserialize(TreeTypeAdapter.java:179) ~[gson-2.10.jar%2372!/:?]
	at net.minecraft.util.GsonHelper.m_13808_(GsonHelper.java:463) ~[server-1.20.1-20230612.114412-srg.jar%23179!/:?]
	at net.minecraft.util.GsonHelper.m_13836_(GsonHelper.java:471) ~[server-1.20.1-20230612.114412-srg.jar%23179!/:?]
	at net.minecraft.world.level.storage.loot.LootPool$Serializer.deserialize(LootPool.java:192) ~[server-1.20.1-20230612.114412-srg.jar%23179!/:?]
	at net.minecraft.world.level.storage.loot.LootPool$Serializer.deserialize(LootPool.java:189) ~[server-1.20.1-20230612.114412-srg.jar%23179!/:?]
	at com.google.gson.internal.bind.TreeTypeAdapter.read(TreeTypeAdapter.java:76) ~[gson-2.10.jar%2372!/:?]
	at com.google.gson.internal.bind.TypeAdapterRuntimeTypeWrapper.read(TypeAdapterRuntimeTypeWrapper.java:40) ~[gson-2.10.jar%2372!/:?]
	at com.google.gson.internal.bind.ArrayTypeAdapter.read(ArrayTypeAdapter.java:72) ~[gson-2.10.jar%2372!/:?]
	at com.google.gson.Gson.fromJson(Gson.java:1214) ~[gson-2.10.jar%2372!/:?]
	at com.google.gson.Gson.fromJson(Gson.java:1319) ~[gson-2.10.jar%2372!/:?]
	at com.google.gson.Gson.fromJson(Gson.java:1290) ~[gson-2.10.jar%2372!/:?]
	at com.google.gson.internal.bind.TreeTypeAdapter$GsonContextImpl.deserialize(TreeTypeAdapter.java:179) ~[gson-2.10.jar%2372!/:?]
	at net.minecraft.util.GsonHelper.m_13808_(GsonHelper.java:463) ~[server-1.20.1-20230612.114412-srg.jar%23179!/:?]
	at net.minecraft.util.GsonHelper.m_13845_(GsonHelper.java:481) ~[server-1.20.1-20230612.114412-srg.jar%23179!/:?]
	at net.minecraft.world.level.storage.loot.LootTable$Serializer.deserialize(LootTable.java:294) ~[server-1.20.1-20230612.114412-srg.jar%23179!/:?]
	at net.minecraft.world.level.storage.loot.LootTable$Serializer.deserialize(LootTable.java:291) ~[server-1.20.1-20230612.114412-srg.jar%23179!/:?]
	at com.google.gson.internal.bind.TreeTypeAdapter.read(TreeTypeAdapter.java:76) ~[gson-2.10.jar%2372!/:?]
	at com.google.gson.Gson.fromJson(Gson.java:1214) ~[gson-2.10.jar%2372!/:?]
	at com.google.gson.Gson.fromJson(Gson.java:1319) ~[gson-2.10.jar%2372!/:?]
	at com.google.gson.Gson.fromJson(Gson.java:1261) ~[gson-2.10.jar%2372!/:?]
	at net.minecraftforge.common.ForgeHooks.loadLootTable(ForgeHooks.java:871) ~[forge-1.20.1-47.3.7-universal.jar%23184!/:?]
	at net.minecraftforge.common.ForgeHooks.lambda$getLootTableDeserializer$3(ForgeHooks.java:848) ~[forge-1.20.1-47.3.7-universal.jar%23184!/:?]
	at net.minecraft.world.level.storage.loot.LootDataType.deserialize(LootDataType.java:45) ~[server-1.20.1-20230612.114412-srg.jar%23179!/:?]
	at net.minecraft.world.level.storage.loot.LootDataManager.lambda$scheduleElementParse$4(LootDataManager.java:56) ~[server-1.20.1-20230612.114412-srg.jar%23179!/:?]
	at java.util.HashMap.forEach(HashMap.java:1421) ~[?:?]
	at net.minecraft.world.level.storage.loot.LootDataManager.m_278660_(LootDataManager.java:55) ~[server-1.20.1-20230612.114412-srg.jar%23179!/:?]
	at java.util.concurrent.CompletableFuture$AsyncRun.run(CompletableFuture.java:1804) ~[?:?]
	at java.util.concurrent.CompletableFuture$AsyncRun.exec(CompletableFuture.java:1796) ~[?:?]
	at java.util.concurrent.ForkJoinTask.doExec(ForkJoinTask.java:373) ~[?:?]
	at java.util.concurrent.ForkJoinPool$WorkQueue.topLevelExec(ForkJoinPool.java:1182) ~[?:?]
	at java.util.concurrent.ForkJoinPool.scan(ForkJoinPool.java:1655) ~[?:?]
	at java.util.concurrent.ForkJoinPool.runWorker(ForkJoinPool.java:1622) ~[?:?]
	at java.util.concurrent.ForkJoinWorkerThread.run(ForkJoinWorkerThread.java:165) ~[?:?]
[25Aug2026 11:24:18.822] [main/INFO] [net.minecraft.world.item.crafting.RecipeManager/]: Loaded 20 recipes
[25Aug2026 11:24:18.856] [main/ERROR] [net.minecraft.server.ServerAdvancementManager/]: Parsing error loading custom advancement overweight_farming:husbandry/peel_overweight_onion: Failed to parse 'location' field
[25Aug2026 11:24:18.866] [main/ERROR] [net.minecraft.server.ServerAdvancementManager/]: Parsing error loading custom advancement overweight_farming:husbandry/unpeel_vegetables: Failed to parse 'location' field
[25Aug2026 11:24:18.974] [main/INFO] [net.minecraft.advancements.AdvancementList/]: Loaded 3352 advancements
[25Aug2026 11:24:19.132] [main/DEBUG] [sophisticatedbackpacks/]: Started loading registry data from sophisticatedbackpacks:compat/woot/block_tools 
[25Aug2026 11:24:19.132] [main/DEBUG] [sophisticatedbackpacks/]: Started loading registry data from sophisticatedbackpacks:compat/fluxnetworks/block_tools 
[25Aug2026 11:24:19.132] [main/DEBUG] [sophisticatedbackpacks/]: Started loading registry data from sophisticatedbackpacks:compat/mob_grinding_utils/entity_tools 
[25Aug2026 11:24:19.132] [main/DEBUG] [sophisticatedbackpacks/]: Started loading registry data from sophisticatedbackpacks:compat/astralsorcery/block_tools 
[25Aug2026 11:24:19.132] [main/DEBUG] [sophisticatedbackpacks/]: Started loading registry data from sophisticatedbackpacks:compat/immersivepetroleum/block_tools 
[25Aug2026 11:24:19.132] [main/DEBUG] [sophisticatedbackpacks/]: Started loading registry data from sophisticatedbackpacks:compat/immersiveengineering/block_tools 
[25Aug2026 11:24:19.132] [main/DEBUG] [sophisticatedbackpacks/]: Started loading registry data from sophisticatedbackpacks:compat/pedestals/block_tools 
[25Aug2026 11:24:19.132] [main/DEBUG] [sophisticatedbackpacks/]: Started loading registry data from sophisticatedbackpacks:compat/platforms/block_tools 
[25Aug2026 11:24:19.132] [main/DEBUG] [sophisticatedbackpacks/]: Started loading registry data from sophisticatedbackpacks:compat/rftoolsutility/entity_tools 
[25Aug2026 11:24:19.132] [main/DEBUG] [sophisticatedbackpacks/]: Started loading registry data from sophisticatedbackpacks:compat/compactmachines/block_tools 
[25Aug2026 11:24:19.132] [main/DEBUG] [sophisticatedbackpacks/]: Started loading registry data from sophisticatedbackpacks:compat/mcwwindows/block_tools 
[25Aug2026 11:24:19.134] [main/DEBUG] [sophisticatedbackpacks/]: Finished loading registry data for sophisticatedbackpacks:compat/mcwwindows/block_tools
[25Aug2026 11:24:19.134] [main/DEBUG] [sophisticatedbackpacks/]: Started loading registry data from sophisticatedbackpacks:compat/integrateddynamics/block_tools 
[25Aug2026 11:24:19.134] [main/DEBUG] [sophisticatedbackpacks/]: Started loading registry data from sophisticatedbackpacks:entity_tools 
[25Aug2026 11:24:19.135] [main/DEBUG] [sophisticatedbackpacks/]: Finished loading registry data for sophisticatedbackpacks:entity_tools
[25Aug2026 11:24:19.135] [main/DEBUG] [sophisticatedbackpacks/]: Started loading registry data from sophisticatedbackpacks:compat/mekanism/block_tools 
[25Aug2026 11:24:19.135] [main/DEBUG] [sophisticatedbackpacks/]: Started loading registry data from sophisticatedbackpacks:compat/powah/block_tools 
[25Aug2026 11:24:19.135] [main/DEBUG] [sophisticatedbackpacks/]: Started loading registry data from sophisticatedbackpacks:compat/apotheosis/entity_tools 
[25Aug2026 11:24:19.135] [main/DEBUG] [sophisticatedbackpacks/]: Started loading registry data from sophisticatedbackpacks:compat/bloodmagic/block_tools 
[25Aug2026 11:24:19.135] [main/DEBUG] [sophisticatedbackpacks/]: Started loading registry data from sophisticatedbackpacks:compat/immersiveposts/block_tools 
[25Aug2026 11:24:19.135] [main/DEBUG] [sophisticatedbackpacks/]: Started loading registry data from sophisticatedbackpacks:compat/rats/entity_tools 
[25Aug2026 11:24:19.135] [main/DEBUG] [sophisticatedbackpacks/]: Started loading registry data from sophisticatedbackpacks:compat/framedcompactdrawers/block_tools 
[25Aug2026 11:24:19.135] [main/DEBUG] [sophisticatedbackpacks/]: Started loading registry data from sophisticatedbackpacks:compat/iceandfire/entity_tools 
[25Aug2026 11:24:19.135] [main/DEBUG] [sophisticatedbackpacks/]: Started loading registry data from sophisticatedbackpacks:compat/storagedrawers/block_tools 
[25Aug2026 11:24:19.135] [main/DEBUG] [sophisticatedbackpacks/]: Started loading registry data from sophisticatedbackpacks:compat/mcwroofs/block_tools 
[25Aug2026 11:24:19.135] [main/DEBUG] [sophisticatedbackpacks/]: Started loading registry data from sophisticatedbackpacks:compat/morphtool/block_tools 
[25Aug2026 11:24:19.135] [main/DEBUG] [sophisticatedbackpacks/]: Started loading registry data from sophisticatedbackpacks:compat/botania/block_tools 
[25Aug2026 11:24:19.135] [main/DEBUG] [sophisticatedbackpacks/]: Started loading registry data from sophisticatedbackpacks:compat/pneumaticraft/block_tools 
[25Aug2026 11:24:19.135] [main/DEBUG] [sophisticatedbackpacks/]: Started loading registry data from sophisticatedbackpacks:compat/shrink/entity_tools 
[25Aug2026 11:24:19.135] [main/DEBUG] [sophisticatedbackpacks/]: Started loading registry data from sophisticatedbackpacks:compat/blockcarpentry/block_tools 
[25Aug2026 11:24:19.135] [main/DEBUG] [sophisticatedbackpacks/]: Started loading registry data from sophisticatedbackpacks:compat/pipez/block_tools 
[25Aug2026 11:24:19.135] [main/DEBUG] [sophisticatedbackpacks/]: Started loading registry data from sophisticatedbackpacks:compat/transport/block_tools 
[25Aug2026 11:24:19.135] [main/DEBUG] [sophisticatedbackpacks/]: Started loading registry data from sophisticatedbackpacks:compat/thermal/block_tools 
[25Aug2026 11:24:19.135] [main/DEBUG] [sophisticatedbackpacks/]: Started loading registry data from sophisticatedbackpacks:block_tools 
[25Aug2026 11:24:19.136] [main/DEBUG] [sophisticatedbackpacks/]: Finished loading registry data for sophisticatedbackpacks:block_tools
[25Aug2026 11:24:19.136] [main/DEBUG] [sophisticatedbackpacks/]: Started loading registry data from sophisticatedbackpacks:compat/create/block_tools 
[25Aug2026 11:24:19.136] [main/DEBUG] [sophisticatedbackpacks/]: Started loading registry data from sophisticatedbackpacks:compat/farmersdelight/entity_tools 
[25Aug2026 11:24:19.136] [main/DEBUG] [sophisticatedbackpacks/]: Finished loading registry data for sophisticatedbackpacks:compat/farmersdelight/entity_tools
[25Aug2026 11:24:19.136] [main/DEBUG] [sophisticatedbackpacks/]: Started loading registry data from sophisticatedbackpacks:compat/refinedstorage/block_tools 
[25Aug2026 11:24:19.136] [main/DEBUG] [sophisticatedbackpacks/]: Started loading registry data from sophisticatedbackpacks:compat/chiselsandbits/block_tools 
[25Aug2026 11:24:19.137] [main/DEBUG] [sophisticatedbackpacks/]: Started loading registry data from sophisticatedbackpacks:compat/farmersdelight/block_tools 
[25Aug2026 11:24:19.137] [main/DEBUG] [sophisticatedbackpacks/]: Finished loading registry data for sophisticatedbackpacks:compat/farmersdelight/block_tools
[25Aug2026 11:24:19.137] [main/DEBUG] [sophisticatedbackpacks/]: Started loading registry data from sophisticatedbackpacks:compat/resourcefulbees/entity_tools 
[25Aug2026 11:24:19.137] [main/DEBUG] [sophisticatedbackpacks/]: Started loading registry data from sophisticatedbackpacks:compat/tetra/swords 
[25Aug2026 11:24:19.137] [main/DEBUG] [sophisticatedbackpacks/]: Started loading registry data from sophisticatedbackpacks:swords 
[25Aug2026 11:24:19.137] [main/DEBUG] [sophisticatedbackpacks/]: Finished loading registry data for sophisticatedbackpacks:swords
[25Aug2026 11:24:19.137] [main/DEBUG] [sophisticatedbackpacks/]: Started loading registry data from sophisticatedbackpacks:compat/mythicbotany/block_tools 
[25Aug2026 11:24:19.137] [main/DEBUG] [sophisticatedbackpacks/]: Started loading registry data from sophisticatedbackpacks:compat/resourcefulbees/block_tools 
[25Aug2026 11:24:19.137] [main/DEBUG] [sophisticatedbackpacks/]: Started loading registry data from sophisticatedbackpacks:compat/syp/entity_tools 
[25Aug2026 11:24:19.137] [main/DEBUG] [sophisticatedbackpacks/]: Started loading registry data from sophisticatedbackpacks:compat/eidolon/block_tools 
[25Aug2026 11:24:19.137] [main/DEBUG] [sophisticatedbackpacks/]: Started loading registry data from sophisticatedbackpacks:compat/rftoolsbase/block_tools 
[25Aug2026 11:24:19.149] [main/INFO] [top.theillusivec4.curios.Curios/]: Loaded 17 curio slots
[25Aug2026 11:24:19.156] [main/INFO] [top.theillusivec4.curios.Curios/]: Loaded 2 curio entities
[25Aug2026 11:24:19.168] [main/INFO] [com.github.nyuppo.MoreMobVariants/]: Reloading config...
[25Aug2026 11:24:21.566] [main/DEBUG] [net.minecraftforge.common.ForgeHooks/WP]: Gathering id map for writing to world save world
[25Aug2026 11:24:21.635] [main/DEBUG] [net.minecraftforge.common.ForgeHooks/WP]: ID Map collection complete world
[25Aug2026 11:24:21.693] [Server thread/INFO] [net.minecraft.server.dedicated.DedicatedServer/]: Starting minecraft server version 1.20.1
[25Aug2026 11:24:21.694] [Server thread/INFO] [net.minecraft.server.dedicated.DedicatedServer/]: Loading properties
[25Aug2026 11:24:21.694] [Server thread/INFO] [net.minecraft.server.dedicated.DedicatedServer/]: Default game type: SURVIVAL
[25Aug2026 11:24:21.694] [Server thread/INFO] [net.minecraft.server.MinecraftServer/]: Generating keypair
[25Aug2026 11:24:21.779] [Server thread/INFO] [net.minecraft.server.dedicated.DedicatedServer/]: Starting Minecraft server on *:25565
[25Aug2026 11:24:21.780] [Server thread/DEBUG] [net.minecraftforge.network.DualStackUtils/]: Detected IPv6 address: "0:0:0:0:0:0:0:0"
[25Aug2026 11:24:21.788] [Server thread/DEBUG] [io.netty.util.internal.NativeLibraryLoader/]: -Dio.netty.native.workdir: /tmp (io.netty.tmpdir)
[25Aug2026 11:24:21.788] [Server thread/DEBUG] [io.netty.util.internal.NativeLibraryLoader/]: -Dio.netty.native.deleteLibAfterLoading: true
[25Aug2026 11:24:21.788] [Server thread/DEBUG] [io.netty.util.internal.NativeLibraryLoader/]: -Dio.netty.native.tryPatchShadedId: true
[25Aug2026 11:24:21.788] [Server thread/DEBUG] [io.netty.util.internal.NativeLibraryLoader/]: -Dio.netty.native.detectNativeLibraryDuplicates: true
[25Aug2026 11:24:21.795] [Server thread/DEBUG] [io.netty.util.internal.NativeLibraryLoader/]: Successfully loaded the library /tmp/libnetty_transport_native_epoll_x86_6411298249668883744665.so
[25Aug2026 11:24:21.798] [Server thread/DEBUG] [io.netty.util.NetUtil/]: -Djava.net.preferIPv4Stack: false
[25Aug2026 11:24:21.799] [Server thread/DEBUG] [io.netty.util.NetUtil/]: -Djava.net.preferIPv6Addresses: true
[25Aug2026 11:24:21.800] [Server thread/DEBUG] [io.netty.util.NetUtilInitializations/]: Loopback interface: lo (lo, 0:0:0:0:0:0:0:1%lo)
[25Aug2026 11:24:21.801] [Server thread/DEBUG] [io.netty.util.NetUtil/]: /proc/sys/net/core/somaxconn: 4096
[25Aug2026 11:24:21.804] [Server thread/INFO] [net.minecraft.server.network.ServerConnectionListener/]: Using epoll channel type
[25Aug2026 11:24:21.818] [Server thread/DEBUG] [io.netty.channel.MultithreadEventLoopGroup/]: -Dio.netty.eventLoopThreads: 8
[25Aug2026 11:24:21.832] [Server thread/DEBUG] [io.netty.util.internal.InternalThreadLocalMap/]: -Dio.netty.threadLocalMap.stringBuilder.initialSize: 1024
[25Aug2026 11:24:21.832] [Server thread/DEBUG] [io.netty.util.internal.InternalThreadLocalMap/]: -Dio.netty.threadLocalMap.stringBuilder.maxSize: 4096
[25Aug2026 11:24:21.843] [Server thread/DEBUG] [io.netty.util.internal.PlatformDependent/]: org.jctools-core.MpscChunkedArrayQueue: available
[25Aug2026 11:24:21.853] [Server thread/DEBUG] [io.netty.channel.DefaultChannelId/]: -Dio.netty.processId: 7124 (auto-detected)
[25Aug2026 11:24:21.854] [Server thread/DEBUG] [io.netty.channel.DefaultChannelId/]: -Dio.netty.machineId: 7c:1e:52:ff:fe:ac:69:e6 (auto-detected)
[25Aug2026 11:24:21.881] [Server thread/DEBUG] [io.netty.buffer.PooledByteBufAllocator/]: -Dio.netty.allocator.numHeapArenas: 8
[25Aug2026 11:24:21.881] [Server thread/DEBUG] [io.netty.buffer.PooledByteBufAllocator/]: -Dio.netty.allocator.numDirectArenas: 8
[25Aug2026 11:24:21.881] [Server thread/DEBUG] [io.netty.buffer.PooledByteBufAllocator/]: -Dio.netty.allocator.pageSize: 8192
[25Aug2026 11:24:21.881] [Server thread/DEBUG] [io.netty.buffer.PooledByteBufAllocator/]: -Dio.netty.allocator.maxOrder: 9
[25Aug2026 11:24:21.881] [Server thread/DEBUG] [io.netty.buffer.PooledByteBufAllocator/]: -Dio.netty.allocator.chunkSize: 4194304
[25Aug2026 11:24:21.881] [Server thread/DEBUG] [io.netty.buffer.PooledByteBufAllocator/]: -Dio.netty.allocator.smallCacheSize: 256
[25Aug2026 11:24:21.881] [Server thread/DEBUG] [io.netty.buffer.PooledByteBufAllocator/]: -Dio.netty.allocator.normalCacheSize: 64
[25Aug2026 11:24:21.882] [Server thread/DEBUG] [io.netty.buffer.PooledByteBufAllocator/]: -Dio.netty.allocator.maxCachedBufferCapacity: 32768
[25Aug2026 11:24:21.882] [Server thread/DEBUG] [io.netty.buffer.PooledByteBufAllocator/]: -Dio.netty.allocator.cacheTrimInterval: 8192
[25Aug2026 11:24:21.882] [Server thread/DEBUG] [io.netty.buffer.PooledByteBufAllocator/]: -Dio.netty.allocator.cacheTrimIntervalMillis: 0
[25Aug2026 11:24:21.882] [Server thread/DEBUG] [io.netty.buffer.PooledByteBufAllocator/]: -Dio.netty.allocator.useCacheForAllThreads: false
[25Aug2026 11:24:21.882] [Server thread/DEBUG] [io.netty.buffer.PooledByteBufAllocator/]: -Dio.netty.allocator.maxCachedByteBuffersPerChunk: 1023
[25Aug2026 11:24:21.891] [Server thread/DEBUG] [io.netty.buffer.ByteBufUtil/]: -Dio.netty.allocator.type: pooled
[25Aug2026 11:24:21.891] [Server thread/DEBUG] [io.netty.buffer.ByteBufUtil/]: -Dio.netty.threadLocalDirectBufferSize: 0
[25Aug2026 11:24:21.891] [Server thread/DEBUG] [io.netty.buffer.ByteBufUtil/]: -Dio.netty.maxThreadLocalCharBufferSize: 16384
[25Aug2026 11:24:21.899] [Server thread/WARN] [net.minecraft.server.dedicated.DedicatedServer/]: **** SERVER IS RUNNING IN OFFLINE/INSECURE MODE!
[25Aug2026 11:24:21.900] [Server thread/WARN] [net.minecraft.server.dedicated.DedicatedServer/]: The server will make no attempt to authenticate usernames. Beware.
[25Aug2026 11:24:21.900] [Server thread/WARN] [net.minecraft.server.dedicated.DedicatedServer/]: While this makes the game possible to play without internet access, it also opens up the ability for hackers to connect with any username they choose.
[25Aug2026 11:24:21.900] [Server thread/WARN] [net.minecraft.server.dedicated.DedicatedServer/]: To change this, set "online-mode" to "true" in the server.properties file.
[25Aug2026 11:24:21.918] [Server thread/DEBUG] [net.minecraftforge.fml.config.ConfigTracker/CONFIG]: Loading configs type SERVER
[25Aug2026 11:24:21.921] [Server thread/DEBUG] [fuzs.puzzleslib.impl.config.core.ForgeConfigFileTypeHandler/CONFIG]: Built TOML config for /workspaces/Marangooners/servidor_minecraft/config/easyanvils-server.toml
[25Aug2026 11:24:21.921] [Server thread/DEBUG] [fuzs.puzzleslib.impl.config.core.ForgeConfigFileTypeHandler/CONFIG]: Loaded TOML config file /workspaces/Marangooners/servidor_minecraft/config/easyanvils-server.toml
[25Aug2026 11:24:21.922] [Server thread/DEBUG] [fuzs.puzzleslib.impl.config.core.ForgeConfigFileTypeHandler/CONFIG]: Watching TOML config file /workspaces/Marangooners/servidor_minecraft/config/easyanvils-server.toml for changes
[25Aug2026 11:24:21.925] [Server thread/INFO] [Puzzles Lib/]: Loading server config for easyanvils
[25Aug2026 11:24:21.926] [Thread-1/DEBUG] [fuzs.puzzleslib.impl.config.core.ForgeConfigFileTypeHandler/CONFIG]: Config file easyanvils-server.toml changed, sending notifies
[25Aug2026 11:24:21.926] [Server thread/DEBUG] [fuzs.puzzleslib.impl.config.core.ForgeConfigFileTypeHandler/CONFIG]: Built TOML config for /workspaces/Marangooners/servidor_minecraft/config/puzzlesapi-iteminteractions-server.toml
[25Aug2026 11:24:21.926] [Server thread/DEBUG] [fuzs.puzzleslib.impl.config.core.ForgeConfigFileTypeHandler/CONFIG]: Loaded TOML config file /workspaces/Marangooners/servidor_minecraft/config/puzzlesapi-iteminteractions-server.toml
[25Aug2026 11:24:21.926] [Server thread/DEBUG] [fuzs.puzzleslib.impl.config.core.ForgeConfigFileTypeHandler/CONFIG]: Watching TOML config file /workspaces/Marangooners/servidor_minecraft/config/puzzlesapi-iteminteractions-server.toml for changes
[25Aug2026 11:24:21.926] [Thread-1/INFO] [Puzzles Lib/]: Reloading server config for easyanvils
[25Aug2026 11:24:21.926] [Server thread/INFO] [Puzzles Lib/]: Loading server config for puzzlesapi
[25Aug2026 11:24:21.926] [Server thread/DEBUG] [fuzs.puzzleslib.impl.config.core.ForgeConfigFileTypeHandler/CONFIG]: Built TOML config for /workspaces/Marangooners/servidor_minecraft/config/easymagic-server.toml
[25Aug2026 11:24:21.927] [Thread-1/DEBUG] [fuzs.puzzleslib.impl.config.core.ForgeConfigFileTypeHandler/CONFIG]: Config file easyanvils-server.toml changed, sending notifies
[25Aug2026 11:24:21.927] [Server thread/DEBUG] [fuzs.puzzleslib.impl.config.core.ForgeConfigFileTypeHandler/CONFIG]: Loaded TOML config file /workspaces/Marangooners/servidor_minecraft/config/easymagic-server.toml
[25Aug2026 11:24:21.927] [Server thread/DEBUG] [fuzs.puzzleslib.impl.config.core.ForgeConfigFileTypeHandler/CONFIG]: Watching TOML config file /workspaces/Marangooners/servidor_minecraft/config/easymagic-server.toml for changes
[25Aug2026 11:24:21.927] [Thread-1/INFO] [Puzzles Lib/]: Reloading server config for easyanvils
[25Aug2026 11:24:21.927] [Server thread/INFO] [Puzzles Lib/]: Loading server config for easymagic
[25Aug2026 11:24:21.928] [Server thread/DEBUG] [net.minecraftforge.fml.config.ConfigFileTypeHandler/CONFIG]: Built TOML config for ./world/serverconfig/tacz-server.toml
[25Aug2026 11:24:21.928] [Server thread/DEBUG] [net.minecraftforge.fml.config.ConfigFileTypeHandler/CONFIG]: Loaded TOML config file ./world/serverconfig/tacz-server.toml
[25Aug2026 11:24:21.928] [Server thread/DEBUG] [net.minecraftforge.fml.config.ConfigFileTypeHandler/CONFIG]: Watching TOML config file ./world/serverconfig/tacz-server.toml for changes
[25Aug2026 11:24:21.929] [Thread-1/DEBUG] [fuzs.puzzleslib.impl.config.core.ForgeConfigFileTypeHandler/CONFIG]: Config file easymagic-server.toml changed, sending notifies
[25Aug2026 11:24:21.929] [Thread-1/INFO] [Puzzles Lib/]: Reloading server config for easymagic
[25Aug2026 11:24:21.931] [Thread-1/DEBUG] [net.minecraftforge.fml.config.ConfigFileTypeHandler/CONFIG]: Config file tacz-server.toml changed, sending notifies
[25Aug2026 11:24:21.931] [Server thread/DEBUG] [net.minecraftforge.fml.config.ConfigFileTypeHandler/CONFIG]: Built TOML config for ./world/serverconfig/sophisticatedbackpacks-server.toml
[25Aug2026 11:24:21.932] [Thread-1/DEBUG] [net.minecraftforge.fml.config.ConfigFileTypeHandler/CONFIG]: Config file tacz-server.toml changed, sending notifies
[25Aug2026 11:24:21.932] [Server thread/DEBUG] [net.minecraftforge.fml.config.ConfigFileTypeHandler/CONFIG]: Loaded TOML config file ./world/serverconfig/sophisticatedbackpacks-server.toml
[25Aug2026 11:24:21.933] [Server thread/DEBUG] [net.minecraftforge.fml.config.ConfigFileTypeHandler/CONFIG]: Watching TOML config file ./world/serverconfig/sophisticatedbackpacks-server.toml for changes
[25Aug2026 11:24:21.937] [Server thread/DEBUG] [net.minecraftforge.fml.config.ConfigFileTypeHandler/CONFIG]: Built TOML config for ./world/serverconfig/forge-server.toml
[25Aug2026 11:24:21.937] [Server thread/DEBUG] [net.minecraftforge.fml.config.ConfigFileTypeHandler/CONFIG]: Loaded TOML config file ./world/serverconfig/forge-server.toml
[25Aug2026 11:24:21.937] [Server thread/DEBUG] [net.minecraftforge.fml.config.ConfigFileTypeHandler/CONFIG]: Watching TOML config file ./world/serverconfig/forge-server.toml for changes
[25Aug2026 11:24:21.937] [Server thread/DEBUG] [net.minecraftforge.common.ForgeConfig/FORGEMOD]: Loaded forge config file forge-server.toml
[25Aug2026 11:24:21.938] [Server thread/DEBUG] [net.minecraftforge.fml.config.ConfigFileTypeHandler/CONFIG]: Built TOML config for ./world/serverconfig/curios-server.toml
[25Aug2026 11:24:21.938] [Server thread/DEBUG] [net.minecraftforge.fml.config.ConfigFileTypeHandler/CONFIG]: Loaded TOML config file ./world/serverconfig/curios-server.toml
[25Aug2026 11:24:21.938] [Server thread/DEBUG] [net.minecraftforge.fml.config.ConfigFileTypeHandler/CONFIG]: Watching TOML config file ./world/serverconfig/curios-server.toml for changes
[25Aug2026 11:24:21.939] [Server thread/DEBUG] [net.minecraftforge.fml.config.ConfigFileTypeHandler/CONFIG]: Built TOML config for ./world/serverconfig/gravestone-server.toml
[25Aug2026 11:24:21.939] [Server thread/DEBUG] [net.minecraftforge.fml.config.ConfigFileTypeHandler/CONFIG]: Loaded TOML config file ./world/serverconfig/gravestone-server.toml
[25Aug2026 11:24:21.940] [Server thread/DEBUG] [net.minecraftforge.fml.config.ConfigFileTypeHandler/CONFIG]: Watching TOML config file ./world/serverconfig/gravestone-server.toml for changes
[25Aug2026 11:24:21.940] [Thread-1/DEBUG] [net.minecraftforge.fml.config.ConfigFileTypeHandler/CONFIG]: Config file sophisticatedbackpacks-server.toml changed, sending notifies
[25Aug2026 11:24:21.942] [Thread-1/DEBUG] [net.minecraftforge.fml.config.ConfigFileTypeHandler/CONFIG]: Config file gravestone-server.toml changed, sending notifies
[25Aug2026 11:24:21.942] [Server thread/DEBUG] [net.minecraftforge.fml.config.ConfigFileTypeHandler/CONFIG]: Built TOML config for ./world/serverconfig/securitycraft-server.toml
[25Aug2026 11:24:21.943] [Thread-1/DEBUG] [net.minecraftforge.fml.config.ConfigFileTypeHandler/CONFIG]: Config file gravestone-server.toml changed, sending notifies
[25Aug2026 11:24:21.943] [Server thread/DEBUG] [net.minecraftforge.fml.config.ConfigFileTypeHandler/CONFIG]: Loaded TOML config file ./world/serverconfig/securitycraft-server.toml
[25Aug2026 11:24:21.943] [Server thread/DEBUG] [net.minecraftforge.fml.config.ConfigFileTypeHandler/CONFIG]: Watching TOML config file ./world/serverconfig/securitycraft-server.toml for changes
[25Aug2026 11:24:21.944] [Thread-1/DEBUG] [net.minecraftforge.fml.config.ConfigFileTypeHandler/CONFIG]: Config file securitycraft-server.toml changed, sending notifies
[25Aug2026 11:24:21.945] [Server thread/DEBUG] [net.minecraftforge.fml.config.ConfigFileTypeHandler/CONFIG]: Built TOML config for ./world/serverconfig/superbwarfare-server.toml
[25Aug2026 11:24:21.945] [Thread-1/DEBUG] [net.minecraftforge.fml.config.ConfigFileTypeHandler/CONFIG]: Config file securitycraft-server.toml changed, sending notifies
[25Aug2026 11:24:21.946] [Server thread/DEBUG] [net.minecraftforge.fml.config.ConfigFileTypeHandler/CONFIG]: Loaded TOML config file ./world/serverconfig/superbwarfare-server.toml
[25Aug2026 11:24:21.946] [Server thread/DEBUG] [net.minecraftforge.fml.config.ConfigFileTypeHandler/CONFIG]: Watching TOML config file ./world/serverconfig/superbwarfare-server.toml for changes
[25Aug2026 11:24:21.949] [Thread-1/DEBUG] [net.minecraftforge.fml.config.ConfigFileTypeHandler/CONFIG]: Config file superbwarfare-server.toml changed, sending notifies
[25Aug2026 11:24:21.952] [Server thread/DEBUG] [mixin/]: Mixing accessor.BiomeSpecialEffectsBuilderForgeAccessor from puzzleslib.forge.mixins.json into net.minecraft.world.level.biome.BiomeSpecialEffects$Builder
[25Aug2026 11:24:21.988] [Server thread/DEBUG] [mixin/]: Mixing TradeOffersTypeAwareBuyForOneEmeraldFactoryMixin from fabric-object-builder-v1.mixins.json into net.minecraft.world.entity.npc.VillagerTrades$EmeraldsForVillagerTypeItem
[25Aug2026 11:24:21.988] [Server thread/DEBUG] [mixin/]: fabric-object-builder-v1.mixins.json:TradeOffersTypeAwareBuyForOneEmeraldFactoryMixin: Class version 61 required is higher than the class version supported by the current version of Mixin (JAVA_16 supports class version 60)
[25Aug2026 11:24:22.003] [Server thread/INFO] [net.minecraft.server.dedicated.DedicatedServer/]: Preparing level "world"
[25Aug2026 11:24:22.012] [Server thread/DEBUG] [net.minecraftforge.coremod.transformer.CoreModBaseTransformer/COREMOD]: Transforming net/minecraft/world/level/levelgen/PhantomSpawner
[25Aug2026 11:24:22.022] [Server thread/DEBUG] [net.minecraftforge.coremod.transformer.CoreModBaseTransformer/COREMOD]: Transforming net/minecraft/world/level/levelgen/PatrolSpawner
[25Aug2026 11:24:22.029] [Server thread/DEBUG] [net.minecraftforge.coremod.transformer.CoreModBaseTransformer/COREMOD]: Transforming net/minecraft/world/entity/npc/CatSpawner
[25Aug2026 11:24:22.034] [Server thread/DEBUG] [net.minecraftforge.coremod.transformer.CoreModBaseTransformer/COREMOD]: Transforming net/minecraft/world/entity/ai/village/VillageSiege
[25Aug2026 11:24:22.049] [Server thread/DEBUG] [mixin/]: Mixing CustomDeathMessageMixin from takesapillage.mixins.json into net.minecraft.world.damagesource.DamageSources
[25Aug2026 11:24:22.100] [Server thread/DEBUG] [mixin/]: Mixing camera.ChunkMapMixin from securitycraft.mixins.json into net.minecraft.server.level.ChunkMap
[25Aug2026 11:24:22.517] [Server thread/DEBUG] [mixin/]: Mixing portal.PortalForcerMixin from securitycraft.mixins.json into net.minecraft.world.level.portal.PortalForcer
[25Aug2026 11:24:37.371] [Server thread/INFO] [net.minecraft.server.MinecraftServer/]: Preparing start region for dimension minecraft:overworld
[25Aug2026 11:24:53.103] [Server thread/DEBUG] [mixin/]: Mixing ChunkSerializerMixin from fabric-data-attachment-api-v1.mixins.json into net.minecraft.world.level.chunk.storage.ChunkSerializer
[25Aug2026 11:24:53.109] [Server thread/DEBUG] [mixin/]: Mixing MixinChunkSerializer from architectury.mixins.json into net.minecraft.world.level.chunk.storage.ChunkSerializer
[25Aug2026 11:24:53.130] [Server thread/DEBUG] [mixin/]: Mixing WrapperProtoChunkMixin from fabric-data-attachment-api-v1.mixins.json into net.minecraft.world.level.chunk.ImposterProtoChunk
[25Aug2026 11:24:54.544] [Server thread/DEBUG] [net.minecraftforge.coremod.transformer.CoreModBaseTransformer/COREMOD]: Transforming net/minecraft/world/level/levelgen/structure/templatesystem/StructureTemplate
[25Aug2026 11:24:58.162] [Worker-Main-3/INFO] [net.minecraft.server.level.progress.LoggerChunkProgressListener/]: Preparing spawn area: 0%
[25Aug2026 11:24:58.163] [Worker-Main-2/INFO] [net.minecraft.server.level.progress.LoggerChunkProgressListener/]: Preparing spawn area: 0%
[25Aug2026 11:24:58.164] [Worker-Main-2/INFO] [net.minecraft.server.level.progress.LoggerChunkProgressListener/]: Preparing spawn area: 0%
[25Aug2026 11:24:58.167] [Worker-Main-3/INFO] [net.minecraft.server.level.progress.LoggerChunkProgressListener/]: Preparing spawn area: 0%
[25Aug2026 11:24:58.168] [Worker-Main-3/INFO] [net.minecraft.server.level.progress.LoggerChunkProgressListener/]: Preparing spawn area: 0%
[25Aug2026 11:24:58.169] [Worker-Main-2/INFO] [net.minecraft.server.level.progress.LoggerChunkProgressListener/]: Preparing spawn area: 0%
[25Aug2026 11:24:58.169] [Worker-Main-1/INFO] [net.minecraft.server.level.progress.LoggerChunkProgressListener/]: Preparing spawn area: 0%
[25Aug2026 11:24:58.170] [Worker-Main-1/INFO] [net.minecraft.server.level.progress.LoggerChunkProgressListener/]: Preparing spawn area: 0%
[25Aug2026 11:24:58.170] [Worker-Main-1/INFO] [net.minecraft.server.level.progress.LoggerChunkProgressListener/]: Preparing spawn area: 0%
[25Aug2026 11:24:58.171] [Worker-Main-1/INFO] [net.minecraft.server.level.progress.LoggerChunkProgressListener/]: Preparing spawn area: 0%
[25Aug2026 11:24:58.171] [Worker-Main-1/INFO] [net.minecraft.server.level.progress.LoggerChunkProgressListener/]: Preparing spawn area: 0%
[25Aug2026 11:24:58.171] [Worker-Main-1/INFO] [net.minecraft.server.level.progress.LoggerChunkProgressListener/]: Preparing spawn area: 0%
[25Aug2026 11:24:58.172] [Worker-Main-1/INFO] [net.minecraft.server.level.progress.LoggerChunkProgressListener/]: Preparing spawn area: 0%
[25Aug2026 11:24:58.178] [Worker-Main-3/INFO] [net.minecraft.server.level.progress.LoggerChunkProgressListener/]: Preparing spawn area: 0%
[25Aug2026 11:24:58.178] [Worker-Main-2/INFO] [net.minecraft.server.level.progress.LoggerChunkProgressListener/]: Preparing spawn area: 0%
[25Aug2026 11:24:58.179] [Worker-Main-2/INFO] [net.minecraft.server.level.progress.LoggerChunkProgressListener/]: Preparing spawn area: 0%
[25Aug2026 11:24:58.179] [Worker-Main-2/INFO] [net.minecraft.server.level.progress.LoggerChunkProgressListener/]: Preparing spawn area: 0%
[25Aug2026 11:24:58.180] [Worker-Main-2/INFO] [net.minecraft.server.level.progress.LoggerChunkProgressListener/]: Preparing spawn area: 0%
[25Aug2026 11:24:58.180] [Worker-Main-2/INFO] [net.minecraft.server.level.progress.LoggerChunkProgressListener/]: Preparing spawn area: 0%
[25Aug2026 11:24:58.181] [Worker-Main-1/INFO] [net.minecraft.server.level.progress.LoggerChunkProgressListener/]: Preparing spawn area: 0%
[25Aug2026 11:24:58.181] [Worker-Main-1/INFO] [net.minecraft.server.level.progress.LoggerChunkProgressListener/]: Preparing spawn area: 0%
[25Aug2026 11:24:58.182] [Worker-Main-1/INFO] [net.minecraft.server.level.progress.LoggerChunkProgressListener/]: Preparing spawn area: 0%
[25Aug2026 11:24:58.182] [Worker-Main-3/INFO] [net.minecraft.server.level.progress.LoggerChunkProgressListener/]: Preparing spawn area: 0%
[25Aug2026 11:24:58.184] [Worker-Main-3/INFO] [net.minecraft.server.level.progress.LoggerChunkProgressListener/]: Preparing spawn area: 0%
[25Aug2026 11:24:58.188] [Worker-Main-3/INFO] [net.minecraft.server.level.progress.LoggerChunkProgressListener/]: Preparing spawn area: 0%
[25Aug2026 11:24:58.189] [Worker-Main-3/INFO] [net.minecraft.server.level.progress.LoggerChunkProgressListener/]: Preparing spawn area: 0%
[25Aug2026 11:24:58.190] [Worker-Main-3/INFO] [net.minecraft.server.level.progress.LoggerChunkProgressListener/]: Preparing spawn area: 0%
[25Aug2026 11:24:58.190] [Worker-Main-1/INFO] [net.minecraft.server.level.progress.LoggerChunkProgressListener/]: Preparing spawn area: 0%
[25Aug2026 11:24:58.191] [Worker-Main-1/INFO] [net.minecraft.server.level.progress.LoggerChunkProgressListener/]: Preparing spawn area: 0%
[25Aug2026 11:24:58.191] [Worker-Main-1/INFO] [net.minecraft.server.level.progress.LoggerChunkProgressListener/]: Preparing spawn area: 0%
[25Aug2026 11:24:58.192] [Worker-Main-1/INFO] [net.minecraft.server.level.progress.LoggerChunkProgressListener/]: Preparing spawn area: 0%
[25Aug2026 11:24:58.192] [Worker-Main-1/INFO] [net.minecraft.server.level.progress.LoggerChunkProgressListener/]: Preparing spawn area: 0%
[25Aug2026 11:24:58.198] [Worker-Main-1/INFO] [net.minecraft.server.level.progress.LoggerChunkProgressListener/]: Preparing spawn area: 0%
[25Aug2026 11:24:58.199] [Worker-Main-1/INFO] [net.minecraft.server.level.progress.LoggerChunkProgressListener/]: Preparing spawn area: 0%
[25Aug2026 11:24:58.199] [Worker-Main-1/INFO] [net.minecraft.server.level.progress.LoggerChunkProgressListener/]: Preparing spawn area: 0%
[25Aug2026 11:24:58.199] [Worker-Main-1/INFO] [net.minecraft.server.level.progress.LoggerChunkProgressListener/]: Preparing spawn area: 0%
[25Aug2026 11:24:58.200] [Worker-Main-1/INFO] [net.minecraft.server.level.progress.LoggerChunkProgressListener/]: Preparing spawn area: 0%
[25Aug2026 11:24:58.200] [Worker-Main-1/INFO] [net.minecraft.server.level.progress.LoggerChunkProgressListener/]: Preparing spawn area: 0%
[25Aug2026 11:24:58.207] [Worker-Main-1/INFO] [net.minecraft.server.level.progress.LoggerChunkProgressListener/]: Preparing spawn area: 0%
[25Aug2026 11:24:58.208] [Worker-Main-2/INFO] [net.minecraft.server.level.progress.LoggerChunkProgressListener/]: Preparing spawn area: 0%
[25Aug2026 11:24:58.208] [Worker-Main-2/INFO] [net.minecraft.server.level.progress.LoggerChunkProgressListener/]: Preparing spawn area: 0%
[25Aug2026 11:24:58.209] [Worker-Main-2/INFO] [net.minecraft.server.level.progress.LoggerChunkProgressListener/]: Preparing spawn area: 0%
[25Aug2026 11:24:58.373] [Worker-Main-2/INFO] [net.minecraft.server.level.progress.LoggerChunkProgressListener/]: Preparing spawn area: 0%
[25Aug2026 11:24:58.709] [Server thread/DEBUG] [io.netty.buffer.AbstractByteBuf/]: -Dio.netty.buffer.checkAccessible: true
[25Aug2026 11:24:58.709] [Server thread/DEBUG] [io.netty.buffer.AbstractByteBuf/]: -Dio.netty.buffer.checkBounds: true
[25Aug2026 11:24:58.710] [Server thread/DEBUG] [io.netty.util.ResourceLeakDetectorFactory/]: Loaded default ResourceLeakDetector: io.netty.util.ResourceLeakDetector@56fcf855
[25Aug2026 11:24:58.771] [Server thread/DEBUG] [mixin/]: Mixing ProjectileUtilMixin from mixins.superbwarfare.json into net.minecraft.world.entity.projectile.ProjectileUtil
[25Aug2026 11:24:58.873] [Worker-Main-1/INFO] [net.minecraft.server.level.progress.LoggerChunkProgressListener/]: Preparing spawn area: 44%
[25Aug2026 11:24:59.355] [Server thread/INFO] [net.minecraft.server.level.progress.LoggerChunkProgressListener/]: Time elapsed: 21983 ms
[25Aug2026 11:24:59.355] [Server thread/INFO] [net.minecraft.server.dedicated.DedicatedServer/]: Done (37.438s)! For help, type "help"
[25Aug2026 11:24:59.366] [Server thread/DEBUG] [net.minecraftforge.network.DualStackUtils/]: Detected IPv6 address: "0:0:0:0:0:0:0:0"
[25Aug2026 11:24:59.467] [Server thread/DEBUG] [net.minecraftforge.common.ForgeI18n/CORE]: Loading I18N data entries: 7928
[25Aug2026 11:24:59.471] [Server thread/INFO] [net.minecraftforge.server.permission.PermissionAPI/]: Successfully initialized permission handler forge:default_handler
[25Aug2026 11:24:59.638] [Server thread/DEBUG] [net.minecraftforge.coremod.transformer.CoreModBaseTransformer/COREMOD]: Transforming net/minecraft/world/level/NaturalSpawner
[25Aug2026 11:24:59.692] [Server thread/DEBUG] [mixin/]: Mixing camera.TrackedEntityMixin from securitycraft.mixins.json into net.minecraft.server.level.ChunkMap$TrackedEntity
[25Aug2026 11:24:59.834] [Server thread/DEBUG] [mixin/]: Mixing EnchantmentHelperMixin from accessories-common.mixins.json into net.minecraft.world.item.enchantment.EnchantmentHelper
[25Aug2026 11:24:59.834] [Server thread/DEBUG] [mixin/]: Renaming synthetic method lambda$enchantmentValidForRedirect$1(Lnet/minecraft/core/Holder$Reference;)Ljava/lang/Boolean; to md08027c$lambda$enchantmentValidForRedirect$1$0 in accessories-common.mixins.json:EnchantmentHelperMixin
[25Aug2026 11:24:59.834] [Server thread/DEBUG] [mixin/]: Renaming synthetic method lambda$wrapMapCheck$0(Lnet/minecraft/world/item/enchantment/Enchantment;Ljava/util/function/Predicate;Lio/wispforest/accessories/api/slot/SlotEntryReference;)Z to md08027c$lambda$wrapMapCheck$0$1 in accessories-common.mixins.json:EnchantmentHelperMixin
[25Aug2026 11:27:13.586] [Server thread/INFO] [net.minecraft.server.MinecraftServer/]: [Chunky] Task continuing for minecraft:overworld.
[25Aug2026 11:27:13.837] [IO-Worker-11/INFO] [net.minecraft.server.MinecraftServer/]: [Chunky] Task running for minecraft:overworld. Processed: 15869 chunks (0.70%), ETA: 33:58:16, Rate: 18.3 cps, Current: -17, -47
[25Aug2026 11:27:14.843] [IO-Worker-12/INFO] [net.minecraft.server.MinecraftServer/]: [Chunky] Task running for minecraft:overworld. Processed: 16386 chunks (0.73%), ETA: 1:23:56, Rate: 444.1 cps, Current: -64, -63
[25Aug2026 11:27:15.843] [IO-Worker-12/INFO] [net.minecraft.server.MinecraftServer/]: [Chunky] Task running for minecraft:overworld. Processed: 17310 chunks (0.77%), ETA: 0:56:02, Rate: 664.8 cps, Current: -46, -59
[25Aug2026 11:27:16.844] [IO-Worker-11/INFO] [net.minecraft.server.MinecraftServer/]: [Chunky] Task running for minecraft:overworld. Processed: 18777 chunks (0.83%), ETA: 0:40:35, Rate: 917.4 cps, Current: -62, 30
[25Aug2026 11:27:17.968] [IO-Worker-12/INFO] [net.minecraft.server.MinecraftServer/]: [Chunky] Task running for minecraft:overworld. Processed: 20512 chunks (0.91%), ETA: 0:34:24, Rate: 1081.2 cps, Current: -61, 68
[25Aug2026 11:27:18.983] [IO-Worker-15/INFO] [net.minecraft.server.MinecraftServer/]: [Chunky] Task running for minecraft:overworld. Processed: 21509 chunks (0.95%), ETA: 0:35:00, Rate: 1062.3 cps, Current: -30, 64
[25Aug2026 11:27:20.019] [IO-Worker-16/INFO] [net.minecraft.server.MinecraftServer/]: [Chunky] Task running for minecraft:overworld. Processed: 22529 chunks (1.00%), ETA: 0:35:25, Rate: 1049.6 cps, Current: 0, 64
[25Aug2026 11:27:21.037] [IO-Worker-11/INFO] [net.minecraft.server.MinecraftServer/]: [Chunky] Task running for minecraft:overworld. Processed: 23553 chunks (1.05%), ETA: 0:35:36, Rate: 1043.6 cps, Current: 32, 64
[25Aug2026 11:27:22.100] [IO-Worker-11/INFO] [net.minecraft.server.MinecraftServer/]: [Chunky] Task running for minecraft:overworld. Processed: 24645 chunks (1.09%), ETA: 0:35:39, Rate: 1041.5 cps, Current: 72, 66
[25Aug2026 11:27:23.101] [IO-Worker-14/INFO] [net.minecraft.server.MinecraftServer/]: [Chunky] Task running for minecraft:overworld. Processed: 25925 chunks (1.15%), ETA: 0:34:47, Rate: 1066.7 cps, Current: 98, 88
[25Aug2026 11:27:24.102] [IO-Worker-12/INFO] [net.minecraft.server.MinecraftServer/]: [Chunky] Task running for minecraft:overworld. Processed: 26838 chunks (1.19%), ETA: 0:35:16, Rate: 1051.9 cps, Current: 103, 40
[25Aug2026 11:27:25.103] [IO-Worker-12/INFO] [net.minecraft.server.MinecraftServer/]: [Chunky] Task running for minecraft:overworld. Processed: 28181 chunks (1.25%), ETA: 0:34:25, Rate: 1077.2 cps, Current: 118, 16
[25Aug2026 11:27:26.104] [IO-Worker-14/INFO] [net.minecraft.server.MinecraftServer/]: [Chunky] Task running for minecraft:overworld. Processed: 29570 chunks (1.31%), ETA: 0:33:37, Rate: 1102.2 cps, Current: 118, -25
[25Aug2026 11:27:27.106] [IO-Worker-16/INFO] [net.minecraft.server.MinecraftServer/]: [Chunky] Task running for minecraft:overworld. Processed: 31928 chunks (1.42%), ETA: 0:30:57, Rate: 1195.6 cps, Current: 74, -83
[25Aug2026 11:27:28.155] [IO-Worker-17/INFO] [net.minecraft.server.MinecraftServer/]: [Chunky] Task running for minecraft:overworld. Processed: 35128 chunks (1.56%), ETA: 0:27:47, Rate: 1329.9 cps, Current: -30, -75
[25Aug2026 11:27:29.156] [IO-Worker-13/INFO] [net.minecraft.server.MinecraftServer/]: [Chunky] Task running for minecraft:overworld. Processed: 39743 chunks (1.76%), ETA: 0:23:55, Rate: 1541.9 cps, Current: -72, -18
[25Aug2026 11:27:30.157] [IO-Worker-15/INFO] [net.minecraft.server.MinecraftServer/]: [Chunky] Task running for minecraft:overworld. Processed: 42466 chunks (1.88%), ETA: 0:22:50, Rate: 1613.5 cps, Current: -85, 82
[25Aug2026 11:27:31.184] [IO-Worker-17/INFO] [net.minecraft.server.MinecraftServer/]: [Chunky] Task running for minecraft:overworld. Processed: 43649 chunks (1.94%), ETA: 0:23:12, Rate: 1586.5 cps, Current: -72, 120
[25Aug2026 11:27:32.184] [IO-Worker-13/INFO] [net.minecraft.server.MinecraftServer/]: [Chunky] Task running for minecraft:overworld. Processed: 44512 chunks (1.98%), ETA: 0:23:47, Rate: 1547.3 cps, Current: -53, 116
[25Aug2026 11:27:33.185] [IO-Worker-13/INFO] [net.minecraft.server.MinecraftServer/]: [Chunky] Task running for minecraft:overworld. Processed: 45297 chunks (2.01%), ETA: 0:24:23, Rate: 1508.2 cps, Current: -32, 108
[25Aug2026 11:27:34.242] [IO-Worker-17/INFO] [net.minecraft.server.MinecraftServer/]: [Chunky] Task running for minecraft:overworld. Processed: 46593 chunks (2.07%), ETA: 0:24:37, Rate: 1493.8 cps, Current: 16, 112
[25Aug2026 11:27:35.269] [IO-Worker-17/INFO] [net.minecraft.server.MinecraftServer/]: [Chunky] Task running for minecraft:overworld. Processed: 47816 chunks (2.12%), ETA: 0:24:50, Rate: 1479.3 cps, Current: 62, 117
[25Aug2026 11:27:36.270] [IO-Worker-11/INFO] [net.minecraft.server.MinecraftServer/]: [Chunky] Task running for minecraft:overworld. Processed: 49744 chunks (2.21%), ETA: 0:24:29, Rate: 1499.1 cps, Current: 112, 123
[25Aug2026 11:27:37.278] [IO-Worker-11/INFO] [net.minecraft.server.MinecraftServer/]: [Chunky] Task running for minecraft:overworld. Processed: 51211 chunks (2.27%), ETA: 0:24:30, Rate: 1497.2 cps, Current: 131, 67
[25Aug2026 11:27:38.309] [IO-Worker-11/INFO] [net.minecraft.server.MinecraftServer/]: [Chunky] Task running for minecraft:overworld. Processed: 52329 chunks (2.32%), ETA: 0:24:46, Rate: 1480.0 cps, Current: 142, 38
[25Aug2026 11:27:39.309] [IO-Worker-17/INFO] [net.minecraft.server.MinecraftServer/]: [Chunky] Task running for minecraft:overworld. Processed: 53559 chunks (2.38%), ETA: 0:24:56, Rate: 1470.2 cps, Current: 130, 20
[25Aug2026 11:27:40.360] [IO-Worker-17/INFO] [net.minecraft.server.MinecraftServer/]: [Chunky] Task running for minecraft:overworld. Processed: 55233 chunks (2.45%), ETA: 0:24:49, Rate: 1475.0 cps, Current: 152, -32
[25Aug2026 11:27:41.361] [IO-Worker-11/INFO] [net.minecraft.server.MinecraftServer/]: [Chunky] Task running for minecraft:overworld. Processed: 56106 chunks (2.49%), ETA: 0:25:11, Rate: 1453.2 cps, Current: 153, -56
[25Aug2026 11:27:42.370] [IO-Worker-11/INFO] [net.minecraft.server.MinecraftServer/]: [Chunky] Task running for minecraft:overworld. Processed: 57282 chunks (2.54%), ETA: 0:25:21, Rate: 1443.2 cps, Current: 152, -95
[25Aug2026 11:27:43.384] [IO-Worker-13/INFO] [net.minecraft.server.MinecraftServer/]: [Chunky] Task running for minecraft:overworld. Processed: 58391 chunks (2.59%), ETA: 0:25:33, Rate: 1431.2 cps, Current: 97, -121
[25Aug2026 11:27:44.390] [IO-Worker-13/INFO] [net.minecraft.server.MinecraftServer/]: [Chunky] Task running for minecraft:overworld. Processed: 59650 chunks (2.65%), ETA: 0:24:59, Rate: 1462.9 cps, Current: 65, -112
[25Aug2026 11:27:45.436] [IO-Worker-16/INFO] [net.minecraft.server.MinecraftServer/]: [Chunky] Task running for minecraft:overworld. Processed: 61633 chunks (2.74%), ETA: 0:24:12, Rate: 1508.4 cps, Current: 7, -113
[25Aug2026 11:27:46.451] [IO-Worker-13/INFO] [net.minecraft.server.MinecraftServer/]: [Chunky] Task running for minecraft:overworld. Processed: 63681 chunks (2.83%), ETA: 0:24:00, Rate: 1520.3 cps, Current: -57, -113
[25Aug2026 11:27:47.478] [IO-Worker-13/INFO] [net.minecraft.server.MinecraftServer/]: [Chunky] Task running for minecraft:overworld. Processed: 65798 chunks (2.92%), ETA: 0:23:50, Rate: 1529.0 cps, Current: -128, -109
[25Aug2026 11:27:48.500] [IO-Worker-11/INFO] [net.minecraft.server.MinecraftServer/]: [Chunky] Task running for minecraft:overworld. Processed: 67753 chunks (3.01%), ETA: 0:23:17, Rate: 1563.9 cps, Current: -120, -51
[25Aug2026 11:28:01.502] [Server thread/INFO] [net.minecraft.server.MinecraftServer/]: [Chunky] Task running for minecraft:overworld. Processed: 67956 chunks (3.02%), ETA: 0:45:24, Rate: 801.9 cps, Current: -117, -49
[25Aug2026 11:28:03.341] [Server thread/INFO] [net.minecraft.server.MinecraftServer/]: [Chunky] Task running for minecraft:overworld. Processed: 67957 chunks (3.02%), ETA: 0:49:36, Rate: 734.2 cps, Current: -117, -40
[25Aug2026 11:28:04.444] [Server thread/INFO] [net.minecraft.server.MinecraftServer/]: [Chunky] Task running for minecraft:overworld. Processed: 67961 chunks (3.02%), ETA: 0:52:44, Rate: 690.5 cps, Current: -117, -36
[25Aug2026 11:28:05.552] [Server thread/INFO] [net.minecraft.server.MinecraftServer/]: [Chunky] Task running for minecraft:overworld. Processed: 67964 chunks (3.02%), ETA: 0:58:28, Rate: 622.8 cps, Current: -116, -49
[25Aug2026 11:28:06.454] [Worker-Main-19/DEBUG] [io.netty.util.internal.ThreadLocalRandom/]: -Dio.netty.initialSeedUniquifier: 0xadddd0329e1eef84
[25Aug2026 11:28:07.369] [Server thread/INFO] [net.minecraft.server.MinecraftServer/]: [Chunky] Task running for minecraft:overworld. Processed: 67971 chunks (3.02%), ETA: 1:07:39, Rate: 538.3 cps, Current: -114, -50
[25Aug2026 11:28:08.443] [Server thread/INFO] [net.minecraft.server.MinecraftServer/]: [Chunky] Task running for minecraft:overworld. Processed: 67987 chunks (3.02%), ETA: 1:13:29, Rate: 495.5 cps, Current: -115, -40
[25Aug2026 11:28:10.176] [Server thread/INFO] [net.minecraft.server.MinecraftServer/]: [Chunky] Task running for minecraft:overworld. Processed: 67988 chunks (3.02%), ETA: 1:25:07, Rate: 427.8 cps, Current: -118, -35
[25Aug2026 11:28:11.270] [Server thread/INFO] [net.minecraft.server.MinecraftServer/]: [Chunky] Task running for minecraft:overworld. Processed: 67991 chunks (3.02%), ETA: 1:31:35, Rate: 397.6 cps, Current: -116, -34
[25Aug2026 11:28:12.820] [Server thread/INFO] [net.minecraft.server.MinecraftServer/]: [Chunky] Task running for minecraft:overworld. Processed: 67994 chunks (3.02%), ETA: 1:51:37, Rate: 326.3 cps, Current: -115, -43
[25Aug2026 11:28:14.195] [Server thread/INFO] [net.minecraft.server.MinecraftServer/]: [Chunky] Task running for minecraft:overworld. Processed: 68004 chunks (3.02%), ETA: 2:09:54, Rate: 280.3 cps, Current: -116, -41
[25Aug2026 11:28:15.580] [Server thread/INFO] [net.minecraft.server.MinecraftServer/]: [Chunky] Task running for minecraft:overworld. Processed: 68031 chunks (3.02%), ETA: 4:03:47, Rate: 149.4 cps, Current: -118, -48
[25Aug2026 11:28:16.693] [Server thread/INFO] [net.minecraft.server.MinecraftServer/]: [Chunky] Task running for minecraft:overworld. Processed: 68060 chunks (3.02%), ETA: 7:50:08, Rate: 77.5 cps, Current: -113, -47
[25Aug2026 11:28:17.893] [Server thread/INFO] [net.minecraft.server.MinecraftServer/]: [Chunky] Task running for minecraft:overworld. Processed: 68063 chunks (3.02%), ETA: 57:21:41, Rate: 10.6 cps, Current: -112, -46
[25Aug2026 11:28:18.999] [Server thread/INFO] [net.minecraft.server.MinecraftServer/]: [Chunky] Task running for minecraft:overworld. Processed: 68066 chunks (3.02%), ETA: 95:40:12, Rate: 6.3 cps, Current: -111, -47
[25Aug2026 11:28:20.188] [Server thread/INFO] [net.minecraft.server.MinecraftServer/]: [Chunky] Task running for minecraft:overworld. Processed: 68068 chunks (3.02%), ETA: 100:21:46, Rate: 6.0 cps, Current: -117, -51
[25Aug2026 11:28:21.672] [Server thread/INFO] [net.minecraft.server.MinecraftServer/]: [Chunky] Task running for minecraft:overworld. Processed: 68086 chunks (3.02%), ETA: 93:26:50, Rate: 6.5 cps, Current: -113, -45
[25Aug2026 11:28:22.953] [Server thread/INFO] [net.minecraft.server.MinecraftServer/]: [Chunky] Task running for minecraft:overworld. Processed: 68097 chunks (3.02%), ETA: 91:40:58, Rate: 6.6 cps, Current: -107, -44
[25Aug2026 11:28:23.954] [Server thread/INFO] [net.minecraft.server.MinecraftServer/]: [Chunky] Task running for minecraft:overworld. Processed: 68105 chunks (3.02%), ETA: 90:50:35, Rate: 6.7 cps, Current: -110, -43
[25Aug2026 11:28:25.093] [Server thread/INFO] [net.minecraft.server.MinecraftServer/]: [Chunky] Task running for minecraft:overworld. Processed: 68112 chunks (3.02%), ETA: 91:11:43, Rate: 6.7 cps, Current: -106, -45
[25Aug2026 11:28:26.298] [Server thread/INFO] [net.minecraft.server.MinecraftServer/]: [Chunky] Task running for minecraft:overworld. Processed: 68120 chunks (3.02%), ETA: 91:12:08, Rate: 6.7 cps, Current: -106, -42
[25Aug2026 11:28:27.326] [Server thread/INFO] [net.minecraft.server.MinecraftServer/]: [Chunky] Task running for minecraft:overworld. Processed: 68133 chunks (3.02%), ETA: 88:02:57, Rate: 6.9 cps, Current: -113, -38
[25Aug2026 11:28:28.641] [Server thread/INFO] [net.minecraft.server.MinecraftServer/]: [Chunky] Task running for minecraft:overworld. Processed: 68142 chunks (3.02%), ETA: 88:04:33, Rate: 6.9 cps, Current: -112, -37
[25Aug2026 11:28:29.787] [Server thread/INFO] [net.minecraft.server.MinecraftServer/]: [Chunky] Task running for minecraft:overworld. Processed: 68153 chunks (3.02%), ETA: 86:41:53, Rate: 7.0 cps, Current: -109, -41
[25Aug2026 11:28:30.848] [Server thread/INFO] [net.minecraft.server.MinecraftServer/]: [Chunky] Task running for minecraft:overworld. Processed: 68162 chunks (3.03%), ETA: 86:02:20, Rate: 7.1 cps, Current: -109, -35
[25Aug2026 11:28:31.885] [Server thread/INFO] [net.minecraft.server.MinecraftServer/]: [Chunky] Task running for minecraft:overworld. Processed: 68178 chunks (3.03%), ETA: 78:02:06, Rate: 7.8 cps, Current: -107, -34
[25Aug2026 11:28:34.383] [Server thread/INFO] [net.minecraft.server.MinecraftServer/]: [Chunky] Task running for minecraft:overworld. Processed: 68187 chunks (3.03%), ETA: 80:02:34, Rate: 7.6 cps, Current: -105, -39
[25Aug2026 11:28:35.543] [Server thread/INFO] [net.minecraft.server.MinecraftServer/]: [Chunky] Task running for minecraft:overworld. Processed: 68196 chunks (3.03%), ETA: 78:07:00, Rate: 7.8 cps, Current: -101, -38
[25Aug2026 11:28:36.839] [Server thread/INFO] [net.minecraft.server.MinecraftServer/]: [Chunky] Task running for minecraft:overworld. Processed: 68204 chunks (3.03%), ETA: 76:26:03, Rate: 7.9 cps, Current: -103, -37
[25Aug2026 11:28:38.195] [Server thread/INFO] [net.minecraft.server.MinecraftServer/]: [Chunky] Task running for minecraft:overworld. Processed: 68229 chunks (3.03%), ETA: 74:18:15, Rate: 8.2 cps, Current: -97, -36
[25Aug2026 11:28:39.231] [Server thread/INFO] [net.minecraft.server.MinecraftServer/]: [Chunky] Task running for minecraft:overworld. Processed: 68249 chunks (3.03%), ETA: 67:18:02, Rate: 9.0 cps, Current: -99, -40
[25Aug2026 11:28:40.309] [Server thread/INFO] [net.minecraft.server.MinecraftServer/]: [Chunky] Task running for minecraft:overworld. Processed: 68265 chunks (3.03%), ETA: 64:04:52, Rate: 9.5 cps, Current: -105, -42
[25Aug2026 11:28:41.488] [Server thread/INFO] [net.minecraft.server.MinecraftServer/]: [Chunky] Task running for minecraft:overworld. Processed: 68283 chunks (3.03%), ETA: 59:59:30, Rate: 10.1 cps, Current: -103, -44
[25Aug2026 11:28:42.761] [Server thread/INFO] [net.minecraft.server.MinecraftServer/]: [Chunky] Task running for minecraft:overworld. Processed: 68308 chunks (3.03%), ETA: 57:40:56, Rate: 10.5 cps, Current: -97, -47
[25Aug2026 11:28:43.822] [Server thread/INFO] [net.minecraft.server.MinecraftServer/]: [Chunky] Task running for minecraft:overworld. Processed: 68321 chunks (3.03%), ETA: 56:32:12, Rate: 10.7 cps, Current: -100, -48
[25Aug2026 11:28:45.010] [Server thread/INFO] [net.minecraft.server.MinecraftServer/]: [Chunky] Task running for minecraft:overworld. Processed: 68330 chunks (3.03%), ETA: 59:31:48, Rate: 10.2 cps, Current: -104, -48
[25Aug2026 11:28:46.578] [Server thread/INFO] [net.minecraft.server.MinecraftServer/]: [Chunky] Task running for minecraft:overworld. Processed: 68344 chunks (3.03%), ETA: 63:37:54, Rate: 9.5 cps, Current: -98, -52
[25Aug2026 11:28:47.626] [Server thread/INFO] [net.minecraft.server.MinecraftServer/]: [Chunky] Task running for minecraft:overworld. Processed: 68353 chunks (3.03%), ETA: 62:00:16, Rate: 9.8 cps, Current: -101, -53
[25Aug2026 11:28:48.917] [Server thread/INFO] [net.minecraft.server.MinecraftServer/]: [Chunky] Task running for minecraft:overworld. Processed: 68361 chunks (3.03%), ETA: 61:20:11, Rate: 9.9 cps, Current: -102, -53
[25Aug2026 11:28:50.153] [Server thread/INFO] [net.minecraft.server.MinecraftServer/]: [Chunky] Task running for minecraft:overworld. Processed: 68375 chunks (3.03%), ETA: 59:02:19, Rate: 10.3 cps, Current: -103, -50
[25Aug2026 11:28:51.300] [Server thread/INFO] [net.minecraft.server.MinecraftServer/]: [Chunky] Task running for minecraft:overworld. Processed: 68385 chunks (3.04%), ETA: 59:55:45, Rate: 10.1 cps, Current: -106, -49
[25Aug2026 11:28:52.330] [Server thread/INFO] [net.minecraft.server.MinecraftServer/]: [Chunky] Task running for minecraft:overworld. Processed: 68392 chunks (3.04%), ETA: 60:13:35, Rate: 10.1 cps, Current: -112, -49
[25Aug2026 11:28:53.569] [Server thread/INFO] [net.minecraft.server.MinecraftServer/]: [Chunky] Task running for minecraft:overworld. Processed: 68413 chunks (3.04%), ETA: 57:58:25, Rate: 10.5 cps, Current: -108, -52
[25Aug2026 11:28:54.823] [Server thread/INFO] [net.minecraft.server.MinecraftServer/]: [Chunky] Task running for minecraft:overworld. Processed: 68431 chunks (3.04%), ETA: 56:22:40, Rate: 10.8 cps, Current: -108, -54
[25Aug2026 11:28:56.710] [Server thread/INFO] [net.minecraft.server.MinecraftServer/]: [Chunky] Task running for minecraft:overworld. Processed: 68447 chunks (3.04%), ETA: 56:36:20, Rate: 10.7 cps, Current: -106, -56
[25Aug2026 11:28:57.796] [Server thread/INFO] [net.minecraft.server.MinecraftServer/]: [Chunky] Task running for minecraft:overworld. Processed: 68457 chunks (3.04%), ETA: 55:59:18, Rate: 10.8 cps, Current: -106, -57
[25Aug2026 11:28:58.824] [Server thread/INFO] [net.minecraft.server.MinecraftServer/]: [Chunky] Task running for minecraft:overworld. Processed: 68487 chunks (3.04%), ETA: 52:35:41, Rate: 11.5 cps, Current: -110, -62
[25Aug2026 11:29:00.142] [Server thread/INFO] [net.minecraft.server.MinecraftServer/]: [Chunky] Task running for minecraft:overworld. Processed: 68522 chunks (3.04%), ETA: 49:14:23, Rate: 12.3 cps, Current: -104, -56
[25Aug2026 11:29:01.158] [Server thread/INFO] [net.minecraft.server.MinecraftServer/]: [Chunky] Task running for minecraft:overworld. Processed: 68533 chunks (3.04%), ETA: 49:53:43, Rate: 12.2 cps, Current: -103, -64
[25Aug2026 11:29:02.160] [Server thread/INFO] [net.minecraft.server.MinecraftServer/]: [Chunky] Task running for minecraft:overworld. Processed: 68560 chunks (3.04%), ETA: 45:04:04, Rate: 13.5 cps, Current: -102, -61
[25Aug2026 11:29:03.161] [Server thread/INFO] [net.minecraft.server.MinecraftServer/]: [Chunky] Task running for minecraft:overworld. Processed: 68590 chunks (3.04%), ETA: 43:13:26, Rate: 14.0 cps, Current: -98, -64
[25Aug2026 11:29:07.101] [Server thread/INFO] [net.minecraft.server.MinecraftServer/]: [Chunky] Task running for minecraft:overworld. Processed: 68602 chunks (3.04%), ETA: 46:53:31, Rate: 12.9 cps, Current: -125, -29
[25Aug2026 11:29:10.827] [Server thread/INFO] [net.minecraft.server.MinecraftServer/]: [Chunky] Task running for minecraft:overworld. Processed: 68603 chunks (3.04%), ETA: 55:27:24, Rate: 10.9 cps, Current: -125, -28
[25Aug2026 11:29:11.835] [Server thread/INFO] [net.minecraft.server.MinecraftServer/]: [Chunky] Task running for minecraft:overworld. Processed: 68622 chunks (3.05%), ETA: 56:00:07, Rate: 10.8 cps, Current: -127, -31
[25Aug2026 11:29:13.075] [Server thread/INFO] [net.minecraft.server.MinecraftServer/]: [Chunky] Task running for minecraft:overworld. Processed: 68627 chunks (3.05%), ETA: 57:49:08, Rate: 10.5 cps, Current: -127, -26
[25Aug2026 11:29:14.431] [Server thread/INFO] [net.minecraft.server.MinecraftServer/]: [Chunky] Task running for minecraft:overworld. Processed: 68628 chunks (3.05%), ETA: 59:42:25, Rate: 10.2 cps, Current: -126, -26
[25Aug2026 11:29:15.674] [Server thread/INFO] [net.minecraft.server.MinecraftServer/]: [Chunky] Task running for minecraft:overworld. Processed: 68647 chunks (3.05%), ETA: 58:04:32, Rate: 10.4 cps, Current: -119, -30
[25Aug2026 11:29:16.775] [Server thread/INFO] [net.minecraft.server.MinecraftServer/]: [Chunky] Task running for minecraft:overworld. Processed: 68657 chunks (3.05%), ETA: 57:59:11, Rate: 10.5 cps, Current: -114, -32
[25Aug2026 11:29:17.787] [Server thread/INFO] [net.minecraft.server.MinecraftServer/]: [Chunky] Task running for minecraft:overworld. Processed: 68664 chunks (3.05%), ETA: 57:37:12, Rate: 10.5 cps, Current: -117, -29
[25Aug2026 11:29:19.374] [Server thread/INFO] [net.minecraft.server.MinecraftServer/]: [Chunky] Task running for minecraft:overworld. Processed: 68671 chunks (3.05%), ETA: 59:41:50, Rate: 10.2 cps, Current: -116, -28
[25Aug2026 11:29:20.548] [Server thread/INFO] [net.minecraft.server.MinecraftServer/]: [Chunky] Task running for minecraft:overworld. Processed: 68683 chunks (3.05%), ETA: 59:21:15, Rate: 10.2 cps, Current: -114, -27
[25Aug2026 11:29:21.773] [Server thread/INFO] [net.minecraft.server.MinecraftServer/]: [Chunky] Task running for minecraft:overworld. Processed: 68688 chunks (3.05%), ETA: 60:08:53, Rate: 10.1 cps, Current: -114, -26
[25Aug2026 11:29:24.101] [Server thread/INFO] [net.minecraft.server.MinecraftServer/]: [Chunky] Task running for minecraft:overworld. Processed: 68702 chunks (3.05%), ETA: 65:18:37, Rate: 9.3 cps, Current: -119, -25
[25Aug2026 11:29:25.778] [Server thread/INFO] [net.minecraft.server.MinecraftServer/]: [Chunky] Task running for minecraft:overworld. Processed: 68703 chunks (3.05%), ETA: 68:37:35, Rate: 8.8 cps, Current: -119, -24
[25Aug2026 11:29:26.839] [Server thread/INFO] [net.minecraft.server.MinecraftServer/]: [Chunky] Task running for minecraft:overworld. Processed: 68712 chunks (3.05%), ETA: 68:50:05, Rate: 8.8 cps, Current: -116, -25
[25Aug2026 11:29:27.846] [Server thread/INFO] [net.minecraft.server.MinecraftServer/]: [Chunky] Task running for minecraft:overworld. Processed: 68725 chunks (3.05%), ETA: 73:40:38, Rate: 8.2 cps, Current: -117, -22
[25Aug2026 11:29:29.795] [Server thread/INFO] [net.minecraft.server.MinecraftServer/]: [Chunky] Task running for minecraft:overworld. Processed: 68731 chunks (3.05%), ETA: 85:40:18, Rate: 7.1 cps, Current: -115, -21
[25Aug2026 11:29:30.922] [Server thread/INFO] [net.minecraft.server.MinecraftServer/]: [Chunky] Task running for minecraft:overworld. Processed: 68734 chunks (3.05%), ETA: 89:24:04, Rate: 6.8 cps, Current: -114, -20
[25Aug2026 11:29:32.202] [Server thread/INFO] [net.minecraft.server.MinecraftServer/]: [Chunky] Task running for minecraft:overworld. Processed: 68737 chunks (3.05%), ETA: 117:28:08, Rate: 5.2 cps, Current: -115, -19
[25Aug2026 11:29:33.450] [Server thread/INFO] [net.minecraft.server.MinecraftServer/]: [Chunky] Task running for minecraft:overworld. Processed: 68749 chunks (3.05%), ETA: 108:01:54, Rate: 5.6 cps, Current: -128, -32
[25Aug2026 11:29:34.944] [Server thread/INFO] [net.minecraft.server.MinecraftServer/]: [Chunky] Task running for minecraft:overworld. Processed: 68756 chunks (3.05%), ETA: 109:00:03, Rate: 5.6 cps, Current: -128, -31
[25Aug2026 11:29:36.705] [Server thread/INFO] [net.minecraft.server.MinecraftServer/]: [Chunky] Task running for minecraft:overworld. Processed: 68765 chunks (3.05%), ETA: 109:32:01, Rate: 5.5 cps, Current: -121, -25
[25Aug2026 11:29:37.860] [Server thread/INFO] [net.minecraft.server.MinecraftServer/]: [Chunky] Task running for minecraft:overworld. Processed: 68783 chunks (3.05%), ETA: 90:37:12, Rate: 6.7 cps, Current: -123, -23
[25Aug2026 11:29:39.042] [Server thread/INFO] [net.minecraft.server.MinecraftServer/]: [Chunky] Task running for minecraft:overworld. Processed: 68790 chunks (3.05%), ETA: 91:03:37, Rate: 6.7 cps, Current: -124, -25
[25Aug2026 11:29:40.208] [Server thread/INFO] [net.minecraft.server.MinecraftServer/]: [Chunky] Task running for minecraft:overworld. Processed: 68801 chunks (3.05%), ETA: 89:34:53, Rate: 6.8 cps, Current: -127, -24
[25Aug2026 11:29:41.295] [Server thread/INFO] [net.minecraft.server.MinecraftServer/]: [Chunky] Task running for minecraft:overworld. Processed: 68810 chunks (3.05%), ETA: 94:34:27, Rate: 6.4 cps, Current: -127, -21
[25Aug2026 11:29:44.067] [Server thread/INFO] [net.minecraft.server.MinecraftServer/]: [Chunky] Task running for minecraft:overworld. Processed: 68822 chunks (3.05%), ETA: 92:12:30, Rate: 6.6 cps, Current: -128, -29
[25Aug2026 11:29:45.129] [Server thread/INFO] [net.minecraft.server.MinecraftServer/]: [Chunky] Task running for minecraft:overworld. Processed: 68828 chunks (3.05%), ETA: 98:11:27, Rate: 6.2 cps, Current: -127, -17
[25Aug2026 11:29:46.404] [Server thread/INFO] [net.minecraft.server.MinecraftServer/]: [Chunky] Task running for minecraft:overworld. Processed: 68841 chunks (3.06%), ETA: 97:10:07, Rate: 6.2 cps, Current: -122, -17
[25Aug2026 11:29:47.527] [Server thread/INFO] [net.minecraft.server.MinecraftServer/]: [Chunky] Task running for minecraft:overworld. Processed: 68850 chunks (3.06%), ETA: 96:29:33, Rate: 6.3 cps, Current: -122, -14
[25Aug2026 11:29:48.555] [Server thread/INFO] [net.minecraft.server.MinecraftServer/]: [Chunky] Task running for minecraft:overworld. Processed: 68856 chunks (3.06%), ETA: 95:10:52, Rate: 6.4 cps, Current: -123, -12
[25Aug2026 11:29:49.724] [Server thread/INFO] [net.minecraft.server.MinecraftServer/]: [Chunky] Task running for minecraft:overworld. Processed: 68858 chunks (3.06%), ETA: 100:34:31, Rate: 6.0 cps, Current: -113, -29
[25Aug2026 11:29:50.999] [Server thread/INFO] [net.minecraft.server.MinecraftServer/]: [Chunky] Task running for minecraft:overworld. Processed: 68866 chunks (3.06%), ETA: 99:03:31, Rate: 6.1 cps, Current: -123, -11
[25Aug2026 11:29:52.279] [Server thread/INFO] [net.minecraft.server.MinecraftServer/]: [Chunky] Task running for minecraft:overworld. Processed: 68877 chunks (3.06%), ETA: 97:08:03, Rate: 6.2 cps, Current: -126, -13
[25Aug2026 11:29:53.967] [Server thread/INFO] [net.minecraft.server.MinecraftServer/]: [Chunky] Task running for minecraft:overworld. Processed: 68885 chunks (3.06%), ETA: 98:28:35, Rate: 6.2 cps, Current: -127, -9
[25Aug2026 11:29:55.757] [Server thread/INFO] [net.minecraft.server.MinecraftServer/]: [Chunky] Task running for minecraft:overworld. Processed: 68892 chunks (3.06%), ETA: 95:43:26, Rate: 6.3 cps, Current: -126, -7
[25Aug2026 11:29:56.927] [Server thread/INFO] [net.minecraft.server.MinecraftServer/]: [Chunky] Task running for minecraft:overworld. Processed: 68899 chunks (3.06%), ETA: 100:49:20, Rate: 6.0 cps, Current: -120, -17
[25Aug2026 11:29:58.199] [Server thread/INFO] [net.minecraft.server.MinecraftServer/]: [Chunky] Task running for minecraft:overworld. Processed: 68900 chunks (3.06%), ETA: 101:22:17, Rate: 6.0 cps, Current: -119, -17
[25Aug2026 11:29:59.571] [Server thread/DEBUG] [net.minecraftforge.common.ForgeHooks/WP]: Gathering id map for writing to world save world
[25Aug2026 11:29:59.631] [Server thread/DEBUG] [net.minecraftforge.common.ForgeHooks/WP]: ID Map collection complete world
[25Aug2026 11:29:59.675] [Server thread/INFO] [net.minecraft.server.MinecraftServer/]: [Chunky] Task running for minecraft:overworld. Processed: 68906 chunks (3.06%), ETA: 103:00:12, Rate: 5.9 cps, Current: -127, -5
[25Aug2026 11:30:00.711] [Server thread/INFO] [net.minecraft.server.MinecraftServer/]: [Chunky] Task running for minecraft:overworld. Processed: 68914 chunks (3.06%), ETA: 99:50:57, Rate: 6.1 cps, Current: -113, -17
[25Aug2026 11:30:01.832] [Server thread/INFO] [net.minecraft.server.MinecraftServer/]: [Chunky] Task running for minecraft:overworld. Processed: 68921 chunks (3.06%), ETA: 97:10:06, Rate: 6.2 cps, Current: -125, -4
[25Aug2026 11:30:03.252] [Server thread/INFO] [net.minecraft.server.MinecraftServer/]: [Chunky] Task running for minecraft:overworld. Processed: 68926 chunks (3.06%), ETA: 101:34:33, Rate: 6.0 cps, Current: -123, -9
[25Aug2026 11:30:04.266] [Server thread/INFO] [net.minecraft.server.MinecraftServer/]: [Chunky] Task running for minecraft:overworld. Processed: 68938 chunks (3.06%), ETA: 97:12:19, Rate: 6.2 cps, Current: -124, -7
[25Aug2026 11:30:05.678] [Server thread/INFO] [net.minecraft.server.MinecraftServer/]: [Chunky] Task running for minecraft:overworld. Processed: 68951 chunks (3.06%), ETA: 93:59:35, Rate: 6.5 cps, Current: -121, -16
[25Aug2026 11:30:06.721] [Server thread/INFO] [net.minecraft.server.MinecraftServer/]: [Chunky] Task running for minecraft:overworld. Processed: 68958 chunks (3.06%), ETA: 99:29:05, Rate: 6.1 cps, Current: -121, -9
[25Aug2026 11:30:07.841] [Server thread/INFO] [net.minecraft.server.MinecraftServer/]: [Chunky] Task running for minecraft:overworld. Processed: 68963 chunks (3.06%), ETA: 100:29:25, Rate: 6.0 cps, Current: -121, -6
[25Aug2026 11:30:08.989] [Server thread/INFO] [net.minecraft.server.MinecraftServer/]: [Chunky] Task running for minecraft:overworld. Processed: 68968 chunks (3.06%), ETA: 101:29:40, Rate: 6.0 cps, Current: -118, -7
[25Aug2026 11:30:10.172] [Server thread/INFO] [net.minecraft.server.MinecraftServer/]: [Chunky] Task running for minecraft:overworld. Processed: 68975 chunks (3.06%), ETA: 103:52:35, Rate: 5.8 cps, Current: -119, -4
[25Aug2026 11:30:11.667] [Server thread/INFO] [net.minecraft.server.MinecraftServer/]: [Chunky] Task running for minecraft:overworld. Processed: 68985 chunks (3.06%), ETA: 102:05:53, Rate: 5.9 cps, Current: -117, -3
[25Aug2026 11:30:12.721] [Server thread/INFO] [net.minecraft.server.MinecraftServer/]: [Chunky] Task running for minecraft:overworld. Processed: 68987 chunks (3.06%), ETA: 104:43:12, Rate: 5.8 cps, Current: -117, -2
[25Aug2026 11:30:14.033] [Server thread/INFO] [net.minecraft.server.MinecraftServer/]: [Chunky] Task running for minecraft:overworld. Processed: 68989 chunks (3.06%), ETA: 108:12:40, Rate: 5.6 cps, Current: -115, -2
[25Aug2026 11:30:15.560] [Server thread/INFO] [net.minecraft.server.MinecraftServer/]: [Chunky] Task running for minecraft:overworld. Processed: 68997 chunks (3.06%), ETA: 112:39:44, Rate: 5.4 cps, Current: -117, -4
[25Aug2026 11:30:16.987] [Server thread/INFO] [net.minecraft.server.MinecraftServer/]: [Chunky] Task running for minecraft:overworld. Processed: 69008 chunks (3.06%), ETA: 112:24:16, Rate: 5.4 cps, Current: -117, -7
[25Aug2026 11:30:19.143] [Server thread/INFO] [net.minecraft.server.MinecraftServer/]: [Chunky] Task running for minecraft:overworld. Processed: 69021 chunks (3.06%), ETA: 108:49:31, Rate: 5.6 cps, Current: -116, -10
[25Aug2026 11:30:20.155] [Server thread/INFO] [net.minecraft.server.MinecraftServer/]: [Chunky] Task running for minecraft:overworld. Processed: 69063 chunks (3.07%), ETA: 89:20:01, Rate: 6.8 cps, Current: -116, -13
[25Aug2026 11:30:21.184] [Server thread/INFO] [net.minecraft.server.MinecraftServer/]: [Chunky] Task running for minecraft:overworld. Processed: 69082 chunks (3.07%), ETA: 85:07:17, Rate: 7.1 cps, Current: -113, -16
[25Aug2026 11:30:22.228] [Server thread/INFO] [net.minecraft.server.MinecraftServer/]: [Chunky] Task running for minecraft:overworld. Processed: 69085 chunks (3.07%), ETA: 86:55:37, Rate: 7.0 cps, Current: -113, -14
[25Aug2026 11:30:23.299] [Server thread/INFO] [net.minecraft.server.MinecraftServer/]: [Chunky] Task running for minecraft:overworld. Processed: 69089 chunks (3.07%), ETA: 86:48:00, Rate: 7.0 cps, Current: -111, -15
[25Aug2026 11:30:24.708] [Server thread/INFO] [net.minecraft.server.MinecraftServer/]: [Chunky] Task running for minecraft:overworld. Processed: 69091 chunks (3.07%), ETA: 87:49:02, Rate: 6.9 cps, Current: -128, -9
[25Aug2026 11:30:25.939] [Server thread/INFO] [net.minecraft.server.MinecraftServer/]: [Chunky] Task running for minecraft:overworld. Processed: 69097 chunks (3.07%), ETA: 88:26:29, Rate: 6.9 cps, Current: -109, -15
[25Aug2026 11:30:27.145] [Server thread/INFO] [net.minecraft.server.MinecraftServer/]: [Chunky] Task running for minecraft:overworld. Processed: 69105 chunks (3.07%), ETA: 85:14:29, Rate: 7.1 cps, Current: -128, -3
[25Aug2026 11:30:28.237] [Server thread/INFO] [net.minecraft.server.MinecraftServer/]: [Chunky] Task running for minecraft:overworld. Processed: 69115 chunks (3.07%), ETA: 82:30:29, Rate: 7.4 cps, Current: -108, -12
[25Aug2026 11:30:29.530] [Server thread/INFO] [net.minecraft.server.MinecraftServer/]: [Chunky] Task running for minecraft:overworld. Processed: 69122 chunks (3.07%), ETA: 83:27:39, Rate: 7.3 cps, Current: -106, -11
[25Aug2026 11:30:30.669] [Server thread/INFO] [net.minecraft.server.MinecraftServer/]: [Chunky] Task running for minecraft:overworld. Processed: 69139 chunks (3.07%), ETA: 80:24:47, Rate: 7.5 cps, Current: -113, -9
[25Aug2026 11:30:31.690] [Server thread/INFO] [net.minecraft.server.MinecraftServer/]: [Chunky] Task running for minecraft:overworld. Processed: 69147 chunks (3.07%), ETA: 79:47:38, Rate: 7.6 cps, Current: -113, -7
[25Aug2026 11:30:32.928] [Server thread/INFO] [net.minecraft.server.MinecraftServer/]: [Chunky] Task running for minecraft:overworld. Processed: 69151 chunks (3.07%), ETA: 79:39:20, Rate: 7.6 cps, Current: -113, -6
[25Aug2026 11:30:34.351] [Server thread/INFO] [net.minecraft.server.MinecraftServer/]: [Chunky] Task running for minecraft:overworld. Processed: 69164 chunks (3.07%), ETA: 81:16:53, Rate: 7.5 cps, Current: -112, -3
[25Aug2026 11:30:35.406] [Server thread/INFO] [net.minecraft.server.MinecraftServer/]: [Chunky] Task running for minecraft:overworld. Processed: 69171 chunks (3.07%), ETA: 81:36:09, Rate: 7.4 cps, Current: -110, -5
[25Aug2026 11:30:36.492] [Server thread/INFO] [net.minecraft.server.MinecraftServer/]: [Chunky] Task running for minecraft:overworld. Processed: 69179 chunks (3.07%), ETA: 81:20:58, Rate: 7.5 cps, Current: -110, -2
[25Aug2026 11:30:37.526] [Server thread/INFO] [net.minecraft.server.MinecraftServer/]: [Chunky] Task running for minecraft:overworld. Processed: 69187 chunks (3.07%), ETA: 80:01:48, Rate: 7.6 cps, Current: -107, -9
[25Aug2026 11:30:38.546] [Server thread/INFO] [net.minecraft.server.MinecraftServer/]: [Chunky] Task running for minecraft:overworld. Processed: 69203 chunks (3.07%), ETA: 75:58:31, Rate: 8.0 cps, Current: -106, -5
[25Aug2026 11:30:39.570] [Server thread/INFO] [net.minecraft.server.MinecraftServer/]: [Chunky] Task running for minecraft:overworld. Processed: 69206 chunks (3.07%), ETA: 76:51:51, Rate: 7.9 cps, Current: -106, -2
[25Aug2026 11:30:41.898] [Server thread/INFO] [net.minecraft.server.MinecraftServer/]: [Chunky] Task running for minecraft:overworld. Processed: 69207 chunks (3.07%), ETA: 80:05:10, Rate: 7.6 cps, Current: -124, -1
[25Aug2026 11:30:43.154] [Server thread/INFO] [net.minecraft.server.MinecraftServer/]: [Chunky] Task running for minecraft:overworld. Processed: 69223 chunks (3.07%), ETA: 75:10:11, Rate: 8.1 cps, Current: -105, -6
[25Aug2026 11:30:44.926] [Server thread/INFO] [net.minecraft.server.MinecraftServer/]: [Chunky] Task running for minecraft:overworld. Processed: 69233 chunks (3.07%), ETA: 75:09:44, Rate: 8.1 cps, Current: -103, -5
[25Aug2026 11:30:45.934] [Server thread/INFO] [net.minecraft.server.MinecraftServer/]: [Chunky] Task running for minecraft:overworld. Processed: 69266 chunks (3.07%), ETA: 67:47:35, Rate: 8.9 cps, Current: -110, -16
[25Aug2026 11:30:46.946] [Server thread/INFO] [net.minecraft.server.MinecraftServer/]: [Chunky] Task running for minecraft:overworld. Processed: 69289 chunks (3.08%), ETA: 64:26:32, Rate: 9.4 cps, Current: -103, -9
[25Aug2026 11:30:48.079] [Server thread/INFO] [net.minecraft.server.MinecraftServer/]: [Chunky] Task running for minecraft:overworld. Processed: 69314 chunks (3.08%), ETA: 59:42:02, Rate: 10.2 cps, Current: -103, -12
[25Aug2026 11:30:49.086] [Server thread/INFO] [net.minecraft.server.MinecraftServer/]: [Chunky] Task running for minecraft:overworld. Processed: 69328 chunks (3.08%), ETA: 58:58:11, Rate: 10.3 cps, Current: -100, -13
[25Aug2026 11:30:50.140] [Server thread/INFO] [net.minecraft.server.MinecraftServer/]: [Chunky] Task running for minecraft:overworld. Processed: 69348 chunks (3.08%), ETA: 63:35:39, Rate: 9.5 cps, Current: -109, -16
[25Aug2026 11:30:51.192] [Server thread/INFO] [net.minecraft.server.MinecraftServer/]: [Chunky] Task running for minecraft:overworld. Processed: 69361 chunks (3.08%), ETA: 63:25:36, Rate: 9.6 cps, Current: -103, -16
[25Aug2026 11:30:52.197] [Server thread/INFO] [net.minecraft.server.MinecraftServer/]: [Chunky] Task running for minecraft:overworld. Processed: 69374 chunks (3.08%), ETA: 62:41:06, Rate: 9.7 cps, Current: -98, -21
[25Aug2026 11:30:53.221] [Server thread/INFO] [net.minecraft.server.MinecraftServer/]: [Chunky] Task running for minecraft:overworld. Processed: 69382 chunks (3.08%), ETA: 61:43:58, Rate: 9.8 cps, Current: -100, -21
[25Aug2026 11:30:54.470] [Server thread/INFO] [net.minecraft.server.MinecraftServer/]: [Chunky] Task running for minecraft:overworld. Processed: 69392 chunks (3.08%), ETA: 59:46:33, Rate: 10.1 cps, Current: -102, -18
[25Aug2026 11:30:55.484] [Server thread/INFO] [net.minecraft.server.MinecraftServer/]: [Chunky] Task running for minecraft:overworld. Processed: 69402 chunks (3.08%), ETA: 58:33:51, Rate: 10.4 cps, Current: -103, -18
[25Aug2026 11:30:56.527] [Server thread/INFO] [net.minecraft.server.MinecraftServer/]: [Chunky] Task running for minecraft:overworld. Processed: 69413 chunks (3.08%), ETA: 57:40:31, Rate: 10.5 cps, Current: -103, -19
[25Aug2026 11:30:58.046] [Server thread/INFO] [net.minecraft.server.MinecraftServer/]: [Chunky] Task running for minecraft:overworld. Processed: 69430 chunks (3.08%), ETA: 57:13:01, Rate: 10.6 cps, Current: -111, -19
[25Aug2026 11:30:59.095] [Server thread/INFO] [net.minecraft.server.MinecraftServer/]: [Chunky] Task running for minecraft:overworld. Processed: 69448 chunks (3.08%), ETA: 54:50:14, Rate: 11.1 cps, Current: -110, -21
[25Aug2026 11:31:00.270] [Server thread/INFO] [net.minecraft.server.MinecraftServer/]: [Chunky] Task running for minecraft:overworld. Processed: 69464 chunks (3.08%), ETA: 55:04:19, Rate: 11.0 cps, Current: -104, -23
[25Aug2026 11:31:01.890] [Server thread/INFO] [net.minecraft.server.MinecraftServer/]: [Chunky] Task running for minecraft:overworld. Processed: 69473 chunks (3.08%), ETA: 54:23:07, Rate: 11.2 cps, Current: -107, -24
[25Aug2026 11:31:02.947] [Server thread/INFO] [net.minecraft.server.MinecraftServer/]: [Chunky] Task running for minecraft:overworld. Processed: 69487 chunks (3.08%), ETA: 53:31:55, Rate: 11.3 cps, Current: -112, -26
[25Aug2026 11:31:04.218] [Server thread/INFO] [net.minecraft.server.MinecraftServer/]: [Chunky] Task running for minecraft:overworld. Processed: 69520 chunks (3.09%), ETA: 50:44:32, Rate: 12.0 cps, Current: -106, -27
[25Aug2026 11:31:05.427] [Server thread/INFO] [net.minecraft.server.MinecraftServer/]: [Chunky] Task running for minecraft:overworld. Processed: 69545 chunks (3.09%), ETA: 47:49:07, Rate: 12.7 cps, Current: -105, -25
[25Aug2026 11:31:06.490] [Server thread/INFO] [net.minecraft.server.MinecraftServer/]: [Chunky] Task running for minecraft:overworld. Processed: 69561 chunks (3.09%), ETA: 47:30:15, Rate: 12.8 cps, Current: -103, -32
[25Aug2026 11:31:07.604] [Server thread/INFO] [net.minecraft.server.MinecraftServer/]: [Chunky] Task running for minecraft:overworld. Processed: 69588 chunks (3.09%), ETA: 45:39:26, Rate: 13.3 cps, Current: -98, -27
[25Aug2026 11:31:21.548] [Server thread/INFO] [net.minecraft.server.MinecraftServer/]: [Chunky] Task running for minecraft:overworld. Processed: 69621 chunks (3.09%), ETA: 71:46:44, Rate: 8.4 cps, Current: -126, 1
[25Aug2026 11:31:22.694] [Server thread/INFO] [net.minecraft.server.MinecraftServer/]: [Chunky] Task running for minecraft:overworld. Processed: 69624 chunks (3.09%), ETA: 73:33:37, Rate: 8.2 cps, Current: -126, 4
[25Aug2026 11:31:24.035] [Server thread/INFO] [net.minecraft.server.MinecraftServer/]: [Chunky] Task running for minecraft:overworld. Processed: 69627 chunks (3.09%), ETA: 75:58:43, Rate: 8.0 cps, Current: -126, 5
[25Aug2026 11:31:26.272] [Server thread/INFO] [net.minecraft.server.MinecraftServer/]: [Chunky] Task running for minecraft:overworld. Processed: 69631 chunks (3.09%), ETA: 82:22:29, Rate: 7.4 cps, Current: -124, 4
[25Aug2026 11:31:28.238] [Server thread/INFO] [net.minecraft.server.MinecraftServer/]: [Chunky] Task running for minecraft:overworld. Processed: 69648 chunks (3.09%), ETA: 87:56:15, Rate: 6.9 cps, Current: -127, 6
[25Aug2026 11:31:30.003] [Server thread/INFO] [net.minecraft.server.MinecraftServer/]: [Chunky] Task running for minecraft:overworld. Processed: 69653 chunks (3.09%), ETA: 94:54:30, Rate: 6.4 cps, Current: -122, 0
[25Aug2026 11:31:31.846] [Server thread/INFO] [net.minecraft.server.MinecraftServer/]: [Chunky] Task running for minecraft:overworld. Processed: 69662 chunks (3.09%), ETA: 95:37:00, Rate: 6.3 cps, Current: -121, 1
[25Aug2026 11:31:32.880] [Server thread/INFO] [net.minecraft.server.MinecraftServer/]: [Chunky] Task running for minecraft:overworld. Processed: 69673 chunks (3.09%), ETA: 97:04:32, Rate: 6.2 cps, Current: -117, 0
[25Aug2026 11:31:33.925] [Server thread/INFO] [net.minecraft.server.MinecraftServer/]: [Chunky] Task running for minecraft:overworld. Processed: 69681 chunks (3.09%), ETA: 111:12:49, Rate: 5.5 cps, Current: -117, 2
[25Aug2026 11:31:35.256] [Server thread/INFO] [net.minecraft.server.MinecraftServer/]: [Chunky] Task running for minecraft:overworld. Processed: 69685 chunks (3.09%), ETA: 128:18:07, Rate: 4.7 cps, Current: -121, 3
[25Aug2026 11:31:36.979] [Server thread/INFO] [net.minecraft.server.MinecraftServer/]: [Chunky] Task running for minecraft:overworld. Processed: 69693 chunks (3.09%), ETA: 168:04:04, Rate: 3.6 cps, Current: -115, 4
[25Aug2026 11:31:38.110] [Server thread/INFO] [net.minecraft.server.MinecraftServer/]: [Chunky] Task running for minecraft:overworld. Processed: 69697 chunks (3.09%), ETA: 130:26:48, Rate: 4.6 cps, Current: -116, 5
[25Aug2026 11:31:39.180] [Server thread/INFO] [net.minecraft.server.MinecraftServer/]: [Chunky] Task running for minecraft:overworld. Processed: 69708 chunks (3.09%), ETA: 121:30:52, Rate: 5.0 cps, Current: -120, 5
[25Aug2026 11:31:40.241] [Server thread/INFO] [net.minecraft.server.MinecraftServer/]: [Chunky] Task running for minecraft:overworld. Processed: 69712 chunks (3.09%), ETA: 123:13:31, Rate: 4.9 cps, Current: -120, 6
[25Aug2026 11:31:43.903] [Server thread/INFO] [net.minecraft.server.MinecraftServer/]: [Chunky] Task running for minecraft:overworld. Processed: 69720 chunks (3.09%), ETA: 135:34:32, Rate: 4.5 cps, Current: -119, 7
[25Aug2026 11:31:45.084] [Worker-Main-1/INFO] [net.minecraft.server.MinecraftServer/]: [Chunky] Task running for minecraft:overworld. Processed: 69731 chunks (3.10%), ETA: 128:35:31, Rate: 4.7 cps, Current: -118, 7
[25Aug2026 11:31:46.231] [Server thread/INFO] [net.minecraft.server.MinecraftServer/]: [Chunky] Task running for minecraft:overworld. Processed: 69737 chunks (3.10%), ETA: 127:56:34, Rate: 4.7 cps, Current: -116, 7
[25Aug2026 11:31:47.916] [Server thread/INFO] [net.minecraft.server.MinecraftServer/]: [Chunky] Task running for minecraft:overworld. Processed: 69745 chunks (3.10%), ETA: 127:55:44, Rate: 4.7 cps, Current: -115, 9
[25Aug2026 11:31:49.207] [Server thread/INFO] [net.minecraft.server.MinecraftServer/]: [Chunky] Task running for minecraft:overworld. Processed: 69752 chunks (3.10%), ETA: 127:04:33, Rate: 4.8 cps, Current: -115, 11
[25Aug2026 11:31:50.696] [Server thread/INFO] [net.minecraft.server.MinecraftServer/]: [Chunky] Task running for minecraft:overworld. Processed: 69755 chunks (3.10%), ETA: 130:56:27, Rate: 4.6 cps, Current: -114, 12
[25Aug2026 11:31:51.921] [Server thread/INFO] [net.minecraft.server.MinecraftServer/]: [Chunky] Task running for minecraft:overworld. Processed: 69756 chunks (3.10%), ETA: 133:16:12, Rate: 4.6 cps, Current: -125, 0
[25Aug2026 11:31:53.222] [Server thread/INFO] [net.minecraft.server.MinecraftServer/]: [Chunky] Task running for minecraft:overworld. Processed: 69764 chunks (3.10%), ETA: 128:15:38, Rate: 4.7 cps, Current: -115, 13
[25Aug2026 11:31:55.654] [Server thread/INFO] [net.minecraft.server.MinecraftServer/]: [Chunky] Task running for minecraft:overworld. Processed: 69769 chunks (3.10%), ETA: 128:11:18, Rate: 4.7 cps, Current: -116, 14
[25Aug2026 11:31:57.055] [Server thread/INFO] [net.minecraft.server.MinecraftServer/]: [Chunky] Task running for minecraft:overworld. Processed: 69787 chunks (3.10%), ETA: 124:49:43, Rate: 4.9 cps, Current: -119, 11
[25Aug2026 11:31:58.495] [Server thread/INFO] [net.minecraft.server.MinecraftServer/]: [Chunky] Task running for minecraft:overworld. Processed: 69795 chunks (3.10%), ETA: 120:50:07, Rate: 5.0 cps, Current: -120, 12
[25Aug2026 11:31:59.869] [Server thread/INFO] [net.minecraft.server.MinecraftServer/]: [Chunky] Task running for minecraft:overworld. Processed: 69801 chunks (3.10%), ETA: 121:33:41, Rate: 5.0 cps, Current: -121, 10
[25Aug2026 11:32:00.998] [Server thread/INFO] [net.minecraft.server.MinecraftServer/]: [Chunky] Task running for minecraft:overworld. Processed: 69812 chunks (3.10%), ETA: 117:05:00, Rate: 5.2 cps, Current: -119, 14
[25Aug2026 11:32:02.303] [Server thread/INFO] [net.minecraft.server.MinecraftServer/]: [Chunky] Task running for minecraft:overworld. Processed: 69817 chunks (3.10%), ETA: 123:03:40, Rate: 4.9 cps, Current: -124, 9
[25Aug2026 11:32:03.449] [Server thread/INFO] [net.minecraft.server.MinecraftServer/]: [Chunky] Task running for minecraft:overworld. Processed: 69824 chunks (3.10%), ETA: 124:19:26, Rate: 4.9 cps, Current: -123, 12
[25Aug2026 11:32:04.640] [Server thread/INFO] [net.minecraft.server.MinecraftServer/]: [Chunky] Task running for minecraft:overworld. Processed: 69828 chunks (3.10%), ETA: 123:44:33, Rate: 4.9 cps, Current: -124, 10
[25Aug2026 11:32:05.975] [Server thread/INFO] [net.minecraft.server.MinecraftServer/]: [Chunky] Task running for minecraft:overworld. Processed: 69837 chunks (3.10%), ETA: 121:16:12, Rate: 5.0 cps, Current: -127, 10
[25Aug2026 11:32:07.006] [Server thread/INFO] [net.minecraft.server.MinecraftServer/]: [Chunky] Task running for minecraft:overworld. Processed: 69841 chunks (3.10%), ETA: 120:51:06, Rate: 5.0 cps, Current: -125, 13
[25Aug2026 11:32:08.792] [Server thread/INFO] [net.minecraft.server.MinecraftServer/]: [Chunky] Task running for minecraft:overworld. Processed: 69847 chunks (3.10%), ETA: 128:16:08, Rate: 4.7 cps, Current: -127, 11
[25Aug2026 11:32:10.717] [Server thread/INFO] [net.minecraft.server.MinecraftServer/]: [Chunky] Task running for minecraft:overworld. Processed: 69851 chunks (3.10%), ETA: 123:11:17, Rate: 4.9 cps, Current: -127, 15
[25Aug2026 11:32:12.440] [Server thread/INFO] [net.minecraft.server.MinecraftServer/]: [Chunky] Task running for minecraft:overworld. Processed: 69854 chunks (3.10%), ETA: 128:11:24, Rate: 4.7 cps, Current: -127, 18
[25Aug2026 11:32:13.441] [Server thread/INFO] [net.minecraft.server.MinecraftServer/]: [Chunky] Task running for minecraft:overworld. Processed: 69863 chunks (3.10%), ETA: 124:23:36, Rate: 4.9 cps, Current: -124, 16
[25Aug2026 11:32:14.636] [Server thread/INFO] [net.minecraft.server.MinecraftServer/]: [Chunky] Task running for minecraft:overworld. Processed: 69868 chunks (3.10%), ETA: 129:51:31, Rate: 4.7 cps, Current: -113, 1
[25Aug2026 11:32:15.727] [Server thread/INFO] [net.minecraft.server.MinecraftServer/]: [Chunky] Task running for minecraft:overworld. Processed: 69873 chunks (3.10%), ETA: 130:33:45, Rate: 4.6 cps, Current: -125, 18
[25Aug2026 11:32:17.694] [Server thread/INFO] [net.minecraft.server.MinecraftServer/]: [Chunky] Task running for minecraft:overworld. Processed: 69877 chunks (3.10%), ETA: 135:46:29, Rate: 4.5 cps, Current: -113, 2
[25Aug2026 11:32:18.930] [Server thread/INFO] [net.minecraft.server.MinecraftServer/]: [Chunky] Task running for minecraft:overworld. Processed: 69884 chunks (3.10%), ETA: 135:31:25, Rate: 4.5 cps, Current: -123, 20
[25Aug2026 11:32:20.044] [Server thread/INFO] [net.minecraft.server.MinecraftServer/]: [Chunky] Task running for minecraft:overworld. Processed: 69886 chunks (3.10%), ETA: 134:49:22, Rate: 4.5 cps, Current: -122, 21
[25Aug2026 11:32:21.126] [Server thread/INFO] [net.minecraft.server.MinecraftServer/]: [Chunky] Task running for minecraft:overworld. Processed: 69891 chunks (3.10%), ETA: 130:13:26, Rate: 4.7 cps, Current: -124, 19
[25Aug2026 11:32:22.273] [Server thread/INFO] [net.minecraft.server.MinecraftServer/]: [Chunky] Task running for minecraft:overworld. Processed: 69896 chunks (3.10%), ETA: 132:27:48, Rate: 4.6 cps, Current: -125, 19
[25Aug2026 11:32:23.325] [Server thread/INFO] [net.minecraft.server.MinecraftServer/]: [Chunky] Task running for minecraft:overworld. Processed: 69905 chunks (3.10%), ETA: 122:28:57, Rate: 5.0 cps, Current: -127, 20
[25Aug2026 11:32:24.374] [Server thread/INFO] [net.minecraft.server.MinecraftServer/]: [Chunky] Task running for minecraft:overworld. Processed: 69909 chunks (3.10%), ETA: 123:31:25, Rate: 4.9 cps, Current: -127, 22
[25Aug2026 11:32:26.181] [Server thread/INFO] [net.minecraft.server.MinecraftServer/]: [Chunky] Task running for minecraft:overworld. Processed: 69913 chunks (3.10%), ETA: 139:04:26, Rate: 4.4 cps, Current: -126, 24
[25Aug2026 11:32:27.238] [Server thread/INFO] [net.minecraft.server.MinecraftServer/]: [Chunky] Task running for minecraft:overworld. Processed: 69916 chunks (3.10%), ETA: 142:52:11, Rate: 4.2 cps, Current: -126, 25
[25Aug2026 11:32:28.301] [Server thread/INFO] [net.minecraft.server.MinecraftServer/]: [Chunky] Task running for minecraft:overworld. Processed: 69921 chunks (3.10%), ETA: 142:19:13, Rate: 4.3 cps, Current: -127, 25
[25Aug2026 11:32:29.772] [Server thread/INFO] [net.minecraft.server.MinecraftServer/]: [Chunky] Task running for minecraft:overworld. Processed: 69924 chunks (3.10%), ETA: 146:14:16, Rate: 4.1 cps, Current: -127, 26
[25Aug2026 11:32:31.454] [Server thread/INFO] [net.minecraft.server.MinecraftServer/]: [Chunky] Task running for minecraft:overworld. Processed: 69925 chunks (3.10%), ETA: 162:10:42, Rate: 3.7 cps, Current: -118, 15
[25Aug2026 11:32:32.681] [Server thread/INFO] [net.minecraft.server.MinecraftServer/]: [Chunky] Task running for minecraft:overworld. Processed: 69929 chunks (3.10%), ETA: 167:14:55, Rate: 3.6 cps, Current: -127, 27
[25Aug2026 11:32:33.846] [Server thread/INFO] [net.minecraft.server.MinecraftServer/]: [Chunky] Task running for minecraft:overworld. Processed: 69935 chunks (3.10%), ETA: 163:59:37, Rate: 3.7 cps, Current: -126, 27
[25Aug2026 11:32:35.424] [Server thread/INFO] [net.minecraft.server.MinecraftServer/]: [Chunky] Task running for minecraft:overworld. Processed: 69942 chunks (3.10%), ETA: 168:28:19, Rate: 3.6 cps, Current: -125, 25
[25Aug2026 11:32:38.433] [Server thread/INFO] [net.minecraft.server.MinecraftServer/]: [Chunky] Task running for minecraft:overworld. Processed: 69950 chunks (3.10%), ETA: 172:49:50, Rate: 3.5 cps, Current: -123, 23
[25Aug2026 11:32:39.804] [Server thread/INFO] [net.minecraft.server.MinecraftServer/]: [Chunky] Task running for minecraft:overworld. Processed: 69972 chunks (3.11%), ETA: 144:34:33, Rate: 4.2 cps, Current: -128, 9
[25Aug2026 11:32:40.824] [Server thread/INFO] [net.minecraft.server.MinecraftServer/]: [Chunky] Task running for minecraft:overworld. Processed: 69975 chunks (3.11%), ETA: 141:04:53, Rate: 4.3 cps, Current: -121, 18
[25Aug2026 11:32:41.870] [Server thread/INFO] [net.minecraft.server.MinecraftServer/]: [Chunky] Task running for minecraft:overworld. Processed: 69981 chunks (3.11%), ETA: 139:25:24, Rate: 4.3 cps, Current: -121, 24
[25Aug2026 11:32:42.889] [Server thread/INFO] [net.minecraft.server.MinecraftServer/]: [Chunky] Task running for minecraft:overworld. Processed: 69983 chunks (3.11%), ETA: 147:34:27, Rate: 4.1 cps, Current: -121, 25
[25Aug2026 11:32:44.380] [Server thread/INFO] [net.minecraft.server.MinecraftServer/]: [Chunky] Task running for minecraft:overworld. Processed: 69986 chunks (3.11%), ETA: 151:34:22, Rate: 4.0 cps, Current: -121, 26
[25Aug2026 11:32:45.959] [Server thread/INFO] [net.minecraft.server.MinecraftServer/]: [Chunky] Task running for minecraft:overworld. Processed: 69993 chunks (3.11%), ETA: 146:29:15, Rate: 4.1 cps, Current: -121, 28
[25Aug2026 11:32:47.068] [Server thread/INFO] [net.minecraft.server.MinecraftServer/]: [Chunky] Task running for minecraft:overworld. Processed: 70005 chunks (3.11%), ETA: 138:04:40, Rate: 4.4 cps, Current: -118, 30
[25Aug2026 11:32:48.347] [Server thread/INFO] [net.minecraft.server.MinecraftServer/]: [Chunky] Task running for minecraft:overworld. Processed: 70008 chunks (3.11%), ETA: 142:42:16, Rate: 4.2 cps, Current: -117, 30
[25Aug2026 11:32:49.854] [Server thread/INFO] [net.minecraft.server.MinecraftServer/]: [Chunky] Task running for minecraft:overworld. Processed: 70011 chunks (3.11%), ETA: 143:28:05, Rate: 4.2 cps, Current: -128, 10
[25Aug2026 11:32:51.335] [Server thread/INFO] [net.minecraft.server.MinecraftServer/]: [Chunky] Task running for minecraft:overworld. Processed: 70016 chunks (3.11%), ETA: 145:38:33, Rate: 4.2 cps, Current: -128, 13
[25Aug2026 11:32:52.947] [Server thread/INFO] [net.minecraft.server.MinecraftServer/]: [Chunky] Task running for minecraft:overworld. Processed: 70022 chunks (3.11%), ETA: 152:13:40, Rate: 4.0 cps, Current: -128, 15
[25Aug2026 11:32:53.956] [Server thread/INFO] [net.minecraft.server.MinecraftServer/]: [Chunky] Task running for minecraft:overworld. Processed: 70031 chunks (3.11%), ETA: 145:50:13, Rate: 4.2 cps, Current: -128, 17
[25Aug2026 11:32:54.978] [Server thread/INFO] [net.minecraft.server.MinecraftServer/]: [Chunky] Task running for minecraft:overworld. Processed: 70036 chunks (3.11%), ETA: 140:49:18, Rate: 4.3 cps, Current: -114, 26
[25Aug2026 11:32:56.352] [Server thread/INFO] [net.minecraft.server.MinecraftServer/]: [Chunky] Task running for minecraft:overworld. Processed: 70042 chunks (3.11%), ETA: 139:00:30, Rate: 4.4 cps, Current: -115, 24
[25Aug2026 11:32:59.096] [Server thread/INFO] [net.minecraft.server.MinecraftServer/]: [Chunky] Task running for minecraft:overworld. Processed: 70043 chunks (3.11%), ETA: 148:10:42, Rate: 4.1 cps, Current: -115, 21
[25Aug2026 11:33:00.348] [Server thread/INFO] [net.minecraft.server.MinecraftServer/]: [Chunky] Task running for minecraft:overworld. Processed: 70082 chunks (3.11%), ETA: 110:52:50, Rate: 5.5 cps, Current: -117, 16
[25Aug2026 11:33:01.043] [Server thread/WARN] [net.minecraft.world.level.chunk.LevelChunk/]: Tried to load a block entity for block Block{minecraft:smithing_table} but failed at location BlockPos{x=-2020, y=176, z=214}
[25Aug2026 11:33:01.048] [Server thread/WARN] [net.minecraft.world.level.chunk.LevelChunk/]: Tried to load a block entity for block Block{minecraft:smithing_table} but failed at location BlockPos{x=-2016, y=184, z=216}
[25Aug2026 11:33:01.446] [Server thread/INFO] [net.minecraft.server.MinecraftServer/]: [Chunky] Task running for minecraft:overworld. Processed: 70103 chunks (3.11%), ETA: 101:35:39, Rate: 6.0 cps, Current: -128, 20
[25Aug2026 11:33:03.377] [Server thread/INFO] [net.minecraft.server.MinecraftServer/]: [Chunky] Task running for minecraft:overworld. Processed: 70108 chunks (3.11%), ETA: 102:54:37, Rate: 5.9 cps, Current: -112, 17
[25Aug2026 11:33:04.816] [Server thread/INFO] [net.minecraft.server.MinecraftServer/]: [Chunky] Task running for minecraft:overworld. Processed: 70112 chunks (3.11%), ETA: 104:13:21, Rate: 5.8 cps, Current: -110, 18
[25Aug2026 11:33:06.338] [Server thread/INFO] [net.minecraft.server.MinecraftServer/]: [Chunky] Task running for minecraft:overworld. Processed: 70115 chunks (3.11%), ETA: 101:55:35, Rate: 5.9 cps, Current: -128, 23
[25Aug2026 11:33:07.809] [Server thread/INFO] [net.minecraft.server.MinecraftServer/]: [Chunky] Task running for minecraft:overworld. Processed: 70119 chunks (3.11%), ETA: 104:46:42, Rate: 5.8 cps, Current: -128, 27
[25Aug2026 11:33:09.086] [Server thread/INFO] [net.minecraft.server.MinecraftServer/]: [Chunky] Task running for minecraft:overworld. Processed: 70127 chunks (3.11%), ETA: 113:48:56, Rate: 5.3 cps, Current: -109, 18
[25Aug2026 11:33:10.183] [Server thread/INFO] [net.minecraft.server.MinecraftServer/]: [Chunky] Task running for minecraft:overworld. Processed: 70132 chunks (3.11%), ETA: 112:40:12, Rate: 5.4 cps, Current: -112, 19
[25Aug2026 11:33:11.423] [Server thread/INFO] [net.minecraft.server.MinecraftServer/]: [Chunky] Task running for minecraft:overworld. Processed: 70136 chunks (3.11%), ETA: 114:52:06, Rate: 5.3 cps, Current: -113, 20
[25Aug2026 11:33:12.532] [Server thread/INFO] [net.minecraft.server.MinecraftServer/]: [Chunky] Task running for minecraft:overworld. Processed: 70144 chunks (3.11%), ETA: 110:57:15, Rate: 5.5 cps, Current: -107, 21
[25Aug2026 11:33:13.932] [Server thread/INFO] [net.minecraft.server.MinecraftServer/]: [Chunky] Task running for minecraft:overworld. Processed: 70147 chunks (3.11%), ETA: 110:36:35, Rate: 5.5 cps, Current: -106, 22
[25Aug2026 11:33:14.991] [Server thread/INFO] [net.minecraft.server.MinecraftServer/]: [Chunky] Task running for minecraft:overworld. Processed: 70164 chunks (3.11%), ETA: 102:20:42, Rate: 5.9 cps, Current: -127, 31
[25Aug2026 11:33:16.201] [Server thread/INFO] [net.minecraft.server.MinecraftServer/]: [Chunky] Task running for minecraft:overworld. Processed: 70171 chunks (3.11%), ETA: 105:46:32, Rate: 5.7 cps, Current: -110, 23
[25Aug2026 11:33:17.219] [Server thread/INFO] [net.minecraft.server.MinecraftServer/]: [Chunky] Task running for minecraft:overworld. Processed: 70181 chunks (3.12%), ETA: 100:36:37, Rate: 6.0 cps, Current: -113, 27
[25Aug2026 11:33:18.507] [Server thread/INFO] [net.minecraft.server.MinecraftServer/]: [Chunky] Task running for minecraft:overworld. Processed: 70188 chunks (3.12%), ETA: 97:36:11, Rate: 6.2 cps, Current: -112, 30
[25Aug2026 11:33:19.636] [Server thread/INFO] [net.minecraft.server.MinecraftServer/]: [Chunky] Task running for minecraft:overworld. Processed: 70198 chunks (3.12%), ETA: 96:03:08, Rate: 6.3 cps, Current: -109, 27
[25Aug2026 11:33:20.902] [Server thread/INFO] [net.minecraft.server.MinecraftServer/]: [Chunky] Task running for minecraft:overworld. Processed: 70206 chunks (3.12%), ETA: 93:51:38, Rate: 6.5 cps, Current: -108, 29
[25Aug2026 11:33:21.951] [Server thread/INFO] [net.minecraft.server.MinecraftServer/]: [Chunky] Task running for minecraft:overworld. Processed: 70214 chunks (3.12%), ETA: 91:07:08, Rate: 6.7 cps, Current: -108, 27
[25Aug2026 11:33:22.979] [Server thread/INFO] [net.minecraft.server.MinecraftServer/]: [Chunky] Task running for minecraft:overworld. Processed: 70227 chunks (3.12%), ETA: 89:19:36, Rate: 6.8 cps, Current: -106, 29
[25Aug2026 11:33:24.944] [Server thread/INFO] [net.minecraft.server.MinecraftServer/]: [Chunky] Task running for minecraft:overworld. Processed: 70229 chunks (3.12%), ETA: 93:39:19, Rate: 6.5 cps, Current: -126, 31
[25Aug2026 11:33:25.973] [Server thread/INFO] [net.minecraft.server.MinecraftServer/]: [Chunky] Task running for minecraft:overworld. Processed: 70237 chunks (3.12%), ETA: 91:37:44, Rate: 6.6 cps, Current: -102, 25
[25Aug2026 11:33:27.101] [Server thread/INFO] [net.minecraft.server.MinecraftServer/]: [Chunky] Task running for minecraft:overworld. Processed: 70247 chunks (3.12%), ETA: 82:49:45, Rate: 7.3 cps, Current: -105, 28
[25Aug2026 11:33:28.420] [Server thread/INFO] [net.minecraft.server.MinecraftServer/]: [Chunky] Task running for minecraft:overworld. Processed: 70251 chunks (3.12%), ETA: 85:04:13, Rate: 7.1 cps, Current: -104, 29
[25Aug2026 11:33:29.579] [Server thread/INFO] [net.minecraft.server.MinecraftServer/]: [Chunky] Task running for minecraft:overworld. Processed: 70270 chunks (3.12%), ETA: 93:46:47, Rate: 6.5 cps, Current: -100, 30
[25Aug2026 11:33:31.325] [Server thread/INFO] [net.minecraft.server.MinecraftServer/]: [Chunky] Task running for minecraft:overworld. Processed: 70283 chunks (3.12%), ETA: 100:05:17, Rate: 6.1 cps, Current: -97, 27
[25Aug2026 11:33:32.507] [Server thread/INFO] [net.minecraft.server.MinecraftServer/]: [Chunky] Task running for minecraft:overworld. Processed: 70302 chunks (3.12%), ETA: 90:34:21, Rate: 6.7 cps, Current: -97, 24
[25Aug2026 11:33:33.999] [Server thread/INFO] [net.minecraft.server.MinecraftServer/]: [Chunky] Task running for minecraft:overworld. Processed: 70316 chunks (3.12%), ETA: 86:18:38, Rate: 7.0 cps, Current: -99, 23
[25Aug2026 11:33:35.123] [Server thread/INFO] [net.minecraft.server.MinecraftServer/]: [Chunky] Task running for minecraft:overworld. Processed: 70333 chunks (3.12%), ETA: 79:41:36, Rate: 7.6 cps, Current: -103, 21
[25Aug2026 11:33:36.257] [Server thread/INFO] [net.minecraft.server.MinecraftServer/]: [Chunky] Task running for minecraft:overworld. Processed: 70352 chunks (3.12%), ETA: 76:13:00, Rate: 8.0 cps, Current: -97, 19
[25Aug2026 11:33:37.354] [Server thread/INFO] [net.minecraft.server.MinecraftServer/]: [Chunky] Task running for minecraft:overworld. Processed: 70371 chunks (3.12%), ETA: 70:48:04, Rate: 8.6 cps, Current: -103, 17
[25Aug2026 11:33:38.485] [Server thread/INFO] [net.minecraft.server.MinecraftServer/]: [Chunky] Task running for minecraft:overworld. Processed: 70385 chunks (3.12%), ETA: 68:49:07, Rate: 8.8 cps, Current: -97, 15
[25Aug2026 11:33:39.898] [Server thread/INFO] [net.minecraft.server.MinecraftServer/]: [Chunky] Task running for minecraft:overworld. Processed: 70394 chunks (3.12%), ETA: 68:29:53, Rate: 8.9 cps, Current: -99, 14
[25Aug2026 11:33:41.039] [Server thread/INFO] [net.minecraft.server.MinecraftServer/]: [Chunky] Task running for minecraft:overworld. Processed: 70399 chunks (3.12%), ETA: 68:00:39, Rate: 8.9 cps, Current: -99, 11
[25Aug2026 11:33:42.252] [Server thread/INFO] [net.minecraft.server.MinecraftServer/]: [Chunky] Task running for minecraft:overworld. Processed: 70408 chunks (3.13%), ETA: 67:59:39, Rate: 8.9 cps, Current: -101, 13
[25Aug2026 11:33:43.307] [Server thread/INFO] [net.minecraft.server.MinecraftServer/]: [Chunky] Task running for minecraft:overworld. Processed: 70420 chunks (3.13%), ETA: 64:59:50, Rate: 9.3 cps, Current: -102, 10
[25Aug2026 11:33:44.324] [Server thread/INFO] [net.minecraft.server.MinecraftServer/]: [Chunky] Task running for minecraft:overworld. Processed: 70425 chunks (3.13%), ETA: 67:52:36, Rate: 8.9 cps, Current: -103, 15
[25Aug2026 11:33:45.642] [Server thread/INFO] [net.minecraft.server.MinecraftServer/]: [Chunky] Task running for minecraft:overworld. Processed: 70428 chunks (3.13%), ETA: 69:10:58, Rate: 8.8 cps, Current: -104, 14
[25Aug2026 11:33:46.677] [Server thread/INFO] [net.minecraft.server.MinecraftServer/]: [Chunky] Task running for minecraft:overworld. Processed: 70437 chunks (3.13%), ETA: 69:29:31, Rate: 8.7 cps, Current: -108, 15
[25Aug2026 11:33:48.937] [Server thread/INFO] [net.minecraft.server.MinecraftServer/]: [Chunky] Task running for minecraft:overworld. Processed: 70447 chunks (3.13%), ETA: 71:03:24, Rate: 8.5 cps, Current: -112, 14
[25Aug2026 11:33:49.968] [Server thread/INFO] [net.minecraft.server.MinecraftServer/]: [Chunky] Task running for minecraft:overworld. Processed: 70465 chunks (3.13%), ETA: 67:46:30, Rate: 8.9 cps, Current: -108, 31
[25Aug2026 11:33:51.344] [Server thread/INFO] [net.minecraft.server.MinecraftServer/]: [Chunky] Task running for minecraft:overworld. Processed: 70470 chunks (3.13%), ETA: 69:20:15, Rate: 8.7 cps, Current: -110, 12
[25Aug2026 11:33:52.674] [Server thread/INFO] [net.minecraft.server.MinecraftServer/]: [Chunky] Task running for minecraft:overworld. Processed: 70482 chunks (3.13%), ETA: 70:19:15, Rate: 8.6 cps, Current: -106, 11
[25Aug2026 11:33:54.780] [Server thread/INFO] [net.minecraft.server.MinecraftServer/]: [Chunky] Task running for minecraft:overworld. Processed: 70497 chunks (3.13%), ETA: 67:14:31, Rate: 9.0 cps, Current: -105, 9
[25Aug2026 11:33:57.503] [Server thread/INFO] [net.minecraft.server.MinecraftServer/]: [Chunky] Task running for minecraft:overworld. Processed: 70505 chunks (3.13%), ETA: 69:08:35, Rate: 8.8 cps, Current: -112, 8
[25Aug2026 11:33:58.529] [Server thread/INFO] [net.minecraft.server.MinecraftServer/]: [Chunky] Task running for minecraft:overworld. Processed: 70518 chunks (3.13%), ETA: 70:29:06, Rate: 8.6 cps, Current: -107, 5
[25Aug2026 11:33:59.532] [Server thread/INFO] [net.minecraft.server.MinecraftServer/]: [Chunky] Task running for minecraft:overworld. Processed: 70541 chunks (3.13%), ETA: 66:45:35, Rate: 9.1 cps, Current: -110, 1
[25Aug2026 11:34:00.628] [Server thread/INFO] [net.minecraft.server.MinecraftServer/]: [Chunky] Task running for minecraft:overworld. Processed: 70565 chunks (3.13%), ETA: 62:46:26, Rate: 9.7 cps, Current: -106, 4
[25Aug2026 11:34:01.705] [Server thread/INFO] [net.minecraft.server.MinecraftServer/]: [Chunky] Task running for minecraft:overworld. Processed: 70578 chunks (3.13%), ETA: 63:54:04, Rate: 9.5 cps, Current: -104, 8
[25Aug2026 11:34:03.167] [Server thread/INFO] [net.minecraft.server.MinecraftServer/]: [Chunky] Task running for minecraft:overworld. Processed: 70583 chunks (3.13%), ETA: 65:58:45, Rate: 9.2 cps, Current: -102, 8
[25Aug2026 11:34:04.363] [Server thread/INFO] [net.minecraft.server.MinecraftServer/]: [Chunky] Task running for minecraft:overworld. Processed: 70613 chunks (3.13%), ETA: 63:04:52, Rate: 9.6 cps, Current: -97, 5
[25Aug2026 11:34:05.402] [Server thread/INFO] [net.minecraft.server.MinecraftServer/]: [Chunky] Task running for minecraft:overworld. Processed: 70619 chunks (3.13%), ETA: 65:55:42, Rate: 9.2 cps, Current: -102, 4
[25Aug2026 11:34:06.430] [Server thread/INFO] [net.minecraft.server.MinecraftServer/]: [Chunky] Task running for minecraft:overworld. Processed: 70653 chunks (3.14%), ETA: 62:16:58, Rate: 9.7 cps, Current: -100, 31
[25Aug2026 11:34:10.450] [Server thread/INFO] [net.minecraft.server.MinecraftServer/]: [Chunky] Task running for minecraft:overworld. Processed: 70657 chunks (3.14%), ETA: 68:50:26, Rate: 8.8 cps, Current: -125, 34
[25Aug2026 11:34:13.106] [Server thread/INFO] [net.minecraft.server.MinecraftServer/]: [Chunky] Task running for minecraft:overworld. Processed: 70659 chunks (3.14%), ETA: 75:16:05, Rate: 8.1 cps, Current: -125, 36
[25Aug2026 11:34:14.872] [Server thread/INFO] [net.minecraft.server.MinecraftServer/]: [Chunky] Task running for minecraft:overworld. Processed: 70666 chunks (3.14%), ETA: 74:08:13, Rate: 8.2 cps, Current: -126, 37
[25Aug2026 11:34:16.052] [Server thread/INFO] [net.minecraft.server.MinecraftServer/]: [Chunky] Task running for minecraft:overworld. Processed: 70669 chunks (3.14%), ETA: 76:25:33, Rate: 7.9 cps, Current: -123, 34
[25Aug2026 11:34:17.324] [Server thread/INFO] [net.minecraft.server.MinecraftServer/]: [Chunky] Task running for minecraft:overworld. Processed: 70680 chunks (3.14%), ETA: 73:32:12, Rate: 8.2 cps, Current: -127, 36
[25Aug2026 11:34:18.490] [Server thread/INFO] [net.minecraft.server.MinecraftServer/]: [Chunky] Task running for minecraft:overworld. Processed: 70685 chunks (3.14%), ETA: 74:57:20, Rate: 8.1 cps, Current: -120, 32
[25Aug2026 11:34:19.494] [Server thread/INFO] [net.minecraft.server.MinecraftServer/]: [Chunky] Task running for minecraft:overworld. Processed: 70691 chunks (3.14%), ETA: 78:50:54, Rate: 7.7 cps, Current: -125, 38
[25Aug2026 11:34:20.750] [Server thread/INFO] [net.minecraft.server.MinecraftServer/]: [Chunky] Task running for minecraft:overworld. Processed: 70697 chunks (3.14%), ETA: 78:10:59, Rate: 7.8 cps, Current: -122, 37
[25Aug2026 11:34:22.834] [Server thread/INFO] [net.minecraft.server.MinecraftServer/]: [Chunky] Task running for minecraft:overworld. Processed: 70702 chunks (3.14%), ETA: 82:33:15, Rate: 7.3 cps, Current: -115, 32
[25Aug2026 11:34:24.028] [Server thread/INFO] [net.minecraft.server.MinecraftServer/]: [Chunky] Task running for minecraft:overworld. Processed: 70716 chunks (3.14%), ETA: 80:35:24, Rate: 7.5 cps, Current: -114, 34
[25Aug2026 11:34:25.977] [Server thread/INFO] [net.minecraft.server.MinecraftServer/]: [Chunky] Task running for minecraft:overworld. Processed: 70724 chunks (3.14%), ETA: 78:27:26, Rate: 7.7 cps, Current: -116, 36
[25Aug2026 11:34:26.981] [Server thread/INFO] [net.minecraft.server.MinecraftServer/]: [Chunky] Task running for minecraft:overworld. Processed: 70742 chunks (3.14%), ETA: 75:04:48, Rate: 8.1 cps, Current: -120, 38
[25Aug2026 11:34:28.444] [Server thread/INFO] [net.minecraft.server.MinecraftServer/]: [Chunky] Task running for minecraft:overworld. Processed: 70743 chunks (3.14%), ETA: 80:14:19, Rate: 7.6 cps, Current: -119, 38
[25Aug2026 11:34:29.476] [Server thread/INFO] [net.minecraft.server.MinecraftServer/]: [Chunky] Task running for minecraft:overworld. Processed: 70749 chunks (3.14%), ETA: 86:50:57, Rate: 7.0 cps, Current: -119, 39
[25Aug2026 11:34:30.618] [Server thread/INFO] [net.minecraft.server.MinecraftServer/]: [Chunky] Task running for minecraft:overworld. Processed: 70755 chunks (3.14%), ETA: 95:10:46, Rate: 6.4 cps, Current: -118, 41
[25Aug2026 11:34:31.744] [Server thread/INFO] [net.minecraft.server.MinecraftServer/]: [Chunky] Task running for minecraft:overworld. Processed: 70764 chunks (3.14%), ETA: 95:10:47, Rate: 6.4 cps, Current: -114, 40
[25Aug2026 11:34:32.909] [Server thread/INFO] [net.minecraft.server.MinecraftServer/]: [Chunky] Task running for minecraft:overworld. Processed: 70773 chunks (3.14%), ETA: 94:23:30, Rate: 6.4 cps, Current: -128, 33
[25Aug2026 11:34:34.229] [Server thread/INFO] [net.minecraft.server.MinecraftServer/]: [Chunky] Task running for minecraft:overworld. Processed: 70774 chunks (3.14%), ETA: 111:45:11, Rate: 5.4 cps, Current: -115, 43
[25Aug2026 11:34:35.254] [Server thread/INFO] [net.minecraft.server.MinecraftServer/]: [Chunky] Task running for minecraft:overworld. Processed: 70784 chunks (3.14%), ETA: 109:00:30, Rate: 5.6 cps, Current: -114, 44
[25Aug2026 11:34:36.493] [Server thread/INFO] [net.minecraft.server.MinecraftServer/]: [Chunky] Task running for minecraft:overworld. Processed: 70786 chunks (3.14%), ETA: 121:26:04, Rate: 5.0 cps, Current: -115, 45
[25Aug2026 11:34:37.700] [Server thread/INFO] [net.minecraft.server.MinecraftServer/]: [Chunky] Task running for minecraft:overworld. Processed: 70794 chunks (3.14%), ETA: 119:41:46, Rate: 5.1 cps, Current: -117, 44
[25Aug2026 11:34:38.922] [Server thread/INFO] [net.minecraft.server.MinecraftServer/]: [Chunky] Task running for minecraft:overworld. Processed: 70803 chunks (3.14%), ETA: 117:24:23, Rate: 5.2 cps, Current: -118, 46
[25Aug2026 11:34:40.085] [Server thread/INFO] [net.minecraft.server.MinecraftServer/]: [Chunky] Task running for minecraft:overworld. Processed: 70813 chunks (3.14%), ETA: 114:25:05, Rate: 5.3 cps, Current: -121, 39
[25Aug2026 11:34:41.207] [Server thread/INFO] [net.minecraft.server.MinecraftServer/]: [Chunky] Task running for minecraft:overworld. Processed: 70828 chunks (3.14%), ETA: 100:11:53, Rate: 6.0 cps, Current: -122, 46
[25Aug2026 11:34:42.281] [Server thread/INFO] [net.minecraft.server.MinecraftServer/]: [Chunky] Task running for minecraft:overworld. Processed: 70838 chunks (3.14%), ETA: 98:14:52, Rate: 6.2 cps, Current: -124, 39
[25Aug2026 11:34:43.477] [Server thread/INFO] [net.minecraft.server.MinecraftServer/]: [Chunky] Task running for minecraft:overworld. Processed: 70848 chunks (3.14%), ETA: 94:45:07, Rate: 6.4 cps, Current: -126, 41
[25Aug2026 11:34:44.558] [Server thread/INFO] [net.minecraft.server.MinecraftServer/]: [Chunky] Task running for minecraft:overworld. Processed: 70857 chunks (3.15%), ETA: 93:43:11, Rate: 6.5 cps, Current: -124, 44
[25Aug2026 11:34:45.817] [Server thread/INFO] [net.minecraft.server.MinecraftServer/]: [Chunky] Task running for minecraft:overworld. Processed: 70868 chunks (3.15%), ETA: 90:12:35, Rate: 6.7 cps, Current: -127, 45
[25Aug2026 11:34:47.393] [Server thread/INFO] [net.minecraft.server.MinecraftServer/]: [Chunky] Task running for minecraft:overworld. Processed: 70870 chunks (3.15%), ETA: 94:11:38, Rate: 6.4 cps, Current: -128, 35
[25Aug2026 11:34:48.584] [Server thread/INFO] [net.minecraft.server.MinecraftServer/]: [Chunky] Task running for minecraft:overworld. Processed: 70877 chunks (3.15%), ETA: 94:17:34, Rate: 6.4 cps, Current: -113, 34
[25Aug2026 11:34:49.645] [Server thread/INFO] [net.minecraft.server.MinecraftServer/]: [Chunky] Task running for minecraft:overworld. Processed: 70888 chunks (3.15%), ETA: 91:13:16, Rate: 6.6 cps, Current: -124, 47
[25Aug2026 11:34:50.722] [Server thread/INFO] [net.minecraft.server.MinecraftServer/]: [Chunky] Task running for minecraft:overworld. Processed: 70898 chunks (3.15%), ETA: 89:56:01, Rate: 6.7 cps, Current: -125, 50
[25Aug2026 11:34:51.750] [Server thread/INFO] [net.minecraft.server.MinecraftServer/]: [Chunky] Task running for minecraft:overworld. Processed: 70904 chunks (3.15%), ETA: 86:20:25, Rate: 7.0 cps, Current: -122, 51
[25Aug2026 11:34:52.971] [Server thread/INFO] [net.minecraft.server.MinecraftServer/]: [Chunky] Task running for minecraft:overworld. Processed: 70906 chunks (3.15%), ETA: 91:50:50, Rate: 6.6 cps, Current: -113, 35
[25Aug2026 11:34:53.971] [Server thread/INFO] [net.minecraft.server.MinecraftServer/]: [Chunky] Task running for minecraft:overworld. Processed: 70912 chunks (3.15%), ETA: 92:07:46, Rate: 6.6 cps, Current: -113, 41
[25Aug2026 11:34:55.156] [Server thread/INFO] [net.minecraft.server.MinecraftServer/]: [Chunky] Task running for minecraft:overworld. Processed: 70922 chunks (3.15%), ETA: 88:52:34, Rate: 6.8 cps, Current: -125, 51
[25Aug2026 11:34:56.557] [Server thread/INFO] [net.minecraft.server.MinecraftServer/]: [Chunky] Task running for minecraft:overworld. Processed: 70933 chunks (3.15%), ETA: 93:22:09, Rate: 6.5 cps, Current: -127, 54
[25Aug2026 11:34:57.749] [Server thread/INFO] [net.minecraft.server.MinecraftServer/]: [Chunky] Task running for minecraft:overworld. Processed: 70935 chunks (3.15%), ETA: 92:02:03, Rate: 6.6 cps, Current: -126, 55
[25Aug2026 11:34:59.559] [Server thread/DEBUG] [net.minecraftforge.common.ForgeHooks/WP]: Gathering id map for writing to world save world
[25Aug2026 11:34:59.592] [Server thread/DEBUG] [net.minecraftforge.common.ForgeHooks/WP]: ID Map collection complete world
[25Aug2026 11:35:00.458] [Server thread/INFO] [net.minecraft.server.MinecraftServer/]: [Chunky] Task running for minecraft:overworld. Processed: 70940 chunks (3.15%), ETA: 97:14:16, Rate: 6.2 cps, Current: -126, 57
[25Aug2026 11:35:02.133] [Server thread/INFO] [net.minecraft.server.MinecraftServer/]: [Chunky] Task running for minecraft:overworld. Processed: 70947 chunks (3.15%), ETA: 101:13:10, Rate: 6.0 cps, Current: -120, 47
[25Aug2026 11:35:03.667] [Server thread/INFO] [net.minecraft.server.MinecraftServer/]: [Chunky] Task running for minecraft:overworld. Processed: 70948 chunks (3.15%), ETA: 101:57:38, Rate: 5.9 cps, Current: -119, 47
[25Aug2026 11:35:05.318] [Server thread/INFO] [net.minecraft.server.MinecraftServer/]: [Chunky] Task running for minecraft:overworld. Processed: 70953 chunks (3.15%), ETA: 103:59:50, Rate: 5.8 cps, Current: -127, 59
[25Aug2026 11:35:06.472] [Server thread/INFO] [net.minecraft.server.MinecraftServer/]: [Chunky] Task running for minecraft:overworld. Processed: 70959 chunks (3.15%), ETA: 104:25:50, Rate: 5.8 cps, Current: -126, 61
[25Aug2026 11:35:07.775] [Server thread/INFO] [net.minecraft.server.MinecraftServer/]: [Chunky] Task running for minecraft:overworld. Processed: 70962 chunks (3.15%), ETA: 109:18:09, Rate: 5.5 cps, Current: -125, 55
[25Aug2026 11:35:09.039] [Server thread/INFO] [net.minecraft.server.MinecraftServer/]: [Chunky] Task running for minecraft:overworld. Processed: 70967 chunks (3.15%), ETA: 113:13:23, Rate: 5.4 cps, Current: -124, 55
[25Aug2026 11:35:10.134] [Server thread/INFO] [net.minecraft.server.MinecraftServer/]: [Chunky] Task running for minecraft:overworld. Processed: 70968 chunks (3.15%), ETA: 124:20:57, Rate: 4.9 cps, Current: -125, 60
[25Aug2026 11:35:11.821] [Server thread/INFO] [net.minecraft.server.MinecraftServer/]: [Chunky] Task running for minecraft:overworld. Processed: 70974 chunks (3.15%), ETA: 130:41:29, Rate: 4.6 cps, Current: -123, 61
[25Aug2026 11:35:12.976] [Server thread/INFO] [net.minecraft.server.MinecraftServer/]: [Chunky] Task running for minecraft:overworld. Processed: 70978 chunks (3.15%), ETA: 136:29:14, Rate: 4.4 cps, Current: -122, 55
[25Aug2026 11:35:14.578] [Server thread/INFO] [net.minecraft.server.MinecraftServer/]: [Chunky] Task running for minecraft:overworld. Processed: 70998 chunks (3.15%), ETA: 133:04:17, Rate: 4.6 cps, Current: -121, 48
[25Aug2026 11:35:15.731] [Server thread/INFO] [net.minecraft.server.MinecraftServer/]: [Chunky] Task running for minecraft:overworld. Processed: 71006 chunks (3.15%), ETA: 130:26:24, Rate: 4.6 cps, Current: -121, 56
[25Aug2026 11:35:17.509] [Server thread/INFO] [net.minecraft.server.MinecraftServer/]: [Chunky] Task running for minecraft:overworld. Processed: 71008 chunks (3.15%), ETA: 132:48:57, Rate: 4.6 cps, Current: -119, 56
[25Aug2026 11:35:18.594] [Server thread/INFO] [net.minecraft.server.MinecraftServer/]: [Chunky] Task running for minecraft:overworld. Processed: 71013 chunks (3.15%), ETA: 139:15:20, Rate: 4.4 cps, Current: -121, 59
[25Aug2026 11:35:19.797] [Server thread/INFO] [net.minecraft.server.MinecraftServer/]: [Chunky] Task running for minecraft:overworld. Processed: 71019 chunks (3.15%), ETA: 144:27:07, Rate: 4.2 cps, Current: -119, 58
[25Aug2026 11:35:21.031] [Server thread/INFO] [net.minecraft.server.MinecraftServer/]: [Chunky] Task running for minecraft:overworld. Processed: 71023 chunks (3.15%), ETA: 147:53:40, Rate: 4.1 cps, Current: -119, 59
[25Aug2026 11:35:22.083] [Server thread/INFO] [net.minecraft.server.MinecraftServer/]: [Chunky] Task running for minecraft:overworld. Processed: 71028 chunks (3.15%), ETA: 143:27:15, Rate: 4.2 cps, Current: -120, 62
[25Aug2026 11:35:23.940] [Server thread/INFO] [net.minecraft.server.MinecraftServer/]: [Chunky] Task running for minecraft:overworld. Processed: 71034 chunks (3.15%), ETA: 146:29:27, Rate: 4.1 cps, Current: -117, 61
[25Aug2026 11:35:25.339] [Server thread/INFO] [net.minecraft.server.MinecraftServer/]: [Chunky] Task running for minecraft:overworld. Processed: 71038 chunks (3.15%), ETA: 164:34:24, Rate: 3.7 cps, Current: -115, 62
[25Aug2026 11:35:26.800] [Server thread/INFO] [net.minecraft.server.MinecraftServer/]: [Chunky] Task running for minecraft:overworld. Processed: 71044 chunks (3.15%), ETA: 160:04:14, Rate: 3.8 cps, Current: -117, 60
[25Aug2026 11:35:28.049] [Server thread/INFO] [net.minecraft.server.MinecraftServer/]: [Chunky] Task running for minecraft:overworld. Processed: 71052 chunks (3.15%), ETA: 147:59:41, Rate: 4.1 cps, Current: -114, 59
[25Aug2026 11:35:29.394] [Server thread/INFO] [net.minecraft.server.MinecraftServer/]: [Chunky] Task running for minecraft:overworld. Processed: 71060 chunks (3.15%), ETA: 144:56:30, Rate: 4.2 cps, Current: -114, 58
[25Aug2026 11:35:31.756] [Server thread/INFO] [net.minecraft.server.MinecraftServer/]: [Chunky] Task running for minecraft:overworld. Processed: 71064 chunks (3.15%), ETA: 152:09:18, Rate: 4.0 cps, Current: -115, 53
[25Aug2026 11:35:33.090] [Server thread/INFO] [net.minecraft.server.MinecraftServer/]: [Chunky] Task running for minecraft:overworld. Processed: 71065 chunks (3.15%), ETA: 151:07:40, Rate: 4.0 cps, Current: -114, 57
[25Aug2026 11:35:34.098] [Server thread/INFO] [net.minecraft.server.MinecraftServer/]: [Chunky] Task running for minecraft:overworld. Processed: 71072 chunks (3.15%), ETA: 145:21:39, Rate: 4.2 cps, Current: -116, 55
[25Aug2026 11:35:35.537] [Server thread/INFO] [net.minecraft.server.MinecraftServer/]: [Chunky] Task running for minecraft:overworld. Processed: 71099 chunks (3.16%), ETA: 124:56:05, Rate: 4.9 cps, Current: -119, 49
[25Aug2026 11:35:36.591] [Server thread/INFO] [net.minecraft.server.MinecraftServer/]: [Chunky] Task running for minecraft:overworld. Processed: 71114 chunks (3.16%), ETA: 114:08:56, Rate: 5.3 cps, Current: -116, 48
[25Aug2026 11:35:37.654] [Server thread/INFO] [net.minecraft.server.MinecraftServer/]: [Chunky] Task running for minecraft:overworld. Processed: 71129 chunks (3.16%), ETA: 107:47:28, Rate: 5.6 cps, Current: -128, 54
[25Aug2026 11:35:39.748] [Server thread/INFO] [net.minecraft.server.MinecraftServer/]: [Chunky] Task running for minecraft:overworld. Processed: 71134 chunks (3.16%), ETA: 107:28:29, Rate: 5.6 cps, Current: -113, 50
[25Aug2026 11:35:41.295] [Server thread/INFO] [net.minecraft.server.MinecraftServer/]: [Chunky] Task running for minecraft:overworld. Processed: 71137 chunks (3.16%), ETA: 108:55:10, Rate: 5.6 cps, Current: -111, 50
[25Aug2026 11:35:42.705] [Server thread/INFO] [net.minecraft.server.MinecraftServer/]: [Chunky] Task running for minecraft:overworld. Processed: 71139 chunks (3.16%), ETA: 111:13:18, Rate: 5.4 cps, Current: -111, 49
[25Aug2026 11:35:46.169] [Server thread/INFO] [net.minecraft.server.MinecraftServer/]: [Chunky] Task running for minecraft:overworld. Processed: 71141 chunks (3.16%), ETA: 129:37:37, Rate: 4.7 cps, Current: -128, 57
[25Aug2026 11:35:47.235] [Server thread/INFO] [net.minecraft.server.MinecraftServer/]: [Chunky] Task running for minecraft:overworld. Processed: 71143 chunks (3.16%), ETA: 132:28:16, Rate: 4.6 cps, Current: -128, 59
[25Aug2026 11:35:48.494] [Server thread/INFO] [net.minecraft.server.MinecraftServer/]: [Chunky] Task running for minecraft:overworld. Processed: 71147 chunks (3.16%), ETA: 134:14:00, Rate: 4.5 cps, Current: -109, 49
[25Aug2026 11:35:50.574] [Server thread/INFO] [net.minecraft.server.MinecraftServer/]: [Chunky] Task running for minecraft:overworld. Processed: 71155 chunks (3.16%), ETA: 134:37:12, Rate: 4.5 cps, Current: -113, 51
[25Aug2026 11:35:51.650] [Server thread/INFO] [net.minecraft.server.MinecraftServer/]: [Chunky] Task running for minecraft:overworld. Processed: 71161 chunks (3.16%), ETA: 133:43:57, Rate: 4.5 cps, Current: -108, 51
[25Aug2026 11:35:52.988] [Server thread/INFO] [net.minecraft.server.MinecraftServer/]: [Chunky] Task running for minecraft:overworld. Processed: 71165 chunks (3.16%), ETA: 133:22:16, Rate: 4.5 cps, Current: -113, 53
[25Aug2026 11:35:54.534] [Server thread/INFO] [net.minecraft.server.MinecraftServer/]: [Chunky] Task running for minecraft:overworld. Processed: 71167 chunks (3.16%), ETA: 136:06:29, Rate: 4.5 cps, Current: -106, 51
[25Aug2026 11:35:55.941] [Server thread/INFO] [net.minecraft.server.MinecraftServer/]: [Chunky] Task running for minecraft:overworld. Processed: 71175 chunks (3.16%), ETA: 133:47:34, Rate: 4.5 cps, Current: -110, 53
[25Aug2026 11:35:57.306] [Server thread/INFO] [net.minecraft.server.MinecraftServer/]: [Chunky] Task running for minecraft:overworld. Processed: 71185 chunks (3.16%), ETA: 132:19:28, Rate: 4.6 cps, Current: -106, 54
[25Aug2026 11:35:58.852] [Server thread/INFO] [net.minecraft.server.MinecraftServer/]: [Chunky] Task running for minecraft:overworld. Processed: 71192 chunks (3.16%), ETA: 134:14:22, Rate: 4.5 cps, Current: -110, 55
[25Aug2026 11:36:00.097] [Server thread/INFO] [net.minecraft.server.MinecraftServer/]: [Chunky] Task running for minecraft:overworld. Processed: 71196 chunks (3.16%), ETA: 129:08:41, Rate: 4.7 cps, Current: -112, 57
[25Aug2026 11:36:01.559] [Server thread/INFO] [net.minecraft.server.MinecraftServer/]: [Chunky] Task running for minecraft:overworld. Processed: 71203 chunks (3.16%), ETA: 129:00:58, Rate: 4.7 cps, Current: -128, 63
[25Aug2026 11:36:03.110] [Server thread/INFO] [net.minecraft.server.MinecraftServer/]: [Chunky] Task running for minecraft:overworld. Processed: 71212 chunks (3.16%), ETA: 124:42:02, Rate: 4.9 cps, Current: -112, 62
[25Aug2026 11:36:04.232] [Server thread/INFO] [net.minecraft.server.MinecraftServer/]: [Chunky] Task running for minecraft:overworld. Processed: 71217 chunks (3.16%), ETA: 146:08:04, Rate: 4.1 cps, Current: -110, 59
[25Aug2026 11:36:05.990] [Server thread/INFO] [net.minecraft.server.MinecraftServer/]: [Chunky] Task running for minecraft:overworld. Processed: 71219 chunks (3.16%), ETA: 168:05:15, Rate: 3.6 cps, Current: -110, 62
[25Aug2026 11:36:07.653] [Server thread/INFO] [net.minecraft.server.MinecraftServer/]: [Chunky] Task running for minecraft:overworld. Processed: 71234 chunks (3.16%), ETA: 171:31:00, Rate: 3.5 cps, Current: -109, 62
[25Aug2026 11:36:09.181] [Server thread/INFO] [net.minecraft.server.MinecraftServer/]: [Chunky] Task running for minecraft:overworld. Processed: 71248 chunks (3.16%), ETA: 155:06:35, Rate: 3.9 cps, Current: -106, 56
[25Aug2026 11:36:12.532] [Server thread/INFO] [net.minecraft.server.MinecraftServer/]: [Chunky] Task running for minecraft:overworld. Processed: 71255 chunks (3.16%), ETA: 154:29:37, Rate: 3.9 cps, Current: -124, 63
[25Aug2026 11:36:14.150] [Server thread/INFO] [net.minecraft.server.MinecraftServer/]: [Chunky] Task running for minecraft:overworld. Processed: 71262 chunks (3.16%), ETA: 138:59:47, Rate: 4.4 cps, Current: -101, 57
[25Aug2026 11:36:15.701] [Server thread/INFO] [net.minecraft.server.MinecraftServer/]: [Chunky] Task running for minecraft:overworld. Processed: 71270 chunks (3.16%), ETA: 137:40:22, Rate: 4.4 cps, Current: -105, 59
[25Aug2026 11:36:16.850] [Server thread/INFO] [net.minecraft.server.MinecraftServer/]: [Chunky] Task running for minecraft:overworld. Processed: 71276 chunks (3.16%), ETA: 133:56:17, Rate: 4.5 cps, Current: -104, 61
[25Aug2026 11:36:18.036] [Server thread/INFO] [net.minecraft.server.MinecraftServer/]: [Chunky] Task running for minecraft:overworld. Processed: 71288 chunks (3.16%), ETA: 126:04:48, Rate: 4.8 cps, Current: -99, 60
[25Aug2026 11:36:19.136] [Server thread/INFO] [net.minecraft.server.MinecraftServer/]: [Chunky] Task running for minecraft:overworld. Processed: 71318 chunks (3.17%), ETA: 105:32:52, Rate: 5.7 cps, Current: -115, 63
[25Aug2026 11:36:22.111] [Server thread/INFO] [net.minecraft.server.MinecraftServer/]: [Chunky] Task running for minecraft:overworld. Processed: 71321 chunks (3.17%), ETA: 112:24:54, Rate: 5.4 cps, Current: -97, 56
[25Aug2026 11:36:23.193] [Server thread/INFO] [net.minecraft.server.MinecraftServer/]: [Chunky] Task running for minecraft:overworld. Processed: 71352 chunks (3.17%), ETA: 93:22:29, Rate: 6.5 cps, Current: -103, 53
[25Aug2026 11:36:24.195] [Server thread/INFO] [net.minecraft.server.MinecraftServer/]: [Chunky] Task running for minecraft:overworld. Processed: 71358 chunks (3.17%), ETA: 93:36:58, Rate: 6.5 cps, Current: -105, 51
[25Aug2026 11:36:25.541] [Server thread/INFO] [net.minecraft.server.MinecraftServer/]: [Chunky] Task running for minecraft:overworld. Processed: 71372 chunks (3.17%), ETA: 90:35:42, Rate: 6.7 cps, Current: -102, 50
[25Aug2026 11:36:26.653] [Server thread/INFO] [net.minecraft.server.MinecraftServer/]: [Chunky] Task running for minecraft:overworld. Processed: 71388 chunks (3.17%), ETA: 87:10:42, Rate: 7.0 cps, Current: -99, 49
[25Aug2026 11:36:28.006] [Server thread/INFO] [net.minecraft.server.MinecraftServer/]: [Chunky] Task running for minecraft:overworld. Processed: 71395 chunks (3.17%), ETA: 86:36:17, Rate: 7.0 cps, Current: -110, 48
[25Aug2026 11:36:29.389] [Server thread/INFO] [net.minecraft.server.MinecraftServer/]: [Chunky] Task running for minecraft:overworld. Processed: 71405 chunks (3.17%), ETA: 84:31:41, Rate: 7.2 cps, Current: -98, 47
[25Aug2026 11:36:30.855] [Server thread/INFO] [net.minecraft.server.MinecraftServer/]: [Chunky] Task running for minecraft:overworld. Processed: 71416 chunks (3.17%), ETA: 82:57:22, Rate: 7.3 cps, Current: -98, 46
[25Aug2026 11:36:32.053] [Server thread/INFO] [net.minecraft.server.MinecraftServer/]: [Chunky] Task running for minecraft:overworld. Processed: 71420 chunks (3.17%), ETA: 83:55:01, Rate: 7.2 cps, Current: -99, 45
[25Aug2026 11:36:34.131] [Server thread/INFO] [net.minecraft.server.MinecraftServer/]: [Chunky] Task running for minecraft:overworld. Processed: 71429 chunks (3.17%), ETA: 85:03:59, Rate: 7.1 cps, Current: -101, 44
[25Aug2026 11:36:35.639] [Server thread/INFO] [net.minecraft.server.MinecraftServer/]: [Chunky] Task running for minecraft:overworld. Processed: 71440 chunks (3.17%), ETA: 80:55:56, Rate: 7.5 cps, Current: -102, 46
[25Aug2026 11:36:36.797] [Server thread/INFO] [net.minecraft.server.MinecraftServer/]: [Chunky] Task running for minecraft:overworld. Processed: 71446 chunks (3.17%), ETA: 82:54:54, Rate: 7.3 cps, Current: -98, 41
[25Aug2026 11:36:38.688] [Server thread/INFO] [net.minecraft.server.MinecraftServer/]: [Chunky] Task running for minecraft:overworld. Processed: 71455 chunks (3.17%), ETA: 85:57:55, Rate: 7.0 cps, Current: -106, 47
[25Aug2026 11:36:39.850] [Server thread/INFO] [net.minecraft.server.MinecraftServer/]: [Chunky] Task running for minecraft:overworld. Processed: 71468 chunks (3.17%), ETA: 77:21:32, Rate: 7.8 cps, Current: -103, 43
[25Aug2026 11:36:41.009] [Server thread/INFO] [net.minecraft.server.MinecraftServer/]: [Chunky] Task running for minecraft:overworld. Processed: 71478 chunks (3.17%), ETA: 77:02:25, Rate: 7.9 cps, Current: -112, 45
[25Aug2026 11:36:42.019] [Server thread/INFO] [net.minecraft.server.MinecraftServer/]: [Chunky] Task running for minecraft:overworld. Processed: 71488 chunks (3.17%), ETA: 76:21:47, Rate: 7.9 cps, Current: -104, 44
[25Aug2026 11:36:43.294] [Server thread/INFO] [net.minecraft.server.MinecraftServer/]: [Chunky] Task running for minecraft:overworld. Processed: 71506 chunks (3.17%), ETA: 72:04:33, Rate: 8.4 cps, Current: -104, 42
[25Aug2026 11:36:45.898] [Server thread/INFO] [net.minecraft.server.MinecraftServer/]: [Chunky] Task running for minecraft:overworld. Processed: 71521 chunks (3.17%), ETA: 71:33:03, Rate: 8.5 cps, Current: -106, 40
[25Aug2026 11:36:47.094] [Server thread/INFO] [net.minecraft.server.MinecraftServer/]: [Chunky] Task running for minecraft:overworld. Processed: 71539 chunks (3.18%), ETA: 69:52:23, Rate: 8.7 cps, Current: -109, 38
[25Aug2026 11:36:48.095] [Server thread/INFO] [net.minecraft.server.MinecraftServer/]: [Chunky] Task running for minecraft:overworld. Processed: 71566 chunks (3.18%), ETA: 70:28:23, Rate: 8.6 cps, Current: -109, 36
[25Aug2026 11:36:49.470] [Server thread/INFO] [net.minecraft.server.MinecraftServer/]: [Chunky] Task running for minecraft:overworld. Processed: 71586 chunks (3.18%), ETA: 62:19:25, Rate: 9.7 cps, Current: -105, 33
[25Aug2026 11:36:50.703] [Server thread/INFO] [net.minecraft.server.MinecraftServer/]: [Chunky] Task running for minecraft:overworld. Processed: 71600 chunks (3.18%), ETA: 61:52:32, Rate: 9.8 cps, Current: -104, 38
[25Aug2026 11:36:51.724] [Server thread/INFO] [net.minecraft.server.MinecraftServer/]: [Chunky] Task running for minecraft:overworld. Processed: 71619 chunks (3.18%), ETA: 60:00:44, Rate: 10.1 cps, Current: -102, 34
[25Aug2026 11:36:52.753] [Server thread/INFO] [net.minecraft.server.MinecraftServer/]: [Chunky] Task running for minecraft:overworld. Processed: 71642 chunks (3.18%), ETA: 61:33:04, Rate: 9.8 cps, Current: -97, 32
[25Aug2026 11:36:58.285] [Server thread/INFO] [net.minecraft.server.MinecraftServer/]: [Chunky] Task running for minecraft:overworld. Processed: 71671 chunks (3.18%), ETA: 65:34:33, Rate: 9.2 cps, Current: -126, 66
[25Aug2026 11:36:59.998] [Server thread/INFO] [net.minecraft.server.MinecraftServer/]: [Chunky] Task running for minecraft:overworld. Processed: 71674 chunks (3.18%), ETA: 68:10:54, Rate: 8.9 cps, Current: -125, 66
[25Aug2026 11:37:01.877] [Server thread/INFO] [net.minecraft.server.MinecraftServer/]: [Chunky] Task running for minecraft:overworld. Processed: 71678 chunks (3.18%), ETA: 69:46:29, Rate: 8.7 cps, Current: -126, 69
[25Aug2026 11:37:03.119] [Server thread/INFO] [net.minecraft.server.MinecraftServer/]: [Chunky] Task running for minecraft:overworld. Processed: 71681 chunks (3.18%), ETA: 69:25:29, Rate: 8.7 cps, Current: -125, 65
[25Aug2026 11:37:04.184] [Server thread/INFO] [net.minecraft.server.MinecraftServer/]: [Chunky] Task running for minecraft:overworld. Processed: 71693 chunks (3.18%), ETA: 68:05:39, Rate: 8.9 cps, Current: -127, 67
[25Aug2026 11:37:05.943] [Server thread/INFO] [net.minecraft.server.MinecraftServer/]: [Chunky] Task running for minecraft:overworld. Processed: 71696 chunks (3.18%), ETA: 70:21:23, Rate: 8.6 cps, Current: -127, 70
[25Aug2026 11:37:07.184] [Server thread/INFO] [net.minecraft.server.MinecraftServer/]: [Chunky] Task running for minecraft:overworld. Processed: 71703 chunks (3.18%), ETA: 69:20:31, Rate: 8.7 cps, Current: -122, 66
[25Aug2026 11:37:08.343] [Server thread/INFO] [net.minecraft.server.MinecraftServer/]: [Chunky] Task running for minecraft:overworld. Processed: 71711 chunks (3.18%), ETA: 69:54:57, Rate: 8.7 cps, Current: -120, 65
[25Aug2026 11:37:09.560] [Server thread/INFO] [net.minecraft.server.MinecraftServer/]: [Chunky] Task running for minecraft:overworld. Processed: 71721 chunks (3.18%), ETA: 70:52:21, Rate: 8.5 cps, Current: -116, 64
[25Aug2026 11:37:10.597] [Server thread/INFO] [net.minecraft.server.MinecraftServer/]: [Chunky] Task running for minecraft:overworld. Processed: 71728 chunks (3.18%), ETA: 71:25:29, Rate: 8.5 cps, Current: -117, 66
[25Aug2026 11:37:11.949] [Server thread/INFO] [net.minecraft.server.MinecraftServer/]: [Chunky] Task running for minecraft:overworld. Processed: 71734 chunks (3.18%), ETA: 73:25:13, Rate: 8.3 cps, Current: -117, 67
[25Aug2026 11:37:13.328] [Server thread/INFO] [net.minecraft.server.MinecraftServer/]: [Chunky] Task running for minecraft:overworld. Processed: 71741 chunks (3.18%), ETA: 75:12:22, Rate: 8.1 cps, Current: -116, 68
[25Aug2026 11:37:14.344] [Server thread/INFO] [net.minecraft.server.MinecraftServer/]: [Chunky] Task running for minecraft:overworld. Processed: 71744 chunks (3.18%), ETA: 76:56:49, Rate: 7.9 cps, Current: -116, 69
[25Aug2026 11:37:15.346] [Server thread/INFO] [net.minecraft.server.MinecraftServer/]: [Chunky] Task running for minecraft:overworld. Processed: 71752 chunks (3.18%), ETA: 76:54:37, Rate: 7.9 cps, Current: -118, 69
[25Aug2026 11:37:19.119] [Server thread/INFO] [net.minecraft.server.MinecraftServer/]: [Chunky] Task running for minecraft:overworld. Processed: 71765 chunks (3.19%), ETA: 99:48:05, Rate: 6.1 cps, Current: -105, 63
[25Aug2026 11:37:20.293] [Server thread/INFO] [net.minecraft.server.MinecraftServer/]: [Chunky] Task running for minecraft:overworld. Processed: 71774 chunks (3.19%), ETA: 102:26:54, Rate: 5.9 cps, Current: -97, 63
[25Aug2026 11:37:21.340] [Server thread/INFO] [net.minecraft.server.MinecraftServer/]: [Chunky] Task running for minecraft:overworld. Processed: 71785 chunks (3.19%), ETA: 107:26:46, Rate: 5.6 cps, Current: -117, 71
[25Aug2026 11:37:22.485] [Server thread/INFO] [net.minecraft.server.MinecraftServer/]: [Chunky] Task running for minecraft:overworld. Processed: 71788 chunks (3.19%), ETA: 122:32:48, Rate: 4.9 cps, Current: -118, 72
[25Aug2026 11:37:23.638] [Server thread/INFO] [net.minecraft.server.MinecraftServer/]: [Chunky] Task running for minecraft:overworld. Processed: 71801 chunks (3.19%), ETA: 117:15:37, Rate: 5.2 cps, Current: -115, 74
[25Aug2026 11:37:24.989] [Server thread/INFO] [net.minecraft.server.MinecraftServer/]: [Chunky] Task running for minecraft:overworld. Processed: 71804 chunks (3.19%), ETA: 120:44:36, Rate: 5.0 cps, Current: -115, 75
[25Aug2026 11:37:26.218] [Server thread/INFO] [net.minecraft.server.MinecraftServer/]: [Chunky] Task running for minecraft:overworld. Processed: 71806 chunks (3.19%), ETA: 124:26:18, Rate: 4.9 cps, Current: -114, 75
[25Aug2026 11:37:27.704] [Server thread/INFO] [net.minecraft.server.MinecraftServer/]: [Chunky] Task running for minecraft:overworld. Processed: 71810 chunks (3.19%), ETA: 127:19:06, Rate: 4.8 cps, Current: -114, 78
[25Aug2026 11:37:28.758] [Server thread/INFO] [net.minecraft.server.MinecraftServer/]: [Chunky] Task running for minecraft:overworld. Processed: 71816 chunks (3.19%), ETA: 121:51:17, Rate: 5.0 cps, Current: -117, 75
[25Aug2026 11:37:29.921] [Server thread/INFO] [net.minecraft.server.MinecraftServer/]: [Chunky] Task running for minecraft:overworld. Processed: 71822 chunks (3.19%), ETA: 121:40:36, Rate: 5.0 cps, Current: -119, 75
[25Aug2026 11:37:31.007] [Server thread/INFO] [net.minecraft.server.MinecraftServer/]: [Chunky] Task running for minecraft:overworld. Processed: 71827 chunks (3.19%), ETA: 117:39:43, Rate: 5.1 cps, Current: -120, 71
[25Aug2026 11:37:32.889] [Server thread/INFO] [net.minecraft.server.MinecraftServer/]: [Chunky] Task running for minecraft:overworld. Processed: 71834 chunks (3.19%), ETA: 117:07:25, Rate: 5.2 cps, Current: -121, 71
[25Aug2026 11:37:33.992] [Server thread/INFO] [net.minecraft.server.MinecraftServer/]: [Chunky] Task running for minecraft:overworld. Processed: 71843 chunks (3.19%), ETA: 119:36:09, Rate: 5.1 cps, Current: -121, 75
[25Aug2026 11:37:35.123] [Server thread/INFO] [net.minecraft.server.MinecraftServer/]: [Chunky] Task running for minecraft:overworld. Processed: 71856 chunks (3.19%), ETA: 109:48:35, Rate: 5.5 cps, Current: -123, 74
[25Aug2026 11:37:36.127] [Server thread/INFO] [net.minecraft.server.MinecraftServer/]: [Chunky] Task running for minecraft:overworld. Processed: 71864 chunks (3.19%), ETA: 108:14:29, Rate: 5.6 cps, Current: -124, 74
[25Aug2026 11:37:37.377] [Server thread/INFO] [net.minecraft.server.MinecraftServer/]: [Chunky] Task running for minecraft:overworld. Processed: 71871 chunks (3.19%), ETA: 109:15:34, Rate: 5.5 cps, Current: -126, 73
[25Aug2026 11:37:38.733] [Server thread/INFO] [net.minecraft.server.MinecraftServer/]: [Chunky] Task running for minecraft:overworld. Processed: 71877 chunks (3.19%), ETA: 112:34:46, Rate: 5.4 cps, Current: -124, 75
[25Aug2026 11:37:39.861] [Server thread/INFO] [net.minecraft.server.MinecraftServer/]: [Chunky] Task running for minecraft:overworld. Processed: 71886 chunks (3.19%), ETA: 111:30:34, Rate: 5.4 cps, Current: -127, 76
[25Aug2026 11:37:40.920] [Server thread/INFO] [net.minecraft.server.MinecraftServer/]: [Chunky] Task running for minecraft:overworld. Processed: 71891 chunks (3.19%), ETA: 111:05:29, Rate: 5.5 cps, Current: -127, 77
[25Aug2026 11:37:43.410] [Server thread/INFO] [net.minecraft.server.MinecraftServer/]: [Chunky] Task running for minecraft:overworld. Processed: 71893 chunks (3.19%), ETA: 117:24:00, Rate: 5.2 cps, Current: -128, 66
[25Aug2026 11:37:44.543] [Server thread/INFO] [net.minecraft.server.MinecraftServer/]: [Chunky] Task running for minecraft:overworld. Processed: 71897 chunks (3.19%), ETA: 121:09:35, Rate: 5.0 cps, Current: -127, 79
[25Aug2026 11:37:45.730] [Server thread/INFO] [net.minecraft.server.MinecraftServer/]: [Chunky] Task running for minecraft:overworld. Processed: 71906 chunks (3.19%), ETA: 113:32:20, Rate: 5.3 cps, Current: -113, 64
[25Aug2026 11:37:46.849] [Server thread/INFO] [net.minecraft.server.MinecraftServer/]: [Chunky] Task running for minecraft:overworld. Processed: 71913 chunks (3.19%), ETA: 112:45:16, Rate: 5.4 cps, Current: -122, 79
[25Aug2026 11:37:47.947] [Server thread/INFO] [net.minecraft.server.MinecraftServer/]: [Chunky] Task running for minecraft:overworld. Processed: 71919 chunks (3.19%), ETA: 112:40:53, Rate: 5.4 cps, Current: -122, 81
[25Aug2026 11:37:49.608] [Server thread/INFO] [net.minecraft.server.MinecraftServer/]: [Chunky] Task running for minecraft:overworld. Processed: 71926 chunks (3.19%), ETA: 116:04:56, Rate: 5.2 cps, Current: -123, 83
[25Aug2026 11:37:51.524] [Server thread/INFO] [net.minecraft.server.MinecraftServer/]: [Chunky] Task running for minecraft:overworld. Processed: 71931 chunks (3.19%), ETA: 122:10:33, Rate: 5.0 cps, Current: -113, 68
[25Aug2026 11:37:52.636] [Server thread/INFO] [net.minecraft.server.MinecraftServer/]: [Chunky] Task running for minecraft:overworld. Processed: 71939 chunks (3.19%), ETA: 126:23:30, Rate: 4.8 cps, Current: -122, 86
[25Aug2026 11:37:53.691] [Server thread/INFO] [net.minecraft.server.MinecraftServer/]: [Chunky] Task running for minecraft:overworld. Processed: 71944 chunks (3.19%), ETA: 123:19:21, Rate: 4.9 cps, Current: -125, 83
[25Aug2026 11:37:54.732] [Server thread/INFO] [net.minecraft.server.MinecraftServer/]: [Chunky] Task running for minecraft:overworld. Processed: 71951 chunks (3.19%), ETA: 121:45:17, Rate: 5.0 cps, Current: -127, 83
[25Aug2026 11:37:55.977] [Server thread/INFO] [net.minecraft.server.MinecraftServer/]: [Chunky] Task running for minecraft:overworld. Processed: 71956 chunks (3.19%), ETA: 119:24:13, Rate: 5.1 cps, Current: -127, 86
[25Aug2026 11:37:57.248] [Server thread/INFO] [net.minecraft.server.MinecraftServer/]: [Chunky] Task running for minecraft:overworld. Processed: 71959 chunks (3.19%), ETA: 119:19:38, Rate: 5.1 cps, Current: -113, 74
[25Aug2026 11:37:59.122] [Server thread/INFO] [net.minecraft.server.MinecraftServer/]: [Chunky] Task running for minecraft:overworld. Processed: 71964 chunks (3.19%), ETA: 123:42:53, Rate: 4.9 cps, Current: -126, 89
[25Aug2026 11:38:00.228] [Server thread/INFO] [net.minecraft.server.MinecraftServer/]: [Chunky] Task running for minecraft:overworld. Processed: 71969 chunks (3.19%), ETA: 123:47:57, Rate: 4.9 cps, Current: -127, 89
[25Aug2026 11:38:02.973] [Server thread/INFO] [net.minecraft.server.MinecraftServer/]: [Chunky] Task running for minecraft:overworld. Processed: 71972 chunks (3.19%), ETA: 135:03:38, Rate: 4.5 cps, Current: -119, 79
[25Aug2026 11:38:03.981] [Server thread/INFO] [net.minecraft.server.MinecraftServer/]: [Chunky] Task running for minecraft:overworld. Processed: 71980 chunks (3.19%), ETA: 131:39:21, Rate: 4.6 cps, Current: -127, 92
[25Aug2026 11:38:05.387] [Server thread/INFO] [net.minecraft.server.MinecraftServer/]: [Chunky] Task running for minecraft:overworld. Processed: 71982 chunks (3.19%), ETA: 148:58:12, Rate: 4.1 cps, Current: -127, 94
[25Aug2026 11:38:06.483] [Server thread/INFO] [net.minecraft.server.MinecraftServer/]: [Chunky] Task running for minecraft:overworld. Processed: 71989 chunks (3.20%), ETA: 148:10:49, Rate: 4.1 cps, Current: -128, 74
[25Aug2026 11:38:07.900] [Server thread/INFO] [net.minecraft.server.MinecraftServer/]: [Chunky] Task running for minecraft:overworld. Processed: 71998 chunks (3.20%), ETA: 144:50:20, Rate: 4.2 cps, Current: -124, 92
[25Aug2026 11:38:08.951] [Server thread/INFO] [net.minecraft.server.MinecraftServer/]: [Chunky] Task running for minecraft:overworld. Processed: 72000 chunks (3.20%), ETA: 153:14:58, Rate: 4.0 cps, Current: -123, 92
[25Aug2026 11:38:09.982] [Server thread/INFO] [net.minecraft.server.MinecraftServer/]: [Chunky] Task running for minecraft:overworld. Processed: 72008 chunks (3.20%), ETA: 149:12:14, Rate: 4.1 cps, Current: -124, 90
[25Aug2026 11:38:11.632] [Server thread/INFO] [net.minecraft.server.MinecraftServer/]: [Chunky] Task running for minecraft:overworld. Processed: 72014 chunks (3.20%), ETA: 140:08:43, Rate: 4.3 cps, Current: -122, 94
[25Aug2026 11:38:12.681] [Server thread/INFO] [net.minecraft.server.MinecraftServer/]: [Chunky] Task running for minecraft:overworld. Processed: 72029 chunks (3.20%), ETA: 129:26:19, Rate: 4.7 cps, Current: -121, 80
[25Aug2026 11:38:14.868] [Server thread/INFO] [net.minecraft.server.MinecraftServer/]: [Chunky] Task running for minecraft:overworld. Processed: 72037 chunks (3.20%), ETA: 133:43:51, Rate: 4.5 cps, Current: -121, 88
[25Aug2026 11:38:15.889] [Server thread/INFO] [net.minecraft.server.MinecraftServer/]: [Chunky] Task running for minecraft:overworld. Processed: 72041 chunks (3.20%), ETA: 136:22:15, Rate: 4.4 cps, Current: -121, 90
[25Aug2026 11:38:18.236] [Server thread/INFO] [net.minecraft.server.MinecraftServer/]: [Chunky] Task running for minecraft:overworld. Processed: 72053 chunks (3.20%), ETA: 135:29:42, Rate: 4.5 cps, Current: -119, 89
[25Aug2026 11:38:19.256] [Server thread/INFO] [net.minecraft.server.MinecraftServer/]: [Chunky] Task running for minecraft:overworld. Processed: 72058 chunks (3.20%), ETA: 135:02:49, Rate: 4.5 cps, Current: -118, 89
[25Aug2026 11:38:20.874] [Server thread/INFO] [net.minecraft.server.MinecraftServer/]: [Chunky] Task running for minecraft:overworld. Processed: 72059 chunks (3.20%), ETA: 137:49:49, Rate: 4.4 cps, Current: -121, 94
[25Aug2026 11:38:23.003] [Server thread/INFO] [net.minecraft.server.MinecraftServer/]: [Chunky] Task running for minecraft:overworld. Processed: 72066 chunks (3.20%), ETA: 144:22:34, Rate: 4.2 cps, Current: -115, 93
[25Aug2026 11:38:24.701] [Server thread/INFO] [net.minecraft.server.MinecraftServer/]: [Chunky] Task running for minecraft:overworld. Processed: 72079 chunks (3.20%), ETA: 140:44:27, Rate: 4.3 cps, Current: -117, 90
[25Aug2026 11:38:25.755] [Server thread/INFO] [net.minecraft.server.MinecraftServer/]: [Chunky] Task running for minecraft:overworld. Processed: 72087 chunks (3.20%), ETA: 136:39:54, Rate: 4.4 cps, Current: -119, 88
[25Aug2026 11:38:26.941] [Server thread/INFO] [net.minecraft.server.MinecraftServer/]: [Chunky] Task running for minecraft:overworld. Processed: 72088 chunks (3.20%), ETA: 138:22:17, Rate: 4.4 cps, Current: -118, 88
[25Aug2026 11:38:28.267] [Server thread/INFO] [net.minecraft.server.MinecraftServer/]: [Chunky] Task running for minecraft:overworld. Processed: 72092 chunks (3.20%), ETA: 136:52:13, Rate: 4.4 cps, Current: -115, 85
[25Aug2026 11:38:29.618] [Server thread/INFO] [net.minecraft.server.MinecraftServer/]: [Chunky] Task running for minecraft:overworld. Processed: 72095 chunks (3.20%), ETA: 140:11:39, Rate: 4.3 cps, Current: -116, 87
[25Aug2026 11:38:30.735] [Server thread/INFO] [net.minecraft.server.MinecraftServer/]: [Chunky] Task running for minecraft:overworld. Processed: 72147 chunks (3.20%), ETA: 95:33:24, Rate: 6.3 cps, Current: -115, 81
[25Aug2026 11:38:31.910] [Server thread/INFO] [net.minecraft.server.MinecraftServer/]: [Chunky] Task running for minecraft:overworld. Processed: 72155 chunks (3.20%), ETA: 95:16:13, Rate: 6.4 cps, Current: -113, 80
[25Aug2026 11:38:32.933] [Server thread/INFO] [net.minecraft.server.MinecraftServer/]: [Chunky] Task running for minecraft:overworld. Processed: 72157 chunks (3.20%), ETA: 97:34:28, Rate: 6.2 cps, Current: -112, 81
[25Aug2026 11:38:34.127] [Server thread/INFO] [net.minecraft.server.MinecraftServer/]: [Chunky] Task running for minecraft:overworld. Processed: 72158 chunks (3.20%), ETA: 98:21:49, Rate: 6.2 cps, Current: -113, 82
[25Aug2026 11:38:35.157] [Server thread/INFO] [net.minecraft.server.MinecraftServer/]: [Chunky] Task running for minecraft:overworld. Processed: 72164 chunks (3.20%), ETA: 98:32:41, Rate: 6.1 cps, Current: -110, 81
[25Aug2026 11:38:37.053] [Server thread/INFO] [net.minecraft.server.MinecraftServer/]: [Chunky] Task running for minecraft:overworld. Processed: 72165 chunks (3.20%), ETA: 105:07:19, Rate: 5.8 cps, Current: -128, 89
[25Aug2026 11:38:38.659] [Server thread/INFO] [net.minecraft.server.MinecraftServer/]: [Chunky] Task running for minecraft:overworld. Processed: 72170 chunks (3.20%), ETA: 105:14:37, Rate: 5.8 cps, Current: -109, 81
[25Aug2026 11:38:39.733] [Server thread/INFO] [net.minecraft.server.MinecraftServer/]: [Chunky] Task running for minecraft:overworld. Processed: 72177 chunks (3.20%), ETA: 105:30:20, Rate: 5.7 cps, Current: -106, 82
[25Aug2026 11:38:40.752] [Server thread/INFO] [net.minecraft.server.MinecraftServer/]: [Chunky] Task running for minecraft:overworld. Processed: 72180 chunks (3.20%), ETA: 105:37:39, Rate: 5.7 cps, Current: -110, 83
[25Aug2026 11:38:42.350] [Server thread/INFO] [net.minecraft.server.MinecraftServer/]: [Chunky] Task running for minecraft:overworld. Processed: 72187 chunks (3.20%), ETA: 113:02:14, Rate: 5.4 cps, Current: -108, 84
[25Aug2026 11:38:44.483] [Server thread/INFO] [net.minecraft.server.MinecraftServer/]: [Chunky] Task running for minecraft:overworld. Processed: 72189 chunks (3.20%), ETA: 117:15:22, Rate: 5.2 cps, Current: -106, 83
[25Aug2026 11:38:45.632] [Server thread/INFO] [net.minecraft.server.MinecraftServer/]: [Chunky] Task running for minecraft:overworld. Processed: 72200 chunks (3.20%), ETA: 112:36:50, Rate: 5.4 cps, Current: -108, 86
[25Aug2026 11:38:46.696] [Server thread/INFO] [net.minecraft.server.MinecraftServer/]: [Chunky] Task running for minecraft:overworld. Processed: 72213 chunks (3.21%), ETA: 107:04:58, Rate: 5.7 cps, Current: -112, 87
[25Aug2026 11:38:47.870] [Server thread/INFO] [net.minecraft.server.MinecraftServer/]: [Chunky] Task running for minecraft:overworld. Processed: 72218 chunks (3.21%), ETA: 108:08:16, Rate: 5.6 cps, Current: -110, 88
[25Aug2026 11:38:49.023] [Server thread/INFO] [net.minecraft.server.MinecraftServer/]: [Chunky] Task running for minecraft:overworld. Processed: 72226 chunks (3.21%), ETA: 106:41:40, Rate: 5.7 cps, Current: -110, 90
[25Aug2026 11:38:50.486] [Server thread/INFO] [net.minecraft.server.MinecraftServer/]: [Chunky] Task running for minecraft:overworld. Processed: 72232 chunks (3.21%), ETA: 103:05:44, Rate: 5.9 cps, Current: -112, 92
[25Aug2026 11:38:51.610] [Server thread/INFO] [net.minecraft.server.MinecraftServer/]: [Chunky] Task running for minecraft:overworld. Processed: 72241 chunks (3.21%), ETA: 98:27:40, Rate: 6.2 cps, Current: -110, 91
[25Aug2026 11:38:52.928] [Server thread/INFO] [net.minecraft.server.MinecraftServer/]: [Chunky] Task running for minecraft:overworld. Processed: 72245 chunks (3.21%), ETA: 100:42:30, Rate: 6.0 cps, Current: -109, 88
[25Aug2026 11:38:54.631] [Server thread/INFO] [net.minecraft.server.MinecraftServer/]: [Chunky] Task running for minecraft:overworld. Processed: 72253 chunks (3.21%), ETA: 103:36:10, Rate: 5.8 cps, Current: -107, 87
[25Aug2026 11:38:55.740] [Server thread/INFO] [net.minecraft.server.MinecraftServer/]: [Chunky] Task running for minecraft:overworld. Processed: 72256 chunks (3.21%), ETA: 106:50:44, Rate: 5.7 cps, Current: -107, 93
[25Aug2026 11:38:56.744] [Server thread/INFO] [net.minecraft.server.MinecraftServer/]: [Chunky] Task running for minecraft:overworld. Processed: 72262 chunks (3.21%), ETA: 103:09:46, Rate: 5.9 cps, Current: -108, 91
[25Aug2026 11:39:00.132] [Server thread/INFO] [net.minecraft.server.MinecraftServer/]: [Chunky] Task running for minecraft:overworld. Processed: 72270 chunks (3.21%), ETA: 143:36:31, Rate: 4.2 cps, Current: -106, 88
[25Aug2026 11:39:03.890] [Server thread/INFO] [net.minecraft.server.MinecraftServer/]: [Chunky] Task running for minecraft:overworld. Processed: 72294 chunks (3.21%), ETA: 131:35:54, Rate: 4.6 cps, Current: -105, 90
[25Aug2026 11:39:05.082] [Server thread/INFO] [net.minecraft.server.MinecraftServer/]: [Chunky] Task running for minecraft:overworld. Processed: 72303 chunks (3.21%), ETA: 129:28:44, Rate: 4.7 cps, Current: -103, 90
[25Aug2026 11:39:06.253] [Server thread/INFO] [net.minecraft.server.MinecraftServer/]: [Chunky] Task running for minecraft:overworld. Processed: 72309 chunks (3.21%), ETA: 121:58:51, Rate: 5.0 cps, Current: -102, 92
[25Aug2026 11:39:07.735] [Server thread/INFO] [net.minecraft.server.MinecraftServer/]: [Chunky] Task running for minecraft:overworld. Processed: 72315 chunks (3.21%), ETA: 120:38:05, Rate: 5.0 cps, Current: -103, 89
[25Aug2026 11:39:08.903] [Server thread/INFO] [net.minecraft.server.MinecraftServer/]: [Chunky] Task running for minecraft:overworld. Processed: 72342 chunks (3.21%), ETA: 106:26:18, Rate: 5.7 cps, Current: -97, 89
[25Aug2026 11:39:10.006] [Server thread/INFO] [net.minecraft.server.MinecraftServer/]: [Chunky] Task running for minecraft:overworld. Processed: 72354 chunks (3.21%), ETA: 101:15:29, Rate: 6.0 cps, Current: -100, 88
[25Aug2026 11:39:11.584] [Server thread/INFO] [net.minecraft.server.MinecraftServer/]: [Chunky] Task running for minecraft:overworld. Processed: 72369 chunks (3.21%), ETA: 96:45:52, Rate: 6.3 cps, Current: -104, 86
[25Aug2026 11:39:12.954] [Server thread/INFO] [net.minecraft.server.MinecraftServer/]: [Chunky] Task running for minecraft:overworld. Processed: 72391 chunks (3.21%), ETA: 84:57:13, Rate: 7.1 cps, Current: -105, 82
[25Aug2026 11:39:14.088] [Server thread/INFO] [net.minecraft.server.MinecraftServer/]: [Chunky] Task running for minecraft:overworld. Processed: 72414 chunks (3.21%), ETA: 79:20:47, Rate: 7.6 cps, Current: -97, 81
[25Aug2026 11:39:15.107] [Server thread/INFO] [net.minecraft.server.MinecraftServer/]: [Chunky] Task running for minecraft:overworld. Processed: 72428 chunks (3.21%), ETA: 77:57:54, Rate: 7.8 cps, Current: -102, 80
[25Aug2026 11:39:16.477] [Server thread/INFO] [net.minecraft.server.MinecraftServer/]: [Chunky] Task running for minecraft:overworld. Processed: 72440 chunks (3.22%), ETA: 79:07:01, Rate: 7.7 cps, Current: -99, 79
[25Aug2026 11:39:18.241] [Server thread/INFO] [net.minecraft.server.MinecraftServer/]: [Chunky] Task running for minecraft:overworld. Processed: 72448 chunks (3.22%), ETA: 79:38:20, Rate: 7.6 cps, Current: -100, 79
[25Aug2026 11:39:19.269] [Server thread/INFO] [net.minecraft.server.MinecraftServer/]: [Chunky] Task running for minecraft:overworld. Processed: 72462 chunks (3.22%), ETA: 77:17:51, Rate: 7.8 cps, Current: -101, 74
[25Aug2026 11:39:20.497] [Server thread/INFO] [net.minecraft.server.MinecraftServer/]: [Chunky] Task running for minecraft:overworld. Processed: 72471 chunks (3.22%), ETA: 75:44:17, Rate: 8.0 cps, Current: -103, 79
[25Aug2026 11:39:21.497] [Server thread/INFO] [net.minecraft.server.MinecraftServer/]: [Chunky] Task running for minecraft:overworld. Processed: 72481 chunks (3.22%), ETA: 75:06:51, Rate: 8.1 cps, Current: -107, 79
[25Aug2026 11:39:22.788] [Server thread/INFO] [net.minecraft.server.MinecraftServer/]: [Chunky] Task running for minecraft:overworld. Processed: 72500 chunks (3.22%), ETA: 70:38:46, Rate: 8.6 cps, Current: -111, 77
[25Aug2026 11:39:23.807] [Server thread/INFO] [net.minecraft.server.MinecraftServer/]: [Chunky] Task running for minecraft:overworld. Processed: 72518 chunks (3.22%), ETA: 68:15:34, Rate: 8.9 cps, Current: -104, 75
[25Aug2026 11:39:26.093] [Server thread/INFO] [net.minecraft.server.MinecraftServer/]: [Chunky] Task running for minecraft:overworld. Processed: 72545 chunks (3.22%), ETA: 62:35:31, Rate: 9.7 cps, Current: -107, 72
[25Aug2026 11:39:27.135] [Server thread/INFO] [net.minecraft.server.MinecraftServer/]: [Chunky] Task running for minecraft:overworld. Processed: 72568 chunks (3.22%), ETA: 54:41:57, Rate: 11.1 cps, Current: -109, 69
[25Aug2026 11:39:28.257] [Server thread/INFO] [net.minecraft.server.MinecraftServer/]: [Chunky] Task running for minecraft:overworld. Processed: 72596 chunks (3.22%), ETA: 52:05:34, Rate: 11.6 cps, Current: -107, 64
[25Aug2026 11:39:29.606] [Server thread/INFO] [net.minecraft.server.MinecraftServer/]: [Chunky] Task running for minecraft:overworld. Processed: 72614 chunks (3.22%), ETA: 51:44:28, Rate: 11.7 cps, Current: -105, 68
[25Aug2026 11:39:30.908] [Server thread/INFO] [net.minecraft.server.MinecraftServer/]: [Chunky] Task running for minecraft:overworld. Processed: 72619 chunks (3.22%), ETA: 50:11:44, Rate: 12.1 cps, Current: -103, 64
[25Aug2026 11:39:31.943] [Server thread/INFO] [net.minecraft.server.MinecraftServer/]: [Chunky] Task running for minecraft:overworld. Processed: 72649 chunks (3.22%), ETA: 47:43:32, Rate: 12.7 cps, Current: -97, 71
[25Aug2026 11:39:33.057] [Server thread/INFO] [net.minecraft.server.MinecraftServer/]: [Chunky] Task running for minecraft:overworld. Processed: 72679 chunks (3.23%), ETA: 45:45:49, Rate: 13.2 cps, Current: -97, 66
[25Aug2026 11:39:38.247] [Server thread/INFO] [net.minecraft.server.MinecraftServer/]: [Chunky] Task running for minecraft:overworld. Processed: 72696 chunks (3.23%), ETA: 50:03:48, Rate: 12.1 cps, Current: -125, 98
[25Aug2026 11:39:40.394] [Server thread/INFO] [net.minecraft.server.MinecraftServer/]: [Chunky] Task running for minecraft:overworld. Processed: 72702 chunks (3.23%), ETA: 52:14:20, Rate: 11.6 cps, Current: -124, 100
[25Aug2026 11:39:42.170] [Server thread/INFO] [net.minecraft.server.MinecraftServer/]: [Chunky] Task running for minecraft:overworld. Processed: 72706 chunks (3.23%), ETA: 55:59:40, Rate: 10.8 cps, Current: -123, 101
[25Aug2026 11:39:43.891] [Server thread/INFO] [net.minecraft.server.MinecraftServer/]: [Chunky] Task running for minecraft:overworld. Processed: 72719 chunks (3.23%), ETA: 59:03:29, Rate: 10.3 cps, Current: -127, 99
[25Aug2026 11:39:45.068] [Server thread/INFO] [net.minecraft.server.MinecraftServer/]: [Chunky] Task running for minecraft:overworld. Processed: 72722 chunks (3.23%), ETA: 61:23:51, Rate: 9.9 cps, Current: -127, 102
[25Aug2026 11:39:46.344] [Server thread/INFO] [net.minecraft.server.MinecraftServer/]: [Chunky] Task running for minecraft:overworld. Processed: 72729 chunks (3.23%), ETA: 61:51:43, Rate: 9.8 cps, Current: -121, 96
[25Aug2026 11:39:47.501] [Server thread/INFO] [net.minecraft.server.MinecraftServer/]: [Chunky] Task running for minecraft:overworld. Processed: 72733 chunks (3.23%), ETA: 62:50:33, Rate: 9.6 cps, Current: -122, 99
[25Aug2026 11:39:49.055] [Server thread/INFO] [net.minecraft.server.MinecraftServer/]: [Chunky] Task running for minecraft:overworld. Processed: 72742 chunks (3.23%), ETA: 64:04:51, Rate: 9.5 cps, Current: -118, 96
[25Aug2026 11:39:50.425] [Server thread/INFO] [net.minecraft.server.MinecraftServer/]: [Chunky] Task running for minecraft:overworld. Processed: 72749 chunks (3.23%), ETA: 65:26:57, Rate: 9.3 cps, Current: -114, 96
[25Aug2026 11:39:51.687] [Server thread/INFO] [net.minecraft.server.MinecraftServer/]: [Chunky] Task running for minecraft:overworld. Processed: 72756 chunks (3.23%), ETA: 66:23:45, Rate: 9.1 cps, Current: -121, 99
[25Aug2026 11:39:52.968] [Server thread/INFO] [net.minecraft.server.MinecraftServer/]: [Chunky] Task running for minecraft:overworld. Processed: 72765 chunks (3.23%), ETA: 70:49:15, Rate: 8.6 cps, Current: -121, 100
[25Aug2026 11:39:53.992] [Server thread/INFO] [net.minecraft.server.MinecraftServer/]: [Chunky] Task running for minecraft:overworld. Processed: 72767 chunks (3.23%), ETA: 72:44:33, Rate: 8.3 cps, Current: -115, 100
[25Aug2026 11:39:55.446] [Server thread/INFO] [net.minecraft.server.MinecraftServer/]: [Chunky] Task running for minecraft:overworld. Processed: 72771 chunks (3.23%), ETA: 78:18:41, Rate: 7.7 cps, Current: -114, 99
[25Aug2026 11:39:57.024] [Server thread/INFO] [net.minecraft.server.MinecraftServer/]: [Chunky] Task running for minecraft:overworld. Processed: 72787 chunks (3.23%), ETA: 82:16:31, Rate: 7.4 cps, Current: -115, 102
[25Aug2026 11:39:59.512] [Server thread/DEBUG] [net.minecraftforge.common.ForgeHooks/WP]: Gathering id map for writing to world save world
[25Aug2026 11:39:59.537] [Server thread/DEBUG] [net.minecraftforge.common.ForgeHooks/WP]: ID Map collection complete world
[25Aug2026 11:40:00.781] [Server thread/INFO] [net.minecraft.server.MinecraftServer/]: [Chunky] Task running for minecraft:overworld. Processed: 72790 chunks (3.23%), ETA: 105:10:59, Rate: 5.8 cps, Current: -105, 95
[25Aug2026 11:40:02.385] [Server thread/INFO] [net.minecraft.server.MinecraftServer/]: [Chunky] Task running for minecraft:overworld. Processed: 72798 chunks (3.23%), ETA: 148:00:41, Rate: 4.1 cps, Current: -98, 95
[25Aug2026 11:40:03.893] [Server thread/INFO] [net.minecraft.server.MinecraftServer/]: [Chunky] Task running for minecraft:overworld. Processed: 72810 chunks (3.23%), ETA: 135:03:02, Rate: 4.5 cps, Current: -115, 103
[25Aug2026 11:40:05.672] [Server thread/INFO] [net.minecraft.server.MinecraftServer/]: [Chunky] Task running for minecraft:overworld. Processed: 72817 chunks (3.23%), ETA: 136:08:14, Rate: 4.4 cps, Current: -114, 104
[25Aug2026 11:40:06.756] [Server thread/INFO] [net.minecraft.server.MinecraftServer/]: [Chunky] Task running for minecraft:overworld. Processed: 72820 chunks (3.23%), ETA: 138:07:18, Rate: 4.4 cps, Current: -116, 106
[25Aug2026 11:40:07.955] [Server thread/INFO] [net.minecraft.server.MinecraftServer/]: [Chunky] Task running for minecraft:overworld. Processed: 72823 chunks (3.23%), ETA: 140:33:25, Rate: 4.3 cps, Current: -115, 107
[25Aug2026 11:40:09.351] [Server thread/INFO] [net.minecraft.server.MinecraftServer/]: [Chunky] Task running for minecraft:overworld. Processed: 72827 chunks (3.23%), ETA: 139:10:59, Rate: 4.4 cps, Current: -124, 96
[25Aug2026 11:40:10.406] [Server thread/INFO] [net.minecraft.server.MinecraftServer/]: [Chunky] Task running for minecraft:overworld. Processed: 72832 chunks (3.23%), ETA: 134:38:38, Rate: 4.5 cps, Current: -114, 109
[25Aug2026 11:40:11.432] [Server thread/INFO] [net.minecraft.server.MinecraftServer/]: [Chunky] Task running for minecraft:overworld. Processed: 72836 chunks (3.23%), ETA: 135:16:32, Rate: 4.5 cps, Current: -116, 108
[25Aug2026 11:40:12.599] [Server thread/INFO] [net.minecraft.server.MinecraftServer/]: [Chunky] Task running for minecraft:overworld. Processed: 72841 chunks (3.23%), ETA: 141:20:45, Rate: 4.3 cps, Current: -117, 108
[25Aug2026 11:40:14.484] [Server thread/INFO] [net.minecraft.server.MinecraftServer/]: [Chunky] Task running for minecraft:overworld. Processed: 72848 chunks (3.23%), ETA: 140:16:28, Rate: 4.3 cps, Current: -118, 109
[25Aug2026 11:40:15.655] [Server thread/INFO] [net.minecraft.server.MinecraftServer/]: [Chunky] Task running for minecraft:overworld. Processed: 72854 chunks (3.23%), ETA: 140:52:23, Rate: 4.3 cps, Current: -120, 103
[25Aug2026 11:40:16.747] [Server thread/INFO] [net.minecraft.server.MinecraftServer/]: [Chunky] Task running for minecraft:overworld. Processed: 72860 chunks (3.23%), ETA: 138:21:51, Rate: 4.4 cps, Current: -121, 103
[25Aug2026 11:40:17.991] [Server thread/INFO] [net.minecraft.server.MinecraftServer/]: [Chunky] Task running for minecraft:overworld. Processed: 72863 chunks (3.23%), ETA: 143:38:05, Rate: 4.2 cps, Current: -122, 103
[25Aug2026 11:40:19.423] [Server thread/INFO] [net.minecraft.server.MinecraftServer/]: [Chunky] Task running for minecraft:overworld. Processed: 72876 chunks (3.23%), ETA: 137:11:40, Rate: 4.4 cps, Current: -121, 110
[25Aug2026 11:40:20.702] [Server thread/INFO] [net.minecraft.server.MinecraftServer/]: [Chunky] Task running for minecraft:overworld. Processed: 72880 chunks (3.23%), ETA: 140:34:09, Rate: 4.3 cps, Current: -123, 105
[25Aug2026 11:40:21.946] [Server thread/INFO] [net.minecraft.server.MinecraftServer/]: [Chunky] Task running for minecraft:overworld. Processed: 72886 chunks (3.24%), ETA: 143:50:30, Rate: 4.2 cps, Current: -124, 103
[25Aug2026 11:40:23.379] [Server thread/INFO] [net.minecraft.server.MinecraftServer/]: [Chunky] Task running for minecraft:overworld. Processed: 72895 chunks (3.24%), ETA: 137:57:21, Rate: 4.4 cps, Current: -126, 104
[25Aug2026 11:40:24.380] [Server thread/INFO] [net.minecraft.server.MinecraftServer/]: [Chunky] Task running for minecraft:overworld. Processed: 72900 chunks (3.24%), ETA: 134:47:03, Rate: 4.5 cps, Current: -127, 105
[25Aug2026 11:40:25.438] [Server thread/INFO] [net.minecraft.server.MinecraftServer/]: [Chunky] Task running for minecraft:overworld. Processed: 72906 chunks (3.24%), ETA: 133:32:55, Rate: 4.5 cps, Current: -127, 107
[25Aug2026 11:40:26.477] [Server thread/INFO] [net.minecraft.server.MinecraftServer/]: [Chunky] Task running for minecraft:overworld. Processed: 72910 chunks (3.24%), ETA: 143:50:24, Rate: 4.2 cps, Current: -127, 108
[25Aug2026 11:40:28.361] [Server thread/INFO] [net.minecraft.server.MinecraftServer/]: [Chunky] Task running for minecraft:overworld. Processed: 72917 chunks (3.24%), ETA: 130:28:42, Rate: 4.6 cps, Current: -127, 110
[25Aug2026 11:40:31.469] [Server thread/INFO] [net.minecraft.server.MinecraftServer/]: [Chunky] Task running for minecraft:overworld. Processed: 72918 chunks (3.24%), ETA: 145:33:32, Rate: 4.2 cps, Current: -128, 99
[25Aug2026 11:40:33.420] [Server thread/INFO] [net.minecraft.server.MinecraftServer/]: [Chunky] Task running for minecraft:overworld. Processed: 72925 chunks (3.24%), ETA: 154:08:43, Rate: 3.9 cps, Current: -127, 114
[25Aug2026 11:40:34.440] [Server thread/INFO] [net.minecraft.server.MinecraftServer/]: [Chunky] Task running for minecraft:overworld. Processed: 72932 chunks (3.24%), ETA: 150:10:00, Rate: 4.0 cps, Current: -124, 111
[25Aug2026 11:40:35.638] [Server thread/INFO] [net.minecraft.server.MinecraftServer/]: [Chunky] Task running for minecraft:overworld. Processed: 72937 chunks (3.24%), ETA: 149:58:19, Rate: 4.0 cps, Current: -123, 112
[25Aug2026 11:40:37.170] [Server thread/INFO] [net.minecraft.server.MinecraftServer/]: [Chunky] Task running for minecraft:overworld. Processed: 72943 chunks (3.24%), ETA: 146:12:46, Rate: 4.1 cps, Current: -113, 97
[25Aug2026 11:40:39.669] [Server thread/INFO] [net.minecraft.server.MinecraftServer/]: [Chunky] Task running for minecraft:overworld. Processed: 72949 chunks (3.24%), ETA: 150:10:34, Rate: 4.0 cps, Current: -123, 115
[25Aug2026 11:40:40.739] [Server thread/INFO] [net.minecraft.server.MinecraftServer/]: [Chunky] Task running for minecraft:overworld. Processed: 72953 chunks (3.24%), ETA: 150:24:06, Rate: 4.0 cps, Current: -113, 98
[25Aug2026 11:40:43.318] [Server thread/INFO] [net.minecraft.server.MinecraftServer/]: [Chunky] Task running for minecraft:overworld. Processed: 72957 chunks (3.24%), ETA: 158:43:49, Rate: 3.8 cps, Current: -122, 117
[25Aug2026 11:40:44.920] [Server thread/INFO] [net.minecraft.server.MinecraftServer/]: [Chunky] Task running for minecraft:overworld. Processed: 72964 chunks (3.24%), ETA: 159:39:23, Rate: 3.8 cps, Current: -124, 115
[25Aug2026 11:40:45.929] [Server thread/INFO] [net.minecraft.server.MinecraftServer/]: [Chunky] Task running for minecraft:overworld. Processed: 72971 chunks (3.24%), ETA: 157:47:14, Rate: 3.8 cps, Current: -126, 115
[25Aug2026 11:40:47.429] [Server thread/INFO] [net.minecraft.server.MinecraftServer/]: [Chunky] Task running for minecraft:overworld. Processed: 72978 chunks (3.24%), ETA: 153:40:37, Rate: 3.9 cps, Current: -126, 118
[25Aug2026 11:40:49.721] [Server thread/INFO] [net.minecraft.server.MinecraftServer/]: [Chunky] Task running for minecraft:overworld. Processed: 72981 chunks (3.24%), ETA: 172:16:55, Rate: 3.5 cps, Current: -127, 119
[25Aug2026 11:40:50.742] [Server thread/INFO] [net.minecraft.server.MinecraftServer/]: [Chunky] Task running for minecraft:overworld. Processed: 72985 chunks (3.24%), ETA: 174:22:37, Rate: 3.5 cps, Current: -113, 106
[25Aug2026 11:40:52.749] [Server thread/INFO] [net.minecraft.server.MinecraftServer/]: [Chunky] Task running for minecraft:overworld. Processed: 72988 chunks (3.24%), ETA: 189:12:18, Rate: 3.2 cps, Current: -126, 121
[25Aug2026 11:40:53.942] [Server thread/INFO] [net.minecraft.server.MinecraftServer/]: [Chunky] Task running for minecraft:overworld. Processed: 72992 chunks (3.24%), ETA: 192:29:21, Rate: 3.1 cps, Current: -121, 111
[25Aug2026 11:40:55.619] [Server thread/INFO] [net.minecraft.server.MinecraftServer/]: [Chunky] Task running for minecraft:overworld. Processed: 72995 chunks (3.24%), ETA: 205:12:23, Rate: 3.0 cps, Current: -120, 111
[25Aug2026 11:40:56.935] [Server thread/INFO] [net.minecraft.server.MinecraftServer/]: [Chunky] Task running for minecraft:overworld. Processed: 72997 chunks (3.24%), ETA: 213:37:36, Rate: 2.8 cps, Current: -113, 111
[25Aug2026 11:40:59.178] [Server thread/INFO] [net.minecraft.server.MinecraftServer/]: [Chunky] Task running for minecraft:overworld. Processed: 73003 chunks (3.24%), ETA: 195:06:30, Rate: 3.1 cps, Current: -127, 123
[25Aug2026 11:41:00.294] [Server thread/INFO] [net.minecraft.server.MinecraftServer/]: [Chunky] Task running for minecraft:overworld. Processed: 73009 chunks (3.24%), ETA: 189:43:44, Rate: 3.2 cps, Current: -126, 125
[25Aug2026 11:41:01.301] [Server thread/INFO] [net.minecraft.server.MinecraftServer/]: [Chunky] Task running for minecraft:overworld. Processed: 73012 chunks (3.24%), ETA: 190:09:22, Rate: 3.2 cps, Current: -125, 119
[25Aug2026 11:41:02.643] [Server thread/INFO] [net.minecraft.server.MinecraftServer/]: [Chunky] Task running for minecraft:overworld. Processed: 73018 chunks (3.24%), ETA: 188:15:42, Rate: 3.2 cps, Current: -125, 124
[25Aug2026 11:41:03.939] [Server thread/INFO] [net.minecraft.server.MinecraftServer/]: [Chunky] Task running for minecraft:overworld. Processed: 73020 chunks (3.24%), ETA: 200:43:22, Rate: 3.0 cps, Current: -124, 124
[25Aug2026 11:41:05.624] [Server thread/INFO] [net.minecraft.server.MinecraftServer/]: [Chunky] Task running for minecraft:overworld. Processed: 73025 chunks (3.24%), ETA: 204:01:20, Rate: 3.0 cps, Current: -125, 126
[25Aug2026 11:41:06.771] [Server thread/INFO] [net.minecraft.server.MinecraftServer/]: [Chunky] Task running for minecraft:overworld. Processed: 73039 chunks (3.24%), ETA: 184:47:27, Rate: 3.3 cps, Current: -122, 122
[25Aug2026 11:41:07.993] [Server thread/INFO] [net.minecraft.server.MinecraftServer/]: [Chunky] Task running for minecraft:overworld. Processed: 73044 chunks (3.24%), ETA: 178:39:38, Rate: 3.4 cps, Current: -121, 112
[25Aug2026 11:41:09.337] [Server thread/INFO] [net.minecraft.server.MinecraftServer/]: [Chunky] Task running for minecraft:overworld. Processed: 73051 chunks (3.24%), ETA: 174:24:49, Rate: 3.5 cps, Current: -121, 119
[25Aug2026 11:41:10.796] [Server thread/INFO] [net.minecraft.server.MinecraftServer/]: [Chunky] Task running for minecraft:overworld. Processed: 73054 chunks (3.24%), ETA: 169:47:32, Rate: 3.6 cps, Current: -121, 121
[25Aug2026 11:41:12.185] [Server thread/INFO] [net.minecraft.server.MinecraftServer/]: [Chunky] Task running for minecraft:overworld. Processed: 73057 chunks (3.24%), ETA: 173:04:35, Rate: 3.5 cps, Current: -121, 122
[25Aug2026 11:41:13.476] [Server thread/INFO] [net.minecraft.server.MinecraftServer/]: [Chunky] Task running for minecraft:overworld. Processed: 73064 chunks (3.24%), ETA: 171:12:40, Rate: 3.5 cps, Current: -121, 124
[25Aug2026 11:41:14.504] [Server thread/INFO] [net.minecraft.server.MinecraftServer/]: [Chunky] Task running for minecraft:overworld. Processed: 73069 chunks (3.24%), ETA: 169:00:27, Rate: 3.6 cps, Current: -119, 123
[25Aug2026 11:41:15.736] [Server thread/INFO] [net.minecraft.server.MinecraftServer/]: [Chunky] Task running for minecraft:overworld. Processed: 73076 chunks (3.24%), ETA: 170:16:30, Rate: 3.6 cps, Current: -118, 125
[25Aug2026 11:41:17.249] [Server thread/INFO] [net.minecraft.server.MinecraftServer/]: [Chunky] Task running for minecraft:overworld. Processed: 73078 chunks (3.24%), ETA: 178:46:56, Rate: 3.4 cps, Current: -117, 125
[25Aug2026 11:41:19.990] [Server thread/INFO] [net.minecraft.server.MinecraftServer/]: [Chunky] Task running for minecraft:overworld. Processed: 73084 chunks (3.24%), ETA: 177:06:22, Rate: 3.4 cps, Current: -115, 126
[25Aug2026 11:41:21.257] [Server thread/INFO] [net.minecraft.server.MinecraftServer/]: [Chunky] Task running for minecraft:overworld. Processed: 73091 chunks (3.24%), ETA: 165:59:06, Rate: 3.6 cps, Current: -128, 110
[25Aug2026 11:41:22.393] [Server thread/INFO] [net.minecraft.server.MinecraftServer/]: [Chunky] Task running for minecraft:overworld. Processed: 73096 chunks (3.24%), ETA: 164:40:54, Rate: 3.7 cps, Current: -114, 124
[25Aug2026 11:41:23.746] [Server thread/INFO] [net.minecraft.server.MinecraftServer/]: [Chunky] Task running for minecraft:overworld. Processed: 73104 chunks (3.24%), ETA: 159:42:13, Rate: 3.8 cps, Current: -115, 122
[25Aug2026 11:41:24.944] [Server thread/INFO] [net.minecraft.server.MinecraftServer/]: [Chunky] Task running for minecraft:overworld. Processed: 73109 chunks (3.24%), ETA: 154:24:32, Rate: 3.9 cps, Current: -116, 120
[25Aug2026 11:41:26.066] [Server thread/INFO] [net.minecraft.server.MinecraftServer/]: [Chunky] Task running for minecraft:overworld. Processed: 73113 chunks (3.25%), ETA: 150:45:54, Rate: 4.0 cps, Current: -115, 120
[25Aug2026 11:41:28.108] [Server thread/INFO] [net.minecraft.server.MinecraftServer/]: [Chunky] Task running for minecraft:overworld. Processed: 73115 chunks (3.25%), ETA: 155:01:29, Rate: 3.9 cps, Current: -115, 117
[25Aug2026 11:41:29.142] [Server thread/INFO] [net.minecraft.server.MinecraftServer/]: [Chunky] Task running for minecraft:overworld. Processed: 73121 chunks (3.25%), ETA: 152:28:10, Rate: 4.0 cps, Current: -114, 119
[25Aug2026 11:41:30.317] [Server thread/INFO] [net.minecraft.server.MinecraftServer/]: [Chunky] Task running for minecraft:overworld. Processed: 73137 chunks (3.25%), ETA: 139:26:31, Rate: 4.3 cps, Current: -119, 116
[25Aug2026 11:41:31.421] [Server thread/INFO] [net.minecraft.server.MinecraftServer/]: [Chunky] Task running for minecraft:overworld. Processed: 73163 chunks (3.25%), ETA: 119:21:06, Rate: 5.1 cps, Current: -128, 113
[25Aug2026 11:41:32.872] [Server thread/INFO] [net.minecraft.server.MinecraftServer/]: [Chunky] Task running for minecraft:overworld. Processed: 73174 chunks (3.25%), ETA: 113:01:50, Rate: 5.4 cps, Current: -128, 115
[25Aug2026 11:41:34.774] [Server thread/INFO] [net.minecraft.server.MinecraftServer/]: [Chunky] Task running for minecraft:overworld. Processed: 73181 chunks (3.25%), ETA: 112:25:24, Rate: 5.4 cps, Current: -112, 113
[25Aug2026 11:41:36.459] [Server thread/INFO] [net.minecraft.server.MinecraftServer/]: [Chunky] Task running for minecraft:overworld. Processed: 73185 chunks (3.25%), ETA: 122:17:13, Rate: 5.0 cps, Current: -111, 113
[25Aug2026 11:41:39.157] [Server thread/INFO] [net.minecraft.server.MinecraftServer/]: [Chunky] Task running for minecraft:overworld. Processed: 73188 chunks (3.25%), ETA: 130:50:44, Rate: 4.6 cps, Current: -128, 120
[25Aug2026 11:41:40.594] [Server thread/INFO] [net.minecraft.server.MinecraftServer/]: [Chunky] Task running for minecraft:overworld. Processed: 73192 chunks (3.25%), ETA: 129:47:58, Rate: 4.7 cps, Current: -109, 113
[25Aug2026 11:41:41.746] [Server thread/INFO] [net.minecraft.server.MinecraftServer/]: [Chunky] Task running for minecraft:overworld. Processed: 73197 chunks (3.25%), ETA: 126:56:41, Rate: 4.8 cps, Current: -109, 114
[25Aug2026 11:41:42.807] [Server thread/INFO] [net.minecraft.server.MinecraftServer/]: [Chunky] Task running for minecraft:overworld. Processed: 73202 chunks (3.25%), ETA: 127:46:08, Rate: 4.7 cps, Current: -128, 126
[25Aug2026 11:41:43.841] [Server thread/INFO] [net.minecraft.server.MinecraftServer/]: [Chunky] Task running for minecraft:overworld. Processed: 73208 chunks (3.25%), ETA: 126:52:55, Rate: 4.8 cps, Current: -113, 116
[25Aug2026 11:41:45.204] [Server thread/INFO] [net.minecraft.server.MinecraftServer/]: [Chunky] Task running for minecraft:overworld. Processed: 73211 chunks (3.25%), ETA: 131:11:49, Rate: 4.6 cps, Current: -107, 116
[25Aug2026 11:41:46.525] [Server thread/INFO] [net.minecraft.server.MinecraftServer/]: [Chunky] Task running for minecraft:overworld. Processed: 73213 chunks (3.25%), ETA: 130:20:31, Rate: 4.6 cps, Current: -113, 117
[25Aug2026 11:41:47.683] [Server thread/INFO] [net.minecraft.server.MinecraftServer/]: [Chunky] Task running for minecraft:overworld. Processed: 73218 chunks (3.25%), ETA: 124:12:26, Rate: 4.9 cps, Current: -106, 117
[25Aug2026 11:41:48.785] [Server thread/INFO] [net.minecraft.server.MinecraftServer/]: [Chunky] Task running for minecraft:overworld. Processed: 73224 chunks (3.25%), ETA: 123:39:13, Rate: 4.9 cps, Current: -111, 117
[25Aug2026 11:41:50.259] [Server thread/INFO] [net.minecraft.server.MinecraftServer/]: [Chunky] Task running for minecraft:overworld. Processed: 73235 chunks (3.25%), ETA: 121:06:08, Rate: 5.0 cps, Current: -113, 119
[25Aug2026 11:41:51.796] [Server thread/INFO] [net.minecraft.server.MinecraftServer/]: [Chunky] Task running for minecraft:overworld. Processed: 73238 chunks (3.25%), ETA: 124:29:37, Rate: 4.9 cps, Current: -112, 120
[25Aug2026 11:41:53.033] [Server thread/INFO] [net.minecraft.server.MinecraftServer/]: [Chunky] Task running for minecraft:overworld. Processed: 73250 chunks (3.25%), ETA: 120:38:09, Rate: 5.0 cps, Current: -112, 121
[25Aug2026 11:41:54.319] [Server thread/INFO] [net.minecraft.server.MinecraftServer/]: [Chunky] Task running for minecraft:overworld. Processed: 73257 chunks (3.25%), ETA: 119:22:11, Rate: 5.1 cps, Current: -113, 123
[25Aug2026 11:41:55.960] [Server thread/INFO] [net.minecraft.server.MinecraftServer/]: [Chunky] Task running for minecraft:overworld. Processed: 73264 chunks (3.25%), ETA: 119:04:51, Rate: 5.1 cps, Current: -111, 123
[25Aug2026 11:41:57.348] [Server thread/INFO] [net.minecraft.server.MinecraftServer/]: [Chunky] Task running for minecraft:overworld. Processed: 73270 chunks (3.25%), ETA: 113:29:19, Rate: 5.3 cps, Current: -110, 124
[25Aug2026 11:41:58.491] [Server thread/INFO] [net.minecraft.server.MinecraftServer/]: [Chunky] Task running for minecraft:overworld. Processed: 73278 chunks (3.25%), ETA: 112:28:10, Rate: 5.4 cps, Current: -109, 124
[25Aug2026 11:41:59.637] [Server thread/INFO] [net.minecraft.server.MinecraftServer/]: [Chunky] Task running for minecraft:overworld. Processed: 73281 chunks (3.25%), ETA: 122:25:54, Rate: 4.9 cps, Current: -108, 125
[25Aug2026 11:42:00.919] [Server thread/INFO] [net.minecraft.server.MinecraftServer/]: [Chunky] Task running for minecraft:overworld. Processed: 73283 chunks (3.25%), ETA: 147:36:22, Rate: 4.1 cps, Current: -107, 124
[25Aug2026 11:42:01.930] [Server thread/INFO] [net.minecraft.server.MinecraftServer/]: [Chunky] Task running for minecraft:overworld. Processed: 73296 chunks (3.25%), ETA: 143:02:22, Rate: 4.2 cps, Current: -107, 126
[25Aug2026 11:42:02.948] [Server thread/INFO] [net.minecraft.server.MinecraftServer/]: [Chunky] Task running for minecraft:overworld. Processed: 73300 chunks (3.25%), ETA: 142:08:59, Rate: 4.3 cps, Current: -106, 122
[25Aug2026 11:42:08.069] [Server thread/INFO] [net.minecraft.server.MinecraftServer/]: [Chunky] Task running for minecraft:overworld. Processed: 73305 chunks (3.25%), ETA: 148:21:02, Rate: 4.1 cps, Current: -105, 121
[25Aug2026 11:42:09.237] [Server thread/INFO] [net.minecraft.server.MinecraftServer/]: [Chunky] Task running for minecraft:overworld. Processed: 73311 chunks (3.25%), ETA: 144:31:32, Rate: 4.2 cps, Current: -105, 122
[25Aug2026 11:42:10.468] [Server thread/INFO] [net.minecraft.server.MinecraftServer/]: [Chunky] Task running for minecraft:overworld. Processed: 73319 chunks (3.25%), ETA: 141:18:54, Rate: 4.3 cps, Current: -104, 124
[25Aug2026 11:42:11.489] [Server thread/INFO] [net.minecraft.server.MinecraftServer/]: [Chunky] Task running for minecraft:overworld. Processed: 73323 chunks (3.25%), ETA: 141:47:53, Rate: 4.3 cps, Current: -104, 126
[25Aug2026 11:42:12.739] [Server thread/INFO] [net.minecraft.server.MinecraftServer/]: [Chunky] Task running for minecraft:overworld. Processed: 73331 chunks (3.25%), ETA: 139:24:20, Rate: 4.3 cps, Current: -103, 126
[25Aug2026 11:42:13.755] [Server thread/INFO] [net.minecraft.server.MinecraftServer/]: [Chunky] Task running for minecraft:overworld. Processed: 73347 chunks (3.26%), ETA: 129:22:09, Rate: 4.7 cps, Current: -97, 124
[25Aug2026 11:42:15.226] [Server thread/INFO] [net.minecraft.server.MinecraftServer/]: [Chunky] Task running for minecraft:overworld. Processed: 73362 chunks (3.26%), ETA: 115:50:52, Rate: 5.2 cps, Current: -99, 121
[25Aug2026 11:42:16.475] [Server thread/INFO] [net.minecraft.server.MinecraftServer/]: [Chunky] Task running for minecraft:overworld. Processed: 73369 chunks (3.26%), ETA: 115:29:56, Rate: 5.2 cps, Current: -98, 120
[25Aug2026 11:42:17.559] [Server thread/INFO] [net.minecraft.server.MinecraftServer/]: [Chunky] Task running for minecraft:overworld. Processed: 73379 chunks (3.26%), ETA: 111:39:25, Rate: 5.4 cps, Current: -98, 118
[25Aug2026 11:42:18.907] [Server thread/INFO] [net.minecraft.server.MinecraftServer/]: [Chunky] Task running for minecraft:overworld. Processed: 73394 chunks (3.26%), ETA: 108:24:32, Rate: 5.6 cps, Current: -103, 117
[25Aug2026 11:42:20.026] [Server thread/INFO] [net.minecraft.server.MinecraftServer/]: [Chunky] Task running for minecraft:overworld. Processed: 73405 chunks (3.26%), ETA: 105:23:35, Rate: 5.7 cps, Current: -115, 127
[25Aug2026 11:42:21.427] [Server thread/INFO] [net.minecraft.server.MinecraftServer/]: [Chunky] Task running for minecraft:overworld. Processed: 73410 chunks (3.26%), ETA: 103:42:07, Rate: 5.8 cps, Current: -101, 116
[25Aug2026 11:42:22.722] [Server thread/INFO] [net.minecraft.server.MinecraftServer/]: [Chunky] Task running for minecraft:overworld. Processed: 73419 chunks (3.26%), ETA: 105:44:04, Rate: 5.7 cps, Current: -98, 115
[25Aug2026 11:42:23.858] [Server thread/INFO] [net.minecraft.server.MinecraftServer/]: [Chunky] Task running for minecraft:overworld. Processed: 73439 chunks (3.26%), ETA: 97:43:34, Rate: 6.2 cps, Current: -97, 112
[25Aug2026 11:42:25.175] [Server thread/INFO] [net.minecraft.server.MinecraftServer/]: [Chunky] Task running for minecraft:overworld. Processed: 73446 chunks (3.26%), ETA: 96:39:14, Rate: 6.3 cps, Current: -99, 111
[25Aug2026 11:42:26.535] [Server thread/INFO] [net.minecraft.server.MinecraftServer/]: [Chunky] Task running for minecraft:overworld. Processed: 73451 chunks (3.26%), ETA: 97:05:30, Rate: 6.2 cps, Current: -97, 108
[25Aug2026 11:42:27.606] [Server thread/INFO] [net.minecraft.server.MinecraftServer/]: [Chunky] Task running for minecraft:overworld. Processed: 73459 chunks (3.26%), ETA: 96:50:54, Rate: 6.3 cps, Current: -98, 105
[25Aug2026 11:42:29.506] [Server thread/INFO] [net.minecraft.server.MinecraftServer/]: [Chunky] Task running for minecraft:overworld. Processed: 73466 chunks (3.26%), ETA: 97:13:22, Rate: 6.2 cps, Current: -100, 106
[25Aug2026 11:42:30.929] [Server thread/INFO] [net.minecraft.server.MinecraftServer/]: [Chunky] Task running for minecraft:overworld. Processed: 73473 chunks (3.26%), ETA: 98:37:59, Rate: 6.1 cps, Current: -102, 106
[25Aug2026 11:42:31.956] [Server thread/INFO] [net.minecraft.server.MinecraftServer/]: [Chunky] Task running for minecraft:overworld. Processed: 73479 chunks (3.26%), ETA: 97:34:14, Rate: 6.2 cps, Current: -101, 108
[25Aug2026 11:42:32.992] [Server thread/INFO] [net.minecraft.server.MinecraftServer/]: [Chunky] Task running for minecraft:overworld. Processed: 73492 chunks (3.26%), ETA: 80:15:35, Rate: 7.5 cps, Current: -103, 107
[25Aug2026 11:42:34.376] [Server thread/INFO] [net.minecraft.server.MinecraftServer/]: [Chunky] Task running for minecraft:overworld. Processed: 73498 chunks (3.26%), ETA: 82:05:47, Rate: 7.4 cps, Current: -105, 112
[25Aug2026 11:42:35.504] [Server thread/INFO] [net.minecraft.server.MinecraftServer/]: [Chunky] Task running for minecraft:overworld. Processed: 73509 chunks (3.26%), ETA: 81:01:19, Rate: 7.5 cps, Current: -108, 111
[25Aug2026 11:42:36.624] [Server thread/INFO] [net.minecraft.server.MinecraftServer/]: [Chunky] Task running for minecraft:overworld. Processed: 73519 chunks (3.26%), ETA: 80:24:25, Rate: 7.5 cps, Current: -111, 110
[25Aug2026 11:42:37.923] [Server thread/INFO] [net.minecraft.server.MinecraftServer/]: [Chunky] Task running for minecraft:overworld. Processed: 73533 chunks (3.26%), ETA: 78:55:20, Rate: 7.7 cps, Current: -110, 108
[25Aug2026 11:42:38.968] [Server thread/INFO] [net.minecraft.server.MinecraftServer/]: [Chunky] Task running for minecraft:overworld. Processed: 73541 chunks (3.26%), ETA: 77:55:08, Rate: 7.8 cps, Current: -112, 107
[25Aug2026 11:42:40.377] [Server thread/INFO] [net.minecraft.server.MinecraftServer/]: [Chunky] Task running for minecraft:overworld. Processed: 73554 chunks (3.26%), ETA: 76:43:27, Rate: 7.9 cps, Current: -106, 106
[25Aug2026 11:42:41.382] [Server thread/INFO] [net.minecraft.server.MinecraftServer/]: [Chunky] Task running for minecraft:overworld. Processed: 73564 chunks (3.27%), ETA: 74:46:54, Rate: 8.1 cps, Current: -110, 105
[25Aug2026 11:42:43.197] [Server thread/INFO] [net.minecraft.server.MinecraftServer/]: [Chunky] Task running for minecraft:overworld. Processed: 73567 chunks (3.27%), ETA: 80:39:07, Rate: 7.5 cps, Current: -106, 104
[25Aug2026 11:42:44.451] [Server thread/INFO] [net.minecraft.server.MinecraftServer/]: [Chunky] Task running for minecraft:overworld. Processed: 73576 chunks (3.27%), ETA: 82:17:29, Rate: 7.4 cps, Current: -110, 104
[25Aug2026 11:42:46.365] [Server thread/INFO] [net.minecraft.server.MinecraftServer/]: [Chunky] Task running for minecraft:overworld. Processed: 73590 chunks (3.27%), ETA: 81:30:35, Rate: 7.4 cps, Current: -107, 100
[25Aug2026 11:42:47.599] [Server thread/INFO] [net.minecraft.server.MinecraftServer/]: [Chunky] Task running for minecraft:overworld. Processed: 73627 chunks (3.27%), ETA: 74:13:44, Rate: 8.2 cps, Current: -107, 96
[25Aug2026 11:42:48.621] [Server thread/INFO] [net.minecraft.server.MinecraftServer/]: [Chunky] Task running for minecraft:overworld. Processed: 73640 chunks (3.27%), ETA: 72:49:36, Rate: 8.3 cps, Current: -105, 103
[25Aug2026 11:42:50.250] [Server thread/INFO] [net.minecraft.server.MinecraftServer/]: [Chunky] Task running for minecraft:overworld. Processed: 73652 chunks (3.27%), ETA: 71:48:19, Rate: 8.4 cps, Current: -102, 104
[25Aug2026 11:42:51.258] [Server thread/INFO] [net.minecraft.server.MinecraftServer/]: [Chunky] Task running for minecraft:overworld. Processed: 73670 chunks (3.27%), ETA: 69:11:26, Rate: 8.7 cps, Current: -101, 103
[25Aug2026 11:42:52.372] [Server thread/INFO] [net.minecraft.server.MinecraftServer/]: [Chunky] Task running for minecraft:overworld. Processed: 73687 chunks (3.27%), ETA: 66:43:30, Rate: 9.1 cps, Current: -102, 97
[25Aug2026 11:42:58.667] [Server thread/INFO] [net.minecraft.server.MinecraftServer/]: [Chunky] Task running for minecraft:overworld. Processed: 73720 chunks (3.27%), ETA: 69:13:35, Rate: 8.7 cps, Current: -126, 130
[25Aug2026 11:42:59.842] [Server thread/INFO] [net.minecraft.server.MinecraftServer/]: [Chunky] Task running for minecraft:overworld. Processed: 73726 chunks (3.27%), ETA: 68:54:28, Rate: 8.8 cps, Current: -124, 132
[25Aug2026 11:43:00.960] [Server thread/INFO] [net.minecraft.server.MinecraftServer/]: [Chunky] Task running for minecraft:overworld. Processed: 73727 chunks (3.27%), ETA: 70:30:46, Rate: 8.6 cps, Current: -125, 133
[25Aug2026 11:43:02.077] [Server thread/INFO] [net.minecraft.server.MinecraftServer/]: [Chunky] Task running for minecraft:overworld. Processed: 73730 chunks (3.27%), ETA: 73:40:05, Rate: 8.2 cps, Current: -123, 133
[25Aug2026 11:43:03.555] [Server thread/INFO] [net.minecraft.server.MinecraftServer/]: [Chunky] Task running for minecraft:overworld. Processed: 73743 chunks (3.27%), ETA: 71:48:10, Rate: 8.4 cps, Current: -127, 132
[25Aug2026 11:43:04.659] [Server thread/INFO] [net.minecraft.server.MinecraftServer/]: [Chunky] Task running for minecraft:overworld. Processed: 73747 chunks (3.27%), ETA: 73:50:41, Rate: 8.2 cps, Current: -125, 134
[25Aug2026 11:43:06.059] [Server thread/INFO] [net.minecraft.server.MinecraftServer/]: [Chunky] Task running for minecraft:overworld. Processed: 73754 chunks (3.27%), ETA: 75:30:05, Rate: 8.0 cps, Current: -120, 128
[25Aug2026 11:43:07.256] [Server thread/INFO] [net.minecraft.server.MinecraftServer/]: [Chunky] Task running for minecraft:overworld. Processed: 73761 chunks (3.27%), ETA: 77:32:32, Rate: 7.8 cps, Current: -119, 129
[25Aug2026 11:43:08.275] [Server thread/INFO] [net.minecraft.server.MinecraftServer/]: [Chunky] Task running for minecraft:overworld. Processed: 73766 chunks (3.27%), ETA: 78:29:56, Rate: 7.7 cps, Current: -118, 128
[25Aug2026 11:43:09.577] [Server thread/INFO] [net.minecraft.server.MinecraftServer/]: [Chunky] Task running for minecraft:overworld. Processed: 73773 chunks (3.27%), ETA: 80:20:42, Rate: 7.5 cps, Current: -117, 129
[25Aug2026 11:43:10.837] [Server thread/INFO] [net.minecraft.server.MinecraftServer/]: [Chunky] Task running for minecraft:overworld. Processed: 73780 chunks (3.27%), ETA: 82:10:01, Rate: 7.4 cps, Current: -121, 131
[25Aug2026 11:43:12.034] [Server thread/INFO] [net.minecraft.server.MinecraftServer/]: [Chunky] Task running for minecraft:overworld. Processed: 73786 chunks (3.28%), ETA: 79:20:45, Rate: 7.6 cps, Current: -121, 132
[25Aug2026 11:43:13.392] [Server thread/INFO] [net.minecraft.server.MinecraftServer/]: [Chunky] Task running for minecraft:overworld. Processed: 73790 chunks (3.28%), ETA: 81:29:02, Rate: 7.4 cps, Current: -115, 132
[25Aug2026 11:43:14.447] [Server thread/INFO] [net.minecraft.server.MinecraftServer/]: [Chunky] Task running for minecraft:overworld. Processed: 73792 chunks (3.28%), ETA: 83:40:32, Rate: 7.2 cps, Current: -116, 133
[25Aug2026 11:43:15.504] [Server thread/INFO] [net.minecraft.server.MinecraftServer/]: [Chunky] Task running for minecraft:overworld. Processed: 73799 chunks (3.28%), ETA: 83:59:39, Rate: 7.2 cps, Current: -118, 132
[25Aug2026 11:43:17.061] [Server thread/INFO] [net.minecraft.server.MinecraftServer/]: [Chunky] Task running for minecraft:overworld. Processed: 73808 chunks (3.28%), ETA: 97:59:25, Rate: 6.2 cps, Current: -119, 134
[25Aug2026 11:43:20.405] [Server thread/INFO] [net.minecraft.server.MinecraftServer/]: [Chunky] Task running for minecraft:overworld. Processed: 73822 chunks (3.28%), ETA: 115:19:00, Rate: 5.2 cps, Current: -119, 135
[25Aug2026 11:43:21.517] [Server thread/INFO] [net.minecraft.server.MinecraftServer/]: [Chunky] Task running for minecraft:overworld. Processed: 73826 chunks (3.28%), ETA: 126:00:41, Rate: 4.8 cps, Current: -117, 135
[25Aug2026 11:43:22.548] [Server thread/INFO] [net.minecraft.server.MinecraftServer/]: [Chunky] Task running for minecraft:overworld. Processed: 73830 chunks (3.28%), ETA: 130:13:55, Rate: 4.6 cps, Current: -118, 138
[25Aug2026 11:43:24.208] [Server thread/INFO] [net.minecraft.server.MinecraftServer/]: [Chunky] Task running for minecraft:overworld. Processed: 73836 chunks (3.28%), ETA: 132:08:29, Rate: 4.6 cps, Current: -114, 135
[25Aug2026 11:43:25.221] [Server thread/INFO] [net.minecraft.server.MinecraftServer/]: [Chunky] Task running for minecraft:overworld. Processed: 73844 chunks (3.28%), ETA: 128:35:22, Rate: 4.7 cps, Current: -114, 138
[25Aug2026 11:43:26.321] [Server thread/INFO] [net.minecraft.server.MinecraftServer/]: [Chunky] Task running for minecraft:overworld. Processed: 73846 chunks (3.28%), ETA: 131:48:09, Rate: 4.6 cps, Current: -115, 139
[25Aug2026 11:43:27.376] [Server thread/INFO] [net.minecraft.server.MinecraftServer/]: [Chunky] Task running for minecraft:overworld. Processed: 73848 chunks (3.28%), ETA: 134:42:51, Rate: 4.5 cps, Current: -123, 128
[25Aug2026 11:43:28.805] [Server thread/INFO] [net.minecraft.server.MinecraftServer/]: [Chunky] Task running for minecraft:overworld. Processed: 73856 chunks (3.28%), ETA: 133:49:50, Rate: 4.5 cps, Current: -115, 141
[25Aug2026 11:43:30.069] [Server thread/INFO] [net.minecraft.server.MinecraftServer/]: [Chunky] Task running for minecraft:overworld. Processed: 73858 chunks (3.28%), ETA: 133:29:10, Rate: 4.5 cps, Current: -116, 139
[25Aug2026 11:43:31.291] [Server thread/INFO] [net.minecraft.server.MinecraftServer/]: [Chunky] Task running for minecraft:overworld. Processed: 73865 chunks (3.28%), ETA: 130:01:37, Rate: 4.7 cps, Current: -117, 140
[25Aug2026 11:43:32.303] [Server thread/INFO] [net.minecraft.server.MinecraftServer/]: [Chunky] Task running for minecraft:overworld. Processed: 73873 chunks (3.28%), ETA: 132:50:10, Rate: 4.6 cps, Current: -119, 140
[25Aug2026 11:43:33.491] [Server thread/INFO] [net.minecraft.server.MinecraftServer/]: [Chunky] Task running for minecraft:overworld. Processed: 73878 chunks (3.28%), ETA: 133:14:23, Rate: 4.5 cps, Current: -120, 136
[25Aug2026 11:43:34.718] [Server thread/INFO] [net.minecraft.server.MinecraftServer/]: [Chunky] Task running for minecraft:overworld. Processed: 73883 chunks (3.28%), ETA: 133:26:34, Rate: 4.5 cps, Current: -121, 135
[25Aug2026 11:43:35.824] [Server thread/INFO] [net.minecraft.server.MinecraftServer/]: [Chunky] Task running for minecraft:overworld. Processed: 73886 chunks (3.28%), ETA: 135:27:59, Rate: 4.5 cps, Current: -121, 141
[25Aug2026 11:43:36.881] [Server thread/INFO] [net.minecraft.server.MinecraftServer/]: [Chunky] Task running for minecraft:overworld. Processed: 73898 chunks (3.28%), ETA: 129:56:36, Rate: 4.7 cps, Current: -122, 137
[25Aug2026 11:43:38.092] [Server thread/INFO] [net.minecraft.server.MinecraftServer/]: [Chunky] Task running for minecraft:overworld. Processed: 73901 chunks (3.28%), ETA: 132:42:31, Rate: 4.6 cps, Current: -123, 135
[25Aug2026 11:43:39.832] [Server thread/INFO] [net.minecraft.server.MinecraftServer/]: [Chunky] Task running for minecraft:overworld. Processed: 73909 chunks (3.28%), ETA: 135:00:21, Rate: 4.5 cps, Current: -128, 130
[25Aug2026 11:43:41.118] [Server thread/INFO] [net.minecraft.server.MinecraftServer/]: [Chunky] Task running for minecraft:overworld. Processed: 73920 chunks (3.28%), ETA: 130:24:14, Rate: 4.6 cps, Current: -125, 138
[25Aug2026 11:43:42.168] [Server thread/INFO] [net.minecraft.server.MinecraftServer/]: [Chunky] Task running for minecraft:overworld. Processed: 73926 chunks (3.28%), ETA: 127:08:21, Rate: 4.8 cps, Current: -126, 139
[25Aug2026 11:43:43.175] [Server thread/INFO] [net.minecraft.server.MinecraftServer/]: [Chunky] Task running for minecraft:overworld. Processed: 73931 chunks (3.28%), ETA: 126:57:01, Rate: 4.8 cps, Current: -125, 140
[25Aug2026 11:43:44.316] [Server thread/INFO] [net.minecraft.server.MinecraftServer/]: [Chunky] Task running for minecraft:overworld. Processed: 73936 chunks (3.28%), ETA: 124:40:57, Rate: 4.9 cps, Current: -125, 141
[25Aug2026 11:43:45.401] [Server thread/INFO] [net.minecraft.server.MinecraftServer/]: [Chunky] Task running for minecraft:overworld. Processed: 73942 chunks (3.28%), ETA: 125:40:11, Rate: 4.8 cps, Current: -127, 142
[25Aug2026 11:43:48.867] [Server thread/INFO] [net.minecraft.server.MinecraftServer/]: [Chunky] Task running for minecraft:overworld. Processed: 73943 chunks (3.28%), ETA: 141:12:43, Rate: 4.3 cps, Current: -128, 132
[25Aug2026 11:43:50.407] [Server thread/INFO] [net.minecraft.server.MinecraftServer/]: [Chunky] Task running for minecraft:overworld. Processed: 73948 chunks (3.28%), ETA: 142:10:29, Rate: 4.3 cps, Current: -127, 144
[25Aug2026 11:43:51.430] [Server thread/INFO] [net.minecraft.server.MinecraftServer/]: [Chunky] Task running for minecraft:overworld. Processed: 73952 chunks (3.28%), ETA: 142:34:20, Rate: 4.2 cps, Current: -126, 145
[25Aug2026 11:43:53.049] [Server thread/INFO] [net.minecraft.server.MinecraftServer/]: [Chunky] Task running for minecraft:overworld. Processed: 73958 chunks (3.28%), ETA: 141:55:41, Rate: 4.3 cps, Current: -124, 143
[25Aug2026 11:43:54.354] [Server thread/INFO] [net.minecraft.server.MinecraftServer/]: [Chunky] Task running for minecraft:overworld. Processed: 73964 chunks (3.28%), ETA: 145:44:03, Rate: 4.2 cps, Current: -125, 145
[25Aug2026 11:43:55.651] [Server thread/INFO] [net.minecraft.server.MinecraftServer/]: [Chunky] Task running for minecraft:overworld. Processed: 73970 chunks (3.28%), ETA: 142:01:45, Rate: 4.3 cps, Current: -122, 146
[25Aug2026 11:43:57.521] [Server thread/INFO] [net.minecraft.server.MinecraftServer/]: [Chunky] Task running for minecraft:overworld. Processed: 73973 chunks (3.28%), ETA: 147:17:59, Rate: 4.1 cps, Current: -123, 147
[25Aug2026 11:43:58.539] [Server thread/INFO] [net.minecraft.server.MinecraftServer/]: [Chunky] Task running for minecraft:overworld. Processed: 73979 chunks (3.28%), ETA: 145:08:10, Rate: 4.2 cps, Current: -113, 132
[25Aug2026 11:44:00.196] [Server thread/INFO] [net.minecraft.server.MinecraftServer/]: [Chunky] Task running for minecraft:overworld. Processed: 73981 chunks (3.28%), ETA: 149:32:09, Rate: 4.0 cps, Current: -122, 149
[25Aug2026 11:44:01.580] [Server thread/INFO] [net.minecraft.server.MinecraftServer/]: [Chunky] Task running for minecraft:overworld. Processed: 73984 chunks (3.28%), ETA: 158:13:18, Rate: 3.8 cps, Current: -113, 134
[25Aug2026 11:44:02.616] [Server thread/INFO] [net.minecraft.server.MinecraftServer/]: [Chunky] Task running for minecraft:overworld. Processed: 73988 chunks (3.28%), ETA: 158:49:05, Rate: 3.8 cps, Current: -124, 150
[25Aug2026 11:44:03.618] [Server thread/INFO] [net.minecraft.server.MinecraftServer/]: [Chunky] Task running for minecraft:overworld. Processed: 73996 chunks (3.28%), ETA: 153:26:36, Rate: 3.9 cps, Current: -126, 148
[25Aug2026 11:44:05.102] [Server thread/INFO] [net.minecraft.server.MinecraftServer/]: [Chunky] Task running for minecraft:overworld. Processed: 74002 chunks (3.28%), ETA: 151:27:51, Rate: 4.0 cps, Current: -126, 150
[25Aug2026 11:44:07.702] [Server thread/INFO] [net.minecraft.server.MinecraftServer/]: [Chunky] Task running for minecraft:overworld. Processed: 74005 chunks (3.28%), ETA: 170:41:16, Rate: 3.5 cps, Current: -127, 151
[25Aug2026 11:44:09.029] [Server thread/INFO] [net.minecraft.server.MinecraftServer/]: [Chunky] Task running for minecraft:overworld. Processed: 74010 chunks (3.28%), ETA: 173:15:25, Rate: 3.5 cps, Current: -127, 152
[25Aug2026 11:44:11.379] [Server thread/INFO] [net.minecraft.server.MinecraftServer/]: [Chunky] Task running for minecraft:overworld. Processed: 74014 chunks (3.29%), ETA: 198:39:32, Rate: 3.0 cps, Current: -126, 153
[25Aug2026 11:44:14.479] [Server thread/INFO] [net.minecraft.server.MinecraftServer/]: [Chunky] Task running for minecraft:overworld. Processed: 74020 chunks (3.29%), ETA: 222:46:42, Rate: 2.7 cps, Current: -119, 143
[25Aug2026 11:44:16.651] [Server thread/INFO] [net.minecraft.server.MinecraftServer/]: [Chunky] Task running for minecraft:overworld. Processed: 74025 chunks (3.29%), ETA: 202:36:45, Rate: 3.0 cps, Current: -127, 155
[25Aug2026 11:44:18.027] [Server thread/INFO] [net.minecraft.server.MinecraftServer/]: [Chunky] Task running for minecraft:overworld. Processed: 74031 chunks (3.29%), ETA: 198:18:38, Rate: 3.1 cps, Current: -126, 158
[25Aug2026 11:44:19.370] [Server thread/INFO] [net.minecraft.server.MinecraftServer/]: [Chunky] Task running for minecraft:overworld. Processed: 74037 chunks (3.29%), ETA: 194:46:54, Rate: 3.1 cps, Current: -125, 151
[25Aug2026 11:44:20.391] [Server thread/INFO] [net.minecraft.server.MinecraftServer/]: [Chunky] Task running for minecraft:overworld. Processed: 74043 chunks (3.29%), ETA: 189:02:41, Rate: 3.2 cps, Current: -125, 157
[25Aug2026 11:44:22.181] [Server thread/INFO] [net.minecraft.server.MinecraftServer/]: [Chunky] Task running for minecraft:overworld. Processed: 74046 chunks (3.29%), ETA: 198:07:08, Rate: 3.1 cps, Current: -124, 157
[25Aug2026 11:44:23.230] [Server thread/INFO] [net.minecraft.server.MinecraftServer/]: [Chunky] Task running for minecraft:overworld. Processed: 74051 chunks (3.29%), ETA: 198:36:07, Rate: 3.0 cps, Current: -124, 158
[25Aug2026 11:44:24.300] [Server thread/INFO] [net.minecraft.server.MinecraftServer/]: [Chunky] Task running for minecraft:overworld. Processed: 74063 chunks (3.29%), ETA: 181:15:04, Rate: 3.3 cps, Current: -122, 153
[25Aug2026 11:44:25.477] [Server thread/INFO] [net.minecraft.server.MinecraftServer/]: [Chunky] Task running for minecraft:overworld. Processed: 74066 chunks (3.29%), ETA: 186:06:28, Rate: 3.3 cps, Current: -122, 158
[25Aug2026 11:44:26.618] [Server thread/INFO] [net.minecraft.server.MinecraftServer/]: [Chunky] Task running for minecraft:overworld. Processed: 74071 chunks (3.29%), ETA: 177:53:27, Rate: 3.4 cps, Current: -121, 146
[25Aug2026 11:44:28.250] [Server thread/INFO] [net.minecraft.server.MinecraftServer/]: [Chunky] Task running for minecraft:overworld. Processed: 74077 chunks (3.29%), ETA: 181:39:01, Rate: 3.3 cps, Current: -121, 152
[25Aug2026 11:44:29.274] [Server thread/INFO] [net.minecraft.server.MinecraftServer/]: [Chunky] Task running for minecraft:overworld. Processed: 74080 chunks (3.29%), ETA: 175:59:46, Rate: 3.4 cps, Current: -120, 153
[25Aug2026 11:44:30.353] [Server thread/INFO] [net.minecraft.server.MinecraftServer/]: [Chunky] Task running for minecraft:overworld. Processed: 74082 chunks (3.29%), ETA: 175:54:33, Rate: 3.4 cps, Current: -121, 154
[25Aug2026 11:44:31.921] [Server thread/INFO] [net.minecraft.server.MinecraftServer/]: [Chunky] Task running for minecraft:overworld. Processed: 74088 chunks (3.29%), ETA: 175:36:48, Rate: 3.4 cps, Current: -121, 156
[25Aug2026 11:44:33.148] [Server thread/INFO] [net.minecraft.server.MinecraftServer/]: [Chunky] Task running for minecraft:overworld. Processed: 74094 chunks (3.29%), ETA: 180:32:10, Rate: 3.4 cps, Current: -119, 155
[25Aug2026 11:44:34.169] [Server thread/INFO] [net.minecraft.server.MinecraftServer/]: [Chunky] Task running for minecraft:overworld. Processed: 74099 chunks (3.29%), ETA: 179:31:06, Rate: 3.4 cps, Current: -118, 155
[25Aug2026 11:44:35.794] [Server thread/INFO] [net.minecraft.server.MinecraftServer/]: [Chunky] Task running for minecraft:overworld. Processed: 74104 chunks (3.29%), ETA: 170:01:13, Rate: 3.6 cps, Current: -117, 158
[25Aug2026 11:44:37.941] [Server thread/INFO] [net.minecraft.server.MinecraftServer/]: [Chunky] Task running for minecraft:overworld. Processed: 74107 chunks (3.29%), ETA: 178:33:38, Rate: 3.4 cps, Current: -128, 138
[25Aug2026 11:44:39.186] [Server thread/INFO] [net.minecraft.server.MinecraftServer/]: [Chunky] Task running for minecraft:overworld. Processed: 74112 chunks (3.29%), ETA: 169:59:41, Rate: 3.6 cps, Current: -115, 157
[25Aug2026 11:44:40.438] [Server thread/INFO] [net.minecraft.server.MinecraftServer/]: [Chunky] Task running for minecraft:overworld. Processed: 74120 chunks (3.29%), ETA: 164:22:19, Rate: 3.7 cps, Current: -117, 155
[25Aug2026 11:44:41.769] [Server thread/INFO] [net.minecraft.server.MinecraftServer/]: [Chunky] Task running for minecraft:overworld. Processed: 74127 chunks (3.29%), ETA: 152:56:29, Rate: 4.0 cps, Current: -115, 154
[25Aug2026 11:44:43.135] [Server thread/INFO] [net.minecraft.server.MinecraftServer/]: [Chunky] Task running for minecraft:overworld. Processed: 74134 chunks (3.29%), ETA: 150:49:14, Rate: 4.0 cps, Current: -117, 152
[25Aug2026 11:44:45.700] [Server thread/INFO] [net.minecraft.server.MinecraftServer/]: [Chunky] Task running for minecraft:overworld. Processed: 74137 chunks (3.29%), ETA: 155:35:22, Rate: 3.9 cps, Current: -114, 152
[25Aug2026 11:44:47.234] [Server thread/INFO] [net.minecraft.server.MinecraftServer/]: [Chunky] Task running for minecraft:overworld. Processed: 74144 chunks (3.29%), ETA: 155:03:46, Rate: 3.9 cps, Current: -116, 151
[25Aug2026 11:44:48.586] [Server thread/INFO] [net.minecraft.server.MinecraftServer/]: [Chunky] Task running for minecraft:overworld. Processed: 74162 chunks (3.29%), ETA: 140:20:13, Rate: 4.3 cps, Current: -117, 148
[25Aug2026 11:44:49.755] [Server thread/INFO] [net.minecraft.server.MinecraftServer/]: [Chunky] Task running for minecraft:overworld. Processed: 74184 chunks (3.29%), ETA: 125:08:59, Rate: 4.8 cps, Current: -128, 143
[25Aug2026 11:44:50.833] [Server thread/INFO] [net.minecraft.server.MinecraftServer/]: [Chunky] Task running for minecraft:overworld. Processed: 74197 chunks (3.29%), ETA: 114:05:04, Rate: 5.3 cps, Current: -128, 146
[25Aug2026 11:44:51.894] [Server thread/INFO] [net.minecraft.server.MinecraftServer/]: [Chunky] Task running for minecraft:overworld. Processed: 74201 chunks (3.29%), ETA: 115:16:31, Rate: 5.3 cps, Current: -112, 145
[25Aug2026 11:44:54.266] [Server thread/INFO] [net.minecraft.server.MinecraftServer/]: [Chunky] Task running for minecraft:overworld. Processed: 74204 chunks (3.29%), ETA: 127:43:07, Rate: 4.7 cps, Current: -111, 146
[25Aug2026 11:44:55.930] [Server thread/INFO] [net.minecraft.server.MinecraftServer/]: [Chunky] Task running for minecraft:overworld. Processed: 74211 chunks (3.29%), ETA: 125:49:01, Rate: 4.8 cps, Current: -110, 145
[25Aug2026 11:44:57.823] [Server thread/INFO] [net.minecraft.server.MinecraftServer/]: [Chunky] Task running for minecraft:overworld. Processed: 74212 chunks (3.29%), ETA: 131:36:14, Rate: 4.6 cps, Current: -128, 152
[25Aug2026 11:44:58.919] [Server thread/INFO] [net.minecraft.server.MinecraftServer/]: [Chunky] Task running for minecraft:overworld. Processed: 74216 chunks (3.29%), ETA: 130:57:40, Rate: 4.6 cps, Current: -128, 156
[25Aug2026 11:44:59.490] [Server thread/DEBUG] [net.minecraftforge.common.ForgeHooks/WP]: Gathering id map for writing to world save world
[25Aug2026 11:44:59.516] [Server thread/DEBUG] [net.minecraftforge.common.ForgeHooks/WP]: ID Map collection complete world
[25Aug2026 11:45:00.021] [Server thread/INFO] [net.minecraft.server.MinecraftServer/]: [Chunky] Task running for minecraft:overworld. Processed: 74218 chunks (3.29%), ETA: 131:03:45, Rate: 4.6 cps, Current: -109, 145
[25Aug2026 11:45:01.193] [Server thread/INFO] [net.minecraft.server.MinecraftServer/]: [Chunky] Task running for minecraft:overworld. Processed: 74224 chunks (3.29%), ETA: 129:18:30, Rate: 4.7 cps, Current: -106, 146
[25Aug2026 11:45:02.443] [Server thread/INFO] [net.minecraft.server.MinecraftServer/]: [Chunky] Task running for minecraft:overworld. Processed: 74229 chunks (3.29%), ETA: 130:21:57, Rate: 4.6 cps, Current: -111, 147
[25Aug2026 11:45:03.681] [Server thread/INFO] [net.minecraft.server.MinecraftServer/]: [Chunky] Task running for minecraft:overworld. Processed: 74233 chunks (3.29%), ETA: 132:18:14, Rate: 4.6 cps, Current: -108, 147
[25Aug2026 11:45:05.437] [Server thread/INFO] [net.minecraft.server.MinecraftServer/]: [Chunky] Task running for minecraft:overworld. Processed: 74239 chunks (3.30%), ETA: 131:55:06, Rate: 4.6 cps, Current: -107, 149
[25Aug2026 11:45:07.347] [Server thread/INFO] [net.minecraft.server.MinecraftServer/]: [Chunky] Task running for minecraft:overworld. Processed: 74241 chunks (3.30%), ETA: 131:49:42, Rate: 4.6 cps, Current: -108, 149
[25Aug2026 11:45:08.678] [Server thread/INFO] [net.minecraft.server.MinecraftServer/]: [Chunky] Task running for minecraft:overworld. Processed: 74243 chunks (3.30%), ETA: 135:13:23, Rate: 4.5 cps, Current: -106, 150
[25Aug2026 11:45:10.085] [Server thread/INFO] [net.minecraft.server.MinecraftServer/]: [Chunky] Task running for minecraft:overworld. Processed: 74259 chunks (3.30%), ETA: 128:09:39, Rate: 4.7 cps, Current: -113, 151
[25Aug2026 11:45:11.510] [Server thread/INFO] [net.minecraft.server.MinecraftServer/]: [Chunky] Task running for minecraft:overworld. Processed: 74265 chunks (3.30%), ETA: 129:29:31, Rate: 4.7 cps, Current: -111, 152
[25Aug2026 11:45:12.804] [Server thread/INFO] [net.minecraft.server.MinecraftServer/]: [Chunky] Task running for minecraft:overworld. Processed: 74271 chunks (3.30%), ETA: 130:06:51, Rate: 4.7 cps, Current: -110, 153
[25Aug2026 11:45:13.988] [Server thread/INFO] [net.minecraft.server.MinecraftServer/]: [Chunky] Task running for minecraft:overworld. Processed: 74277 chunks (3.30%), ETA: 121:25:04, Rate: 5.0 cps, Current: -112, 155
[25Aug2026 11:45:15.093] [Server thread/INFO] [net.minecraft.server.MinecraftServer/]: [Chunky] Task running for minecraft:overworld. Processed: 74282 chunks (3.30%), ETA: 121:50:23, Rate: 5.0 cps, Current: -112, 157
[25Aug2026 11:45:16.660] [Server thread/INFO] [net.minecraft.server.MinecraftServer/]: [Chunky] Task running for minecraft:overworld. Processed: 74288 chunks (3.30%), ETA: 122:49:03, Rate: 4.9 cps, Current: -111, 158
[25Aug2026 11:45:18.091] [Server thread/INFO] [net.minecraft.server.MinecraftServer/]: [Chunky] Task running for minecraft:overworld. Processed: 74295 chunks (3.30%), ETA: 133:15:05, Rate: 4.5 cps, Current: -109, 153
[25Aug2026 11:45:19.675] [Server thread/INFO] [net.minecraft.server.MinecraftServer/]: [Chunky] Task running for minecraft:overworld. Processed: 74300 chunks (3.30%), ETA: 154:45:51, Rate: 3.9 cps, Current: -108, 157
[25Aug2026 11:45:21.237] [Server thread/INFO] [net.minecraft.server.MinecraftServer/]: [Chunky] Task running for minecraft:overworld. Processed: 74303 chunks (3.30%), ETA: 172:24:13, Rate: 3.5 cps, Current: -107, 157
[25Aug2026 11:45:22.431] [Server thread/INFO] [net.minecraft.server.MinecraftServer/]: [Chunky] Task running for minecraft:overworld. Processed: 74314 chunks (3.30%), ETA: 153:33:37, Rate: 3.9 cps, Current: -108, 153
[25Aug2026 11:45:24.086] [Server thread/INFO] [net.minecraft.server.MinecraftServer/]: [Chunky] Task running for minecraft:overworld. Processed: 74325 chunks (3.30%), ETA: 147:55:07, Rate: 4.1 cps, Current: -126, 159
[25Aug2026 11:45:26.746] [Server thread/INFO] [net.minecraft.server.MinecraftServer/]: [Chunky] Task running for minecraft:overworld. Processed: 74327 chunks (3.30%), ETA: 150:53:42, Rate: 4.0 cps, Current: -124, 159
[25Aug2026 11:45:28.327] [Server thread/INFO] [net.minecraft.server.MinecraftServer/]: [Chunky] Task running for minecraft:overworld. Processed: 74331 chunks (3.30%), ETA: 153:25:30, Rate: 3.9 cps, Current: -105, 153
[25Aug2026 11:45:29.770] [Server thread/INFO] [net.minecraft.server.MinecraftServer/]: [Chunky] Task running for minecraft:overworld. Processed: 74343 chunks (3.30%), ETA: 142:53:08, Rate: 4.2 cps, Current: -104, 156
[25Aug2026 11:45:30.796] [Server thread/INFO] [net.minecraft.server.MinecraftServer/]: [Chunky] Task running for minecraft:overworld. Processed: 74347 chunks (3.30%), ETA: 144:28:56, Rate: 4.2 cps, Current: -104, 158
[25Aug2026 11:45:31.801] [Server thread/INFO] [net.minecraft.server.MinecraftServer/]: [Chunky] Task running for minecraft:overworld. Processed: 74354 chunks (3.30%), ETA: 141:00:24, Rate: 4.3 cps, Current: -102, 158
[25Aug2026 11:45:33.654] [Server thread/INFO] [net.minecraft.server.MinecraftServer/]: [Chunky] Task running for minecraft:overworld. Processed: 74358 chunks (3.30%), ETA: 143:57:20, Rate: 4.2 cps, Current: -101, 157
[25Aug2026 11:45:35.382] [Server thread/INFO] [net.minecraft.server.MinecraftServer/]: [Chunky] Task running for minecraft:overworld. Processed: 74362 chunks (3.30%), ETA: 146:08:43, Rate: 4.1 cps, Current: -117, 159
[25Aug2026 11:45:36.868] [Server thread/INFO] [net.minecraft.server.MinecraftServer/]: [Chunky] Task running for minecraft:overworld. Processed: 74364 chunks (3.30%), ETA: 144:04:33, Rate: 4.2 cps, Current: -99, 158
[25Aug2026 11:45:38.721] [Server thread/INFO] [net.minecraft.server.MinecraftServer/]: [Chunky] Task running for minecraft:overworld. Processed: 74371 chunks (3.30%), ETA: 153:21:39, Rate: 3.9 cps, Current: -99, 157
[25Aug2026 11:45:39.993] [Server thread/INFO] [net.minecraft.server.MinecraftServer/]: [Chunky] Task running for minecraft:overworld. Processed: 74379 chunks (3.30%), ETA: 149:34:57, Rate: 4.0 cps, Current: -99, 155
[25Aug2026 11:45:41.485] [Server thread/INFO] [net.minecraft.server.MinecraftServer/]: [Chunky] Task running for minecraft:overworld. Processed: 74387 chunks (3.30%), ETA: 147:28:46, Rate: 4.1 cps, Current: -98, 154
[25Aug2026 11:45:42.522] [Server thread/INFO] [net.minecraft.server.MinecraftServer/]: [Chunky] Task running for minecraft:overworld. Processed: 74390 chunks (3.30%), ETA: 149:52:13, Rate: 4.0 cps, Current: -104, 152
[25Aug2026 11:45:43.643] [Server thread/INFO] [net.minecraft.server.MinecraftServer/]: [Chunky] Task running for minecraft:overworld. Processed: 74396 chunks (3.30%), ETA: 149:33:07, Rate: 4.0 cps, Current: -105, 151
[25Aug2026 11:45:44.830] [Server thread/INFO] [net.minecraft.server.MinecraftServer/]: [Chunky] Task running for minecraft:overworld. Processed: 74397 chunks (3.30%), ETA: 155:08:12, Rate: 3.9 cps, Current: -99, 150
[25Aug2026 11:45:45.842] [Server thread/INFO] [net.minecraft.server.MinecraftServer/]: [Chunky] Task running for minecraft:overworld. Processed: 74411 chunks (3.30%), ETA: 142:25:06, Rate: 4.2 cps, Current: -103, 150
[25Aug2026 11:45:47.444] [Server thread/INFO] [net.minecraft.server.MinecraftServer/]: [Chunky] Task running for minecraft:overworld. Processed: 74419 chunks (3.30%), ETA: 142:06:40, Rate: 4.3 cps, Current: -99, 149
[25Aug2026 11:45:48.643] [Server thread/INFO] [net.minecraft.server.MinecraftServer/]: [Chunky] Task running for minecraft:overworld. Processed: 74427 chunks (3.30%), ETA: 136:57:18, Rate: 4.4 cps, Current: -105, 146
[25Aug2026 11:45:49.822] [Server thread/INFO] [net.minecraft.server.MinecraftServer/]: [Chunky] Task running for minecraft:overworld. Processed: 74434 chunks (3.30%), ETA: 131:03:11, Rate: 4.6 cps, Current: -102, 146
[25Aug2026 11:45:50.868] [Server thread/INFO] [net.minecraft.server.MinecraftServer/]: [Chunky] Task running for minecraft:overworld. Processed: 74440 chunks (3.30%), ETA: 129:56:30, Rate: 4.7 cps, Current: -101, 145
[25Aug2026 11:45:51.979] [Server thread/INFO] [net.minecraft.server.MinecraftServer/]: [Chunky] Task running for minecraft:overworld. Processed: 74446 chunks (3.30%), ETA: 134:26:39, Rate: 4.5 cps, Current: -99, 147
[25Aug2026 11:45:53.407] [Server thread/INFO] [net.minecraft.server.MinecraftServer/]: [Chunky] Task running for minecraft:overworld. Processed: 74451 chunks (3.30%), ETA: 139:42:50, Rate: 4.3 cps, Current: -99, 145
[25Aug2026 11:45:54.678] [Server thread/INFO] [net.minecraft.server.MinecraftServer/]: [Chunky] Task running for minecraft:overworld. Processed: 74456 chunks (3.30%), ETA: 130:01:25, Rate: 4.7 cps, Current: -99, 144
[25Aug2026 11:45:56.402] [Server thread/INFO] [net.minecraft.server.MinecraftServer/]: [Chunky] Task running for minecraft:overworld. Processed: 74464 chunks (3.31%), ETA: 130:02:44, Rate: 4.7 cps, Current: -98, 145
[25Aug2026 11:45:57.889] [Server thread/INFO] [net.minecraft.server.MinecraftServer/]: [Chunky] Task running for minecraft:overworld. Processed: 74468 chunks (3.31%), ETA: 129:37:43, Rate: 4.7 cps, Current: -99, 142
[25Aug2026 11:46:00.920] [Server thread/INFO] [net.minecraft.server.MinecraftServer/]: [Chunky] Task running for minecraft:overworld. Processed: 74472 chunks (3.31%), ETA: 148:04:40, Rate: 4.1 cps, Current: -98, 140
[25Aug2026 11:46:02.287] [Server thread/INFO] [net.minecraft.server.MinecraftServer/]: [Chunky] Task running for minecraft:overworld. Processed: 74478 chunks (3.31%), ETA: 143:12:15, Rate: 4.2 cps, Current: -99, 140
[25Aug2026 11:46:03.351] [Server thread/INFO] [net.minecraft.server.MinecraftServer/]: [Chunky] Task running for minecraft:overworld. Processed: 74482 chunks (3.31%), ETA: 143:46:21, Rate: 4.2 cps, Current: -110, 159
[25Aug2026 11:46:04.559] [Server thread/INFO] [net.minecraft.server.MinecraftServer/]: [Chunky] Task running for minecraft:overworld. Processed: 74489 chunks (3.31%), ETA: 137:56:21, Rate: 4.4 cps, Current: -100, 138
[25Aug2026 11:46:06.041] [Server thread/INFO] [net.minecraft.server.MinecraftServer/]: [Chunky] Task running for minecraft:overworld. Processed: 74494 chunks (3.31%), ETA: 134:45:41, Rate: 4.5 cps, Current: -102, 138
[25Aug2026 11:46:07.536] [Server thread/INFO] [net.minecraft.server.MinecraftServer/]: [Chunky] Task running for minecraft:overworld. Processed: 74498 chunks (3.31%), ETA: 136:13:38, Rate: 4.4 cps, Current: -103, 141
[25Aug2026 11:46:08.569] [Server thread/INFO] [net.minecraft.server.MinecraftServer/]: [Chunky] Task running for minecraft:overworld. Processed: 74515 chunks (3.31%), ETA: 124:33:57, Rate: 4.9 cps, Current: -105, 159
[25Aug2026 11:46:09.657] [Server thread/INFO] [net.minecraft.server.MinecraftServer/]: [Chunky] Task running for minecraft:overworld. Processed: 74520 chunks (3.31%), ETA: 126:24:47, Rate: 4.8 cps, Current: -105, 142
[25Aug2026 11:46:10.680] [Server thread/INFO] [net.minecraft.server.MinecraftServer/]: [Chunky] Task running for minecraft:overworld. Processed: 74525 chunks (3.31%), ETA: 127:05:58, Rate: 4.8 cps, Current: -106, 141
[25Aug2026 11:46:11.743] [Server thread/INFO] [net.minecraft.server.MinecraftServer/]: [Chunky] Task running for minecraft:overworld. Processed: 74532 chunks (3.31%), ETA: 123:39:14, Rate: 4.9 cps, Current: -108, 142
[25Aug2026 11:46:13.095] [Server thread/INFO] [net.minecraft.server.MinecraftServer/]: [Chunky] Task running for minecraft:overworld. Processed: 74546 chunks (3.31%), ETA: 118:01:25, Rate: 5.1 cps, Current: -111, 141
[25Aug2026 11:46:14.179] [Server thread/INFO] [net.minecraft.server.MinecraftServer/]: [Chunky] Task running for minecraft:overworld. Processed: 74553 chunks (3.31%), ETA: 113:07:11, Rate: 5.3 cps, Current: -112, 139
[25Aug2026 11:46:15.369] [Server thread/INFO] [net.minecraft.server.MinecraftServer/]: [Chunky] Task running for minecraft:overworld. Processed: 74563 chunks (3.31%), ETA: 116:46:50, Rate: 5.2 cps, Current: -112, 138
[25Aug2026 11:46:16.432] [Server thread/INFO] [net.minecraft.server.MinecraftServer/]: [Chunky] Task running for minecraft:overworld. Processed: 74579 chunks (3.31%), ETA: 108:57:04, Rate: 5.6 cps, Current: -110, 137
[25Aug2026 11:46:20.311] [Server thread/INFO] [net.minecraft.server.MinecraftServer/]: [Chunky] Task running for minecraft:overworld. Processed: 74585 chunks (3.31%), ETA: 122:01:33, Rate: 5.0 cps, Current: -106, 136
[25Aug2026 11:46:21.418] [Server thread/INFO] [net.minecraft.server.MinecraftServer/]: [Chunky] Task running for minecraft:overworld. Processed: 74595 chunks (3.31%), ETA: 118:45:33, Rate: 5.1 cps, Current: -107, 135
[25Aug2026 11:46:22.502] [Server thread/INFO] [net.minecraft.server.MinecraftServer/]: [Chunky] Task running for minecraft:overworld. Processed: 74610 chunks (3.31%), ETA: 110:02:20, Rate: 5.5 cps, Current: -108, 133
[25Aug2026 11:46:23.597] [Server thread/INFO] [net.minecraft.server.MinecraftServer/]: [Chunky] Task running for minecraft:overworld. Processed: 74616 chunks (3.31%), ETA: 108:41:10, Rate: 5.6 cps, Current: -110, 131
[25Aug2026 11:46:24.718] [Server thread/INFO] [net.minecraft.server.MinecraftServer/]: [Chunky] Task running for minecraft:overworld. Processed: 74649 chunks (3.31%), ETA: 92:07:04, Rate: 6.6 cps, Current: -105, 128
[25Aug2026 11:46:25.774] [Server thread/INFO] [net.minecraft.server.MinecraftServer/]: [Chunky] Task running for minecraft:overworld. Processed: 74660 chunks (3.31%), ETA: 90:13:02, Rate: 6.7 cps, Current: -104, 130
[25Aug2026 11:46:26.801] [Server thread/INFO] [net.minecraft.server.MinecraftServer/]: [Chunky] Task running for minecraft:overworld. Processed: 74670 chunks (3.31%), ETA: 86:10:56, Rate: 7.0 cps, Current: -103, 130
[25Aug2026 11:46:28.184] [Server thread/INFO] [net.minecraft.server.MinecraftServer/]: [Chunky] Task running for minecraft:overworld. Processed: 74680 chunks (3.31%), ETA: 78:56:01, Rate: 7.7 cps, Current: -102, 133
[25Aug2026 11:46:29.291] [Server thread/INFO] [net.minecraft.server.MinecraftServer/]: [Chunky] Task running for minecraft:overworld. Processed: 74690 chunks (3.32%), ETA: 78:23:15, Rate: 7.7 cps, Current: -101, 132
[25Aug2026 11:46:30.310] [Server thread/INFO] [net.minecraft.server.MinecraftServer/]: [Chunky] Task running for minecraft:overworld. Processed: 74702 chunks (3.32%), ETA: 76:59:03, Rate: 7.9 cps, Current: -100, 129
[25Aug2026 11:46:31.902] [Server thread/INFO] [net.minecraft.server.MinecraftServer/]: [Chunky] Task running for minecraft:overworld. Processed: 74713 chunks (3.32%), ETA: 75:55:47, Rate: 8.0 cps, Current: -98, 135
[25Aug2026 11:46:33.085] [Server thread/INFO] [net.minecraft.server.MinecraftServer/]: [Chunky] Task running for minecraft:overworld. Processed: 74725 chunks (3.32%), ETA: 73:43:57, Rate: 8.2 cps, Current: -96, 129
[25Aug2026 11:46:34.422] [Server thread/INFO] [net.minecraft.server.MinecraftServer/]: [Chunky] Task running for minecraft:overworld. Processed: 74732 chunks (3.32%), ETA: 74:03:07, Rate: 8.2 cps, Current: -96, 133
[25Aug2026 11:46:35.596] [Server thread/INFO] [net.minecraft.server.MinecraftServer/]: [Chunky] Task running for minecraft:overworld. Processed: 74741 chunks (3.32%), ETA: 72:06:30, Rate: 8.4 cps, Current: -94, 129
[25Aug2026 11:46:36.778] [Server thread/INFO] [net.minecraft.server.MinecraftServer/]: [Chunky] Task running for minecraft:overworld. Processed: 74745 chunks (3.32%), ETA: 71:20:40, Rate: 8.5 cps, Current: -93, 131
[25Aug2026 11:46:39.005] [Server thread/INFO] [net.minecraft.server.MinecraftServer/]: [Chunky] Task running for minecraft:overworld. Processed: 74752 chunks (3.32%), ETA: 76:12:45, Rate: 7.9 cps, Current: -92, 133
[25Aug2026 11:46:40.093] [Server thread/INFO] [net.minecraft.server.MinecraftServer/]: [Chunky] Task running for minecraft:overworld. Processed: 74763 chunks (3.32%), ETA: 74:27:49, Rate: 8.1 cps, Current: -92, 128
[25Aug2026 11:46:41.893] [Server thread/INFO] [net.minecraft.server.MinecraftServer/]: [Chunky] Task running for minecraft:overworld. Processed: 74770 chunks (3.32%), ETA: 77:26:43, Rate: 7.8 cps, Current: -90, 134
[25Aug2026 11:46:43.481] [Server thread/INFO] [net.minecraft.server.MinecraftServer/]: [Chunky] Task running for minecraft:overworld. Processed: 74778 chunks (3.32%), ETA: 78:26:57, Rate: 7.7 cps, Current: -89, 129
[25Aug2026 11:46:44.710] [Server thread/INFO] [net.minecraft.server.MinecraftServer/]: [Chunky] Task running for minecraft:overworld. Processed: 74782 chunks (3.32%), ETA: 80:41:45, Rate: 7.5 cps, Current: -87, 128
[25Aug2026 11:46:45.941] [Server thread/INFO] [net.minecraft.server.MinecraftServer/]: [Chunky] Task running for minecraft:overworld. Processed: 74785 chunks (3.32%), ETA: 86:15:16, Rate: 7.0 cps, Current: -87, 130
[25Aug2026 11:46:47.431] [Server thread/INFO] [net.minecraft.server.MinecraftServer/]: [Chunky] Task running for minecraft:overworld. Processed: 74792 chunks (3.32%), ETA: 78:53:35, Rate: 7.7 cps, Current: -97, 158
[25Aug2026 11:46:48.501] [Server thread/INFO] [net.minecraft.server.MinecraftServer/]: [Chunky] Task running for minecraft:overworld. Processed: 74798 chunks (3.32%), ETA: 79:42:22, Rate: 7.6 cps, Current: -82, 129
[25Aug2026 11:46:49.550] [Server thread/INFO] [net.minecraft.server.MinecraftServer/]: [Chunky] Task running for minecraft:overworld. Processed: 74803 chunks (3.32%), ETA: 80:47:04, Rate: 7.5 cps, Current: -89, 131
[25Aug2026 11:46:50.571] [Server thread/INFO] [net.minecraft.server.MinecraftServer/]: [Chunky] Task running for minecraft:overworld. Processed: 74809 chunks (3.32%), ETA: 82:02:32, Rate: 7.4 cps, Current: -84, 131
[25Aug2026 11:46:51.695] [Server thread/INFO] [net.minecraft.server.MinecraftServer/]: [Chunky] Task running for minecraft:overworld. Processed: 74813 chunks (3.32%), ETA: 86:35:05, Rate: 7.0 cps, Current: -82, 131
[25Aug2026 11:46:53.201] [Server thread/INFO] [net.minecraft.server.MinecraftServer/]: [Chunky] Task running for minecraft:overworld. Processed: 74816 chunks (3.32%), ETA: 89:07:01, Rate: 6.8 cps, Current: -82, 132
[25Aug2026 11:46:54.352] [Server thread/INFO] [net.minecraft.server.MinecraftServer/]: [Chunky] Task running for minecraft:overworld. Processed: 74827 chunks (3.32%), ETA: 100:10:03, Rate: 6.0 cps, Current: -87, 133
[25Aug2026 11:46:55.528] [Server thread/INFO] [net.minecraft.server.MinecraftServer/]: [Chunky] Task running for minecraft:overworld. Processed: 74838 chunks (3.32%), ETA: 100:34:21, Rate: 6.0 cps, Current: -97, 138
[25Aug2026 11:46:56.896] [Server thread/INFO] [net.minecraft.server.MinecraftServer/]: [Chunky] Task running for minecraft:overworld. Processed: 74846 chunks (3.32%), ETA: 104:01:26, Rate: 5.8 cps, Current: -97, 146
[25Aug2026 11:46:57.902] [Server thread/INFO] [net.minecraft.server.MinecraftServer/]: [Chunky] Task running for minecraft:overworld. Processed: 74851 chunks (3.32%), ETA: 104:32:18, Rate: 5.8 cps, Current: -97, 150
[25Aug2026 11:46:59.131] [Server thread/INFO] [net.minecraft.server.MinecraftServer/]: [Chunky] Task running for minecraft:overworld. Processed: 74859 chunks (3.32%), ETA: 106:12:07, Rate: 5.7 cps, Current: -95, 135
[25Aug2026 11:47:00.235] [Server thread/INFO] [net.minecraft.server.MinecraftServer/]: [Chunky] Task running for minecraft:overworld. Processed: 74862 chunks (3.32%), ETA: 112:27:29, Rate: 5.4 cps, Current: -92, 135
[25Aug2026 11:47:01.335] [Server thread/INFO] [net.minecraft.server.MinecraftServer/]: [Chunky] Task running for minecraft:overworld. Processed: 74866 chunks (3.32%), ETA: 115:38:12, Rate: 5.2 cps, Current: -88, 135
[25Aug2026 11:47:02.478] [Server thread/INFO] [net.minecraft.server.MinecraftServer/]: [Chunky] Task running for minecraft:overworld. Processed: 74871 chunks (3.32%), ETA: 120:58:57, Rate: 5.0 cps, Current: -87, 136
[25Aug2026 11:47:03.536] [Server thread/INFO] [net.minecraft.server.MinecraftServer/]: [Chunky] Task running for minecraft:overworld. Processed: 74874 chunks (3.32%), ETA: 123:11:09, Rate: 4.9 cps, Current: -87, 137
[25Aug2026 11:47:04.769] [Server thread/INFO] [net.minecraft.server.MinecraftServer/]: [Chunky] Task running for minecraft:overworld. Processed: 74878 chunks (3.32%), ETA: 127:54:12, Rate: 4.7 cps, Current: -86, 138
[25Aug2026 11:47:06.258] [Server thread/INFO] [net.minecraft.server.MinecraftServer/]: [Chunky] Task running for minecraft:overworld. Processed: 74882 chunks (3.32%), ETA: 129:14:56, Rate: 4.7 cps, Current: -85, 139
[25Aug2026 11:47:07.479] [Server thread/INFO] [net.minecraft.server.MinecraftServer/]: [Chunky] Task running for minecraft:overworld. Processed: 74888 chunks (3.32%), ETA: 125:44:57, Rate: 4.8 cps, Current: -84, 137
[25Aug2026 11:47:08.658] [Server thread/INFO] [net.minecraft.server.MinecraftServer/]: [Chunky] Task running for minecraft:overworld. Processed: 74891 chunks (3.32%), ETA: 128:08:59, Rate: 4.7 cps, Current: -84, 140
[25Aug2026 11:47:09.689] [Server thread/INFO] [net.minecraft.server.MinecraftServer/]: [Chunky] Task running for minecraft:overworld. Processed: 74897 chunks (3.32%), ETA: 132:38:24, Rate: 4.6 cps, Current: -88, 140
[25Aug2026 11:47:11.649] [Server thread/INFO] [net.minecraft.server.MinecraftServer/]: [Chunky] Task running for minecraft:overworld. Processed: 74902 chunks (3.32%), ETA: 135:21:44, Rate: 4.5 cps, Current: -83, 141
[25Aug2026 11:47:14.869] [Server thread/INFO] [net.minecraft.server.MinecraftServer/]: [Chunky] Task running for minecraft:overworld. Processed: 74908 chunks (3.32%), ETA: 141:08:48, Rate: 4.3 cps, Current: -82, 135
[25Aug2026 11:47:16.055] [Server thread/INFO] [net.minecraft.server.MinecraftServer/]: [Chunky] Task running for minecraft:overworld. Processed: 74916 chunks (3.33%), ETA: 138:32:44, Rate: 4.4 cps, Current: -89, 138
[25Aug2026 11:47:17.178] [Server thread/INFO] [net.minecraft.server.MinecraftServer/]: [Chunky] Task running for minecraft:overworld. Processed: 74922 chunks (3.33%), ETA: 137:23:10, Rate: 4.4 cps, Current: -82, 141
[25Aug2026 11:47:18.273] [Server thread/INFO] [net.minecraft.server.MinecraftServer/]: [Chunky] Task running for minecraft:overworld. Processed: 74933 chunks (3.33%), ETA: 132:26:44, Rate: 4.6 cps, Current: -92, 136
[25Aug2026 11:47:19.334] [Server thread/INFO] [net.minecraft.server.MinecraftServer/]: [Chunky] Task running for minecraft:overworld. Processed: 74948 chunks (3.33%), ETA: 123:25:07, Rate: 4.9 cps, Current: -82, 142
[25Aug2026 11:47:20.360] [Server thread/INFO] [net.minecraft.server.MinecraftServer/]: [Chunky] Task running for minecraft:overworld. Processed: 74961 chunks (3.33%), ETA: 117:47:42, Rate: 5.1 cps, Current: -86, 142
[25Aug2026 11:47:21.599] [Server thread/INFO] [net.minecraft.server.MinecraftServer/]: [Chunky] Task running for minecraft:overworld. Processed: 74969 chunks (3.33%), ETA: 115:14:12, Rate: 5.3 cps, Current: -95, 142
[25Aug2026 11:47:22.780] [Server thread/INFO] [net.minecraft.server.MinecraftServer/]: [Chunky] Task running for minecraft:overworld. Processed: 74980 chunks (3.33%), ETA: 108:27:26, Rate: 5.6 cps, Current: -96, 145
[25Aug2026 11:47:24.246] [Server thread/INFO] [net.minecraft.server.MinecraftServer/]: [Chunky] Task running for minecraft:overworld. Processed: 74987 chunks (3.33%), ETA: 112:20:07, Rate: 5.4 cps, Current: -92, 143
[25Aug2026 11:47:25.452] [Server thread/INFO] [net.minecraft.server.MinecraftServer/]: [Chunky] Task running for minecraft:overworld. Processed: 74990 chunks (3.33%), ETA: 118:19:39, Rate: 5.1 cps, Current: -94, 144
[25Aug2026 11:47:26.469] [Server thread/INFO] [net.minecraft.server.MinecraftServer/]: [Chunky] Task running for minecraft:overworld. Processed: 74999 chunks (3.33%), ETA: 116:10:47, Rate: 5.2 cps, Current: -93, 146
[25Aug2026 11:47:27.504] [Server thread/INFO] [net.minecraft.server.MinecraftServer/]: [Chunky] Task running for minecraft:overworld. Processed: 75003 chunks (3.33%), ETA: 117:03:12, Rate: 5.2 cps, Current: -93, 147
[25Aug2026 11:47:29.133] [Server thread/INFO] [net.minecraft.server.MinecraftServer/]: [Chunky] Task running for minecraft:overworld. Processed: 75008 chunks (3.33%), ETA: 118:56:00, Rate: 5.1 cps, Current: -91, 148
[25Aug2026 11:47:30.256] [Server thread/INFO] [net.minecraft.server.MinecraftServer/]: [Chunky] Task running for minecraft:overworld. Processed: 75009 chunks (3.33%), ETA: 121:30:28, Rate: 5.0 cps, Current: -91, 149
[25Aug2026 11:47:31.711] [Server thread/INFO] [net.minecraft.server.MinecraftServer/]: [Chunky] Task running for minecraft:overworld. Processed: 75024 chunks (3.33%), ETA: 114:50:33, Rate: 5.3 cps, Current: -90, 147
[25Aug2026 11:47:33.687] [Server thread/INFO] [net.minecraft.server.MinecraftServer/]: [Chunky] Task running for minecraft:overworld. Processed: 75027 chunks (3.33%), ETA: 116:37:49, Rate: 5.2 cps, Current: -96, 150
[25Aug2026 11:47:35.094] [Server thread/INFO] [net.minecraft.server.MinecraftServer/]: [Chunky] Task running for minecraft:overworld. Processed: 75034 chunks (3.33%), ETA: 114:01:22, Rate: 5.3 cps, Current: -90, 150
[25Aug2026 11:47:36.277] [Server thread/INFO] [net.minecraft.server.MinecraftServer/]: [Chunky] Task running for minecraft:overworld. Processed: 75036 chunks (3.33%), ETA: 116:55:46, Rate: 5.2 cps, Current: -96, 152
[25Aug2026 11:47:37.678] [Server thread/INFO] [net.minecraft.server.MinecraftServer/]: [Chunky] Task running for minecraft:overworld. Processed: 75042 chunks (3.33%), ETA: 115:30:18, Rate: 5.2 cps, Current: -96, 154
[25Aug2026 11:47:39.851] [Server thread/INFO] [net.minecraft.server.MinecraftServer/]: [Chunky] Task running for minecraft:overworld. Processed: 75045 chunks (3.33%), ETA: 118:29:06, Rate: 5.1 cps, Current: -94, 154
[25Aug2026 11:47:41.824] [Server thread/INFO] [net.minecraft.server.MinecraftServer/]: [Chunky] Task running for minecraft:overworld. Processed: 75048 chunks (3.33%), ETA: 115:39:19, Rate: 5.2 cps, Current: -96, 157
[25Aug2026 11:47:44.093] [Server thread/INFO] [net.minecraft.server.MinecraftServer/]: [Chunky] Task running for minecraft:overworld. Processed: 75054 chunks (3.33%), ETA: 120:16:21, Rate: 5.0 cps, Current: -95, 158
[25Aug2026 11:47:46.181] [Server thread/INFO] [net.minecraft.server.MinecraftServer/]: [Chunky] Task running for minecraft:overworld. Processed: 75059 chunks (3.33%), ETA: 127:08:50, Rate: 4.8 cps, Current: -81, 129
[25Aug2026 11:47:48.732] [Server thread/INFO] [net.minecraft.server.MinecraftServer/]: [Chunky] Task running for minecraft:overworld. Processed: 75061 chunks (3.33%), ETA: 156:01:00, Rate: 3.9 cps, Current: -93, 155
[25Aug2026 11:47:51.961] [Server thread/INFO] [net.minecraft.server.MinecraftServer/]: [Chunky] Task running for minecraft:overworld. Processed: 75069 chunks (3.33%), ETA: 196:09:18, Rate: 3.1 cps, Current: -92, 157
[25Aug2026 11:47:53.428] [Server thread/INFO] [net.minecraft.server.MinecraftServer/]: [Chunky] Task running for minecraft:overworld. Processed: 75072 chunks (3.33%), ETA: 205:17:07, Rate: 2.9 cps, Current: -91, 156
[25Aug2026 11:47:55.185] [Server thread/INFO] [net.minecraft.server.MinecraftServer/]: [Chunky] Task running for minecraft:overworld. Processed: 75076 chunks (3.33%), ETA: 206:45:24, Rate: 2.9 cps, Current: -91, 155
[25Aug2026 11:47:56.976] [Server thread/INFO] [net.minecraft.server.MinecraftServer/]: [Chunky] Task running for minecraft:overworld. Processed: 75081 chunks (3.33%), ETA: 225:41:42, Rate: 2.7 cps, Current: -91, 153
[25Aug2026 11:47:58.395] [Server thread/INFO] [net.minecraft.server.MinecraftServer/]: [Chunky] Task running for minecraft:overworld. Processed: 75091 chunks (3.33%), ETA: 210:44:50, Rate: 2.9 cps, Current: -90, 158
[25Aug2026 11:47:59.975] [Server thread/INFO] [net.minecraft.server.MinecraftServer/]: [Chunky] Task running for minecraft:overworld. Processed: 75093 chunks (3.33%), ETA: 211:31:13, Rate: 2.9 cps, Current: -89, 143
[25Aug2026 11:48:01.581] [Server thread/INFO] [net.minecraft.server.MinecraftServer/]: [Chunky] Task running for minecraft:overworld. Processed: 75097 chunks (3.33%), ETA: 244:11:48, Rate: 2.5 cps, Current: -89, 147
[25Aug2026 11:48:03.533] [Server thread/INFO] [net.minecraft.server.MinecraftServer/]: [Chunky] Task running for minecraft:overworld. Processed: 75102 chunks (3.33%), ETA: 237:35:12, Rate: 2.5 cps, Current: -89, 151
[25Aug2026 11:48:04.597] [Server thread/INFO] [net.minecraft.server.MinecraftServer/]: [Chunky] Task running for minecraft:overworld. Processed: 75103 chunks (3.33%), ETA: 254:58:41, Rate: 2.4 cps, Current: -89, 152
[25Aug2026 11:48:06.576] [Server thread/INFO] [net.minecraft.server.MinecraftServer/]: [Chunky] Task running for minecraft:overworld. Processed: 75106 chunks (3.33%), ETA: 268:57:38, Rate: 2.2 cps, Current: -87, 152
[25Aug2026 11:48:08.530] [Server thread/INFO] [net.minecraft.server.MinecraftServer/]: [Chunky] Task running for minecraft:overworld. Processed: 75111 chunks (3.33%), ETA: 258:57:14, Rate: 2.3 cps, Current: -89, 155
[25Aug2026 11:48:09.800] [Server thread/INFO] [net.minecraft.server.MinecraftServer/]: [Chunky] Task running for minecraft:overworld. Processed: 75114 chunks (3.33%), ETA: 258:49:53, Rate: 2.3 cps, Current: -86, 143
[25Aug2026 11:48:11.960] [Server thread/INFO] [net.minecraft.server.MinecraftServer/]: [Chunky] Task running for minecraft:overworld. Processed: 75115 chunks (3.33%), ETA: 271:54:49, Rate: 2.2 cps, Current: -88, 154
[25Aug2026 11:48:15.235] [Server thread/INFO] [net.minecraft.server.MinecraftServer/]: [Chunky] Task running for minecraft:overworld. Processed: 75123 chunks (3.33%), ETA: 270:24:37, Rate: 2.2 cps, Current: -86, 153
[25Aug2026 11:48:16.994] [Server thread/INFO] [net.minecraft.server.MinecraftServer/]: [Chunky] Task running for minecraft:overworld. Processed: 75127 chunks (3.33%), ETA: 255:11:12, Rate: 2.4 cps, Current: -86, 155
[25Aug2026 11:48:18.448] [Server thread/INFO] [net.minecraft.server.MinecraftServer/]: [Chunky] Task running for minecraft:overworld. Processed: 75128 chunks (3.33%), ETA: 264:22:10, Rate: 2.3 cps, Current: -86, 156
[25Aug2026 11:48:19.679] [Server thread/INFO] [net.minecraft.server.MinecraftServer/]: [Chunky] Task running for minecraft:overworld. Processed: 75129 chunks (3.33%), ETA: 274:52:55, Rate: 2.2 cps, Current: -85, 152
[25Aug2026 11:48:21.785] [Server thread/INFO] [net.minecraft.server.MinecraftServer/]: [Chunky] Task running for minecraft:overworld. Processed: 75133 chunks (3.33%), ETA: 277:34:32, Rate: 2.2 cps, Current: -86, 157
[25Aug2026 11:48:22.956] [Server thread/INFO] [net.minecraft.server.MinecraftServer/]: [Chunky] Task running for minecraft:overworld. Processed: 75136 chunks (3.33%), ETA: 274:49:13, Rate: 2.2 cps, Current: -84, 143
[25Aug2026 11:48:24.150] [Server thread/INFO] [net.minecraft.server.MinecraftServer/]: [Chunky] Task running for minecraft:overworld. Processed: 75137 chunks (3.33%), ETA: 282:37:28, Rate: 2.1 cps, Current: -84, 156
[25Aug2026 11:48:27.280] [Server thread/INFO] [net.minecraft.server.MinecraftServer/]: [Chunky] Task running for minecraft:overworld. Processed: 75140 chunks (3.34%), ETA: 349:29:10, Rate: 1.7 cps, Current: -83, 156
[25Aug2026 11:48:28.300] [Server thread/INFO] [net.minecraft.server.MinecraftServer/]: [Chunky] Task running for minecraft:overworld. Processed: 75147 chunks (3.34%), ETA: 317:23:29, Rate: 1.9 cps, Current: -88, 158
[25Aug2026 11:48:29.432] [Server thread/INFO] [net.minecraft.server.MinecraftServer/]: [Chunky] Task running for minecraft:overworld. Processed: 75153 chunks (3.34%), ETA: 292:08:06, Rate: 2.1 cps, Current: -84, 152
[25Aug2026 11:48:32.758] [Server thread/INFO] [net.minecraft.server.MinecraftServer/]: [Chunky] Task running for minecraft:overworld. Processed: 75156 chunks (3.34%), ETA: 321:27:07, Rate: 1.9 cps, Current: -83, 158
[25Aug2026 11:48:34.661] [Server thread/INFO] [net.minecraft.server.MinecraftServer/]: [Chunky] Task running for minecraft:overworld. Processed: 75157 chunks (3.34%), ETA: 326:43:23, Rate: 1.9 cps, Current: -82, 150
[25Aug2026 11:48:35.895] [Server thread/INFO] [net.minecraft.server.MinecraftServer/]: [Chunky] Task running for minecraft:overworld. Processed: 75162 chunks (3.34%), ETA: 311:10:11, Rate: 1.9 cps, Current: -82, 149
[25Aug2026 11:48:36.954] [Server thread/INFO] [net.minecraft.server.MinecraftServer/]: [Chunky] Task running for minecraft:overworld. Processed: 75164 chunks (3.34%), ETA: 318:25:48, Rate: 1.9 cps, Current: -82, 143
[25Aug2026 11:48:38.025] [Server thread/INFO] [net.minecraft.server.MinecraftServer/]: [Chunky] Task running for minecraft:overworld. Processed: 75176 chunks (3.34%), ETA: 270:20:56, Rate: 2.2 cps, Current: -87, 151
[25Aug2026 11:48:39.103] [Server thread/INFO] [net.minecraft.server.MinecraftServer/]: [Chunky] Task running for minecraft:overworld. Processed: 75182 chunks (3.34%), ETA: 256:54:38, Rate: 2.4 cps, Current: -85, 149
[25Aug2026 11:48:40.278] [Server thread/INFO] [net.minecraft.server.MinecraftServer/]: [Chunky] Task running for minecraft:overworld. Processed: 75208 chunks (3.34%), ETA: 182:14:31, Rate: 3.3 cps, Current: -85, 144
[25Aug2026 11:48:42.510] [Server thread/INFO] [net.minecraft.server.MinecraftServer/]: [Chunky] Task running for minecraft:overworld. Processed: 75224 chunks (3.34%), ETA: 161:45:41, Rate: 3.7 cps, Current: -81, 134
[25Aug2026 11:48:43.559] [Server thread/INFO] [net.minecraft.server.MinecraftServer/]: [Chunky] Task running for minecraft:overworld. Processed: 75231 chunks (3.34%), ETA: 157:11:40, Rate: 3.8 cps, Current: -81, 139
[25Aug2026 11:48:47.145] [Server thread/INFO] [net.minecraft.server.MinecraftServer/]: [Chunky] Task running for minecraft:overworld. Processed: 75236 chunks (3.34%), ETA: 159:15:51, Rate: 3.8 cps, Current: -80, 145
[25Aug2026 11:48:50.157] [Server thread/INFO] [net.minecraft.server.MinecraftServer/]: [Chunky] Task running for minecraft:overworld. Processed: 75240 chunks (3.34%), ETA: 158:54:45, Rate: 3.8 cps, Current: -78, 146
[25Aug2026 11:48:51.237] [Server thread/INFO] [net.minecraft.server.MinecraftServer/]: [Chunky] Task running for minecraft:overworld. Processed: 75242 chunks (3.34%), ETA: 161:58:05, Rate: 3.7 cps, Current: -78, 145
[25Aug2026 11:48:52.310] [Server thread/INFO] [net.minecraft.server.MinecraftServer/]: [Chunky] Task running for minecraft:overworld. Processed: 75244 chunks (3.34%), ETA: 162:54:35, Rate: 3.7 cps, Current: -76, 145
[25Aug2026 11:48:53.677] [Server thread/INFO] [net.minecraft.server.MinecraftServer/]: [Chunky] Task running for minecraft:overworld. Processed: 75246 chunks (3.34%), ETA: 162:22:48, Rate: 3.7 cps, Current: -74, 145
[25Aug2026 11:48:55.184] [Server thread/INFO] [net.minecraft.server.MinecraftServer/]: [Chunky] Task running for minecraft:overworld. Processed: 75250 chunks (3.34%), ETA: 152:04:19, Rate: 4.0 cps, Current: -74, 146
[25Aug2026 11:48:56.189] [Server thread/INFO] [net.minecraft.server.MinecraftServer/]: [Chunky] Task running for minecraft:overworld. Processed: 75253 chunks (3.34%), ETA: 153:24:10, Rate: 3.9 cps, Current: -77, 147
[25Aug2026 11:48:57.725] [Server thread/INFO] [net.minecraft.server.MinecraftServer/]: [Chunky] Task running for minecraft:overworld. Processed: 75257 chunks (3.34%), ETA: 160:21:38, Rate: 3.8 cps, Current: -81, 148
[25Aug2026 11:48:58.731] [Server thread/INFO] [net.minecraft.server.MinecraftServer/]: [Chunky] Task running for minecraft:overworld. Processed: 75261 chunks (3.34%), ETA: 162:36:12, Rate: 3.7 cps, Current: -75, 148
[25Aug2026 11:49:00.099] [Server thread/INFO] [net.minecraft.server.MinecraftServer/]: [Chunky] Task running for minecraft:overworld. Processed: 75264 chunks (3.34%), ETA: 151:44:12, Rate: 4.0 cps, Current: -81, 149
[25Aug2026 11:49:01.487] [Server thread/INFO] [net.minecraft.server.MinecraftServer/]: [Chunky] Task running for minecraft:overworld. Processed: 75267 chunks (3.34%), ETA: 155:10:08, Rate: 3.9 cps, Current: -74, 149
[25Aug2026 11:49:02.542] [Server thread/INFO] [net.minecraft.server.MinecraftServer/]: [Chunky] Task running for minecraft:overworld. Processed: 75273 chunks (3.34%), ETA: 152:41:13, Rate: 4.0 cps, Current: -79, 149
[25Aug2026 11:49:03.610] [Server thread/INFO] [net.minecraft.server.MinecraftServer/]: [Chunky] Task running for minecraft:overworld. Processed: 75284 chunks (3.34%), ETA: 136:48:58, Rate: 4.4 cps, Current: -81, 151
[25Aug2026 11:49:04.971] [Server thread/INFO] [net.minecraft.server.MinecraftServer/]: [Chunky] Task running for minecraft:overworld. Processed: 75289 chunks (3.34%), ETA: 137:24:40, Rate: 4.4 cps, Current: -80, 152
[25Aug2026 11:49:06.910] [Server thread/INFO] [net.minecraft.server.MinecraftServer/]: [Chunky] Task running for minecraft:overworld. Processed: 75297 chunks (3.34%), ETA: 135:13:50, Rate: 4.5 cps, Current: -81, 154
[25Aug2026 11:49:08.034] [Server thread/INFO] [net.minecraft.server.MinecraftServer/]: [Chunky] Task running for minecraft:overworld. Processed: 75303 chunks (3.34%), ETA: 143:26:57, Rate: 4.2 cps, Current: -81, 156
[25Aug2026 11:49:09.323] [Server thread/INFO] [net.minecraft.server.MinecraftServer/]: [Chunky] Task running for minecraft:overworld. Processed: 75308 chunks (3.34%), ETA: 173:57:28, Rate: 3.5 cps, Current: -80, 158
[25Aug2026 11:49:10.867] [Server thread/INFO] [net.minecraft.server.MinecraftServer/]: [Chunky] Task running for minecraft:overworld. Processed: 75314 chunks (3.34%), ETA: 188:30:00, Rate: 3.2 cps, Current: -78, 157
[25Aug2026 11:49:12.098] [Server thread/INFO] [net.minecraft.server.MinecraftServer/]: [Chunky] Task running for minecraft:overworld. Processed: 75318 chunks (3.34%), ETA: 188:24:05, Rate: 3.2 cps, Current: -77, 152
[25Aug2026 11:49:14.280] [Server thread/INFO] [net.minecraft.server.MinecraftServer/]: [Chunky] Task running for minecraft:overworld. Processed: 75324 chunks (3.34%), ETA: 184:25:46, Rate: 3.3 cps, Current: -76, 151
[25Aug2026 11:49:15.673] [Server thread/INFO] [net.minecraft.server.MinecraftServer/]: [Chunky] Task running for minecraft:overworld. Processed: 75328 chunks (3.34%), ETA: 185:33:27, Rate: 3.3 cps, Current: -75, 157
[25Aug2026 11:49:16.957] [Server thread/INFO] [net.minecraft.server.MinecraftServer/]: [Chunky] Task running for minecraft:overworld. Processed: 75336 chunks (3.34%), ETA: 178:32:57, Rate: 3.4 cps, Current: -75, 154
[25Aug2026 11:49:18.169] [Server thread/INFO] [net.minecraft.server.MinecraftServer/]: [Chunky] Task running for minecraft:overworld. Processed: 75341 chunks (3.34%), ETA: 166:07:25, Rate: 3.6 cps, Current: -74, 158
[25Aug2026 11:49:19.276] [Server thread/INFO] [net.minecraft.server.MinecraftServer/]: [Chunky] Task running for minecraft:overworld. Processed: 75350 chunks (3.34%), ETA: 158:41:30, Rate: 3.8 cps, Current: -93, 159
[25Aug2026 11:49:23.971] [Server thread/INFO] [net.minecraft.server.MinecraftServer/]: [Chunky] Task running for minecraft:overworld. Processed: 75352 chunks (3.34%), ETA: 169:03:41, Rate: 3.6 cps, Current: -73, 153
[25Aug2026 11:49:25.432] [Server thread/INFO] [net.minecraft.server.MinecraftServer/]: [Chunky] Task running for minecraft:overworld. Processed: 75357 chunks (3.34%), ETA: 168:28:04, Rate: 3.6 cps, Current: -90, 159
[25Aug2026 11:49:26.524] [Server thread/INFO] [net.minecraft.server.MinecraftServer/]: [Chunky] Task running for minecraft:overworld. Processed: 75362 chunks (3.34%), ETA: 164:20:39, Rate: 3.7 cps, Current: -73, 155
[25Aug2026 11:49:27.725] [Server thread/INFO] [net.minecraft.server.MinecraftServer/]: [Chunky] Task running for minecraft:overworld. Processed: 75367 chunks (3.35%), ETA: 163:29:09, Rate: 3.7 cps, Current: -73, 156
[25Aug2026 11:49:29.002] [Server thread/INFO] [net.minecraft.server.MinecraftServer/]: [Chunky] Task running for minecraft:overworld. Processed: 75372 chunks (3.35%), ETA: 160:23:51, Rate: 3.8 cps, Current: -72, 158
[25Aug2026 11:49:30.269] [Server thread/INFO] [net.minecraft.server.MinecraftServer/]: [Chunky] Task running for minecraft:overworld. Processed: 75376 chunks (3.35%), ETA: 158:16:25, Rate: 3.8 cps, Current: -71, 158
[25Aug2026 11:49:32.600] [Server thread/INFO] [net.minecraft.server.MinecraftServer/]: [Chunky] Task running for minecraft:overworld. Processed: 75381 chunks (3.35%), ETA: 178:56:15, Rate: 3.4 cps, Current: -69, 157
[25Aug2026 11:49:33.630] [Server thread/INFO] [net.minecraft.server.MinecraftServer/]: [Chunky] Task running for minecraft:overworld. Processed: 75386 chunks (3.35%), ETA: 176:53:39, Rate: 3.4 cps, Current: -85, 159
[25Aug2026 11:49:35.751] [Server thread/INFO] [net.minecraft.server.MinecraftServer/]: [Chunky] Task running for minecraft:overworld. Processed: 75387 chunks (3.35%), ETA: 191:42:40, Rate: 3.2 cps, Current: -84, 159
[25Aug2026 11:49:37.169] [Server thread/INFO] [net.minecraft.server.MinecraftServer/]: [Chunky] Task running for minecraft:overworld. Processed: 75393 chunks (3.35%), ETA: 193:39:53, Rate: 3.1 cps, Current: -80, 144
[25Aug2026 11:49:38.223] [Server thread/INFO] [net.minecraft.server.MinecraftServer/]: [Chunky] Task running for minecraft:overworld. Processed: 75400 chunks (3.35%), ETA: 187:58:15, Rate: 3.2 cps, Current: -66, 156
[25Aug2026 11:49:39.225] [Server thread/INFO] [net.minecraft.server.MinecraftServer/]: [Chunky] Task running for minecraft:overworld. Processed: 75405 chunks (3.35%), ETA: 184:33:53, Rate: 3.3 cps, Current: -66, 155
[25Aug2026 11:49:40.567] [Server thread/INFO] [net.minecraft.server.MinecraftServer/]: [Chunky] Task running for minecraft:overworld. Processed: 75410 chunks (3.35%), ETA: 185:12:04, Rate: 3.3 cps, Current: -67, 153
[25Aug2026 11:49:41.917] [Server thread/INFO] [net.minecraft.server.MinecraftServer/]: [Chunky] Task running for minecraft:overworld. Processed: 75413 chunks (3.35%), ETA: 187:53:10, Rate: 3.2 cps, Current: -73, 152
[25Aug2026 11:49:43.452] [Server thread/INFO] [net.minecraft.server.MinecraftServer/]: [Chunky] Task running for minecraft:overworld. Processed: 75419 chunks (3.35%), ETA: 183:48:32, Rate: 3.3 cps, Current: -73, 151
[25Aug2026 11:49:45.104] [Server thread/INFO] [net.minecraft.server.MinecraftServer/]: [Chunky] Task running for minecraft:overworld. Processed: 75420 chunks (3.35%), ETA: 191:25:22, Rate: 3.2 cps, Current: -67, 152
[25Aug2026 11:49:46.125] [Server thread/INFO] [net.minecraft.server.MinecraftServer/]: [Chunky] Task running for minecraft:overworld. Processed: 75434 chunks (3.35%), ETA: 178:12:48, Rate: 3.4 cps, Current: -66, 152
[25Aug2026 11:49:47.194] [Server thread/INFO] [net.minecraft.server.MinecraftServer/]: [Chunky] Task running for minecraft:overworld. Processed: 75437 chunks (3.35%), ETA: 181:00:07, Rate: 3.3 cps, Current: -73, 149
[25Aug2026 11:49:48.661] [Server thread/INFO] [net.minecraft.server.MinecraftServer/]: [Chunky] Task running for minecraft:overworld. Processed: 75442 chunks (3.35%), ETA: 191:06:54, Rate: 3.2 cps, Current: -68, 149
[25Aug2026 11:49:49.896] [Server thread/INFO] [net.minecraft.server.MinecraftServer/]: [Chunky] Task running for minecraft:overworld. Processed: 75451 chunks (3.35%), ETA: 156:48:49, Rate: 3.9 cps, Current: -70, 147
[25Aug2026 11:49:51.671] [Server thread/INFO] [net.minecraft.server.MinecraftServer/]: [Chunky] Task running for minecraft:overworld. Processed: 75459 chunks (3.35%), ETA: 155:08:19, Rate: 3.9 cps, Current: -70, 146
[25Aug2026 11:49:52.779] [Server thread/INFO] [net.minecraft.server.MinecraftServer/]: [Chunky] Task running for minecraft:overworld. Processed: 75465 chunks (3.35%), ETA: 152:51:07, Rate: 4.0 cps, Current: -68, 148
[25Aug2026 11:49:53.834] [Server thread/INFO] [net.minecraft.server.MinecraftServer/]: [Chunky] Task running for minecraft:overworld. Processed: 75472 chunks (3.35%), ETA: 149:16:57, Rate: 4.1 cps, Current: -66, 148
[25Aug2026 11:49:55.154] [Server thread/INFO] [net.minecraft.server.MinecraftServer/]: [Chunky] Task running for minecraft:overworld. Processed: 75477 chunks (3.35%), ETA: 148:34:39, Rate: 4.1 cps, Current: -77, 144
[25Aug2026 11:49:56.474] [Server thread/INFO] [net.minecraft.server.MinecraftServer/]: [Chunky] Task running for minecraft:overworld. Processed: 75484 chunks (3.35%), ETA: 147:16:56, Rate: 4.1 cps, Current: -70, 144
[25Aug2026 11:49:58.021] [Server thread/INFO] [net.minecraft.server.MinecraftServer/]: [Chunky] Task running for minecraft:overworld. Processed: 75488 chunks (3.35%), ETA: 150:01:19, Rate: 4.0 cps, Current: -68, 143
[25Aug2026 11:49:59.444] [Server thread/INFO] [net.minecraft.server.MinecraftServer/]: [Chunky] Task running for minecraft:overworld. Processed: 75491 chunks (3.35%), ETA: 152:07:42, Rate: 4.0 cps, Current: -66, 144
[25Aug2026 11:49:59.487] [Server thread/DEBUG] [net.minecraftforge.common.ForgeHooks/WP]: Gathering id map for writing to world save world
[25Aug2026 11:49:59.503] [Server thread/DEBUG] [net.minecraftforge.common.ForgeHooks/WP]: ID Map collection complete world
[25Aug2026 11:50:01.134] [Server thread/INFO] [net.minecraft.server.MinecraftServer/]: [Chunky] Task running for minecraft:overworld. Processed: 75494 chunks (3.35%), ETA: 151:23:46, Rate: 4.0 cps, Current: -67, 141
[25Aug2026 11:50:04.134] [Server thread/INFO] [net.minecraft.server.MinecraftServer/]: [Chunky] Task running for minecraft:overworld. Processed: 75497 chunks (3.35%), ETA: 154:39:53, Rate: 3.9 cps, Current: -66, 140
[25Aug2026 11:50:05.247] [Server thread/INFO] [net.minecraft.server.MinecraftServer/]: [Chunky] Task running for minecraft:overworld. Processed: 75502 chunks (3.35%), ETA: 153:48:05, Rate: 3.9 cps, Current: -79, 159
[25Aug2026 11:50:06.650] [Server thread/INFO] [net.minecraft.server.MinecraftServer/]: [Chunky] Task running for minecraft:overworld. Processed: 75507 chunks (3.35%), ETA: 155:03:34, Rate: 3.9 cps, Current: -78, 159
[25Aug2026 11:50:07.999] [Server thread/INFO] [net.minecraft.server.MinecraftServer/]: [Chunky] Task running for minecraft:overworld. Processed: 75513 chunks (3.35%), ETA: 157:59:04, Rate: 3.8 cps, Current: -69, 139
[25Aug2026 11:50:09.700] [Server thread/INFO] [net.minecraft.server.MinecraftServer/]: [Chunky] Task running for minecraft:overworld. Processed: 75517 chunks (3.35%), ETA: 163:09:56, Rate: 3.7 cps, Current: -70, 139
[25Aug2026 11:50:11.638] [Server thread/INFO] [net.minecraft.server.MinecraftServer/]: [Chunky] Task running for minecraft:overworld. Processed: 75521 chunks (3.35%), ETA: 164:55:32, Rate: 3.7 cps, Current: -71, 137
[25Aug2026 11:50:12.828] [Server thread/INFO] [net.minecraft.server.MinecraftServer/]: [Chunky] Task running for minecraft:overworld. Processed: 75538 chunks (3.35%), ETA: 148:04:02, Rate: 4.1 cps, Current: -74, 159
[25Aug2026 11:50:14.018] [Server thread/INFO] [net.minecraft.server.MinecraftServer/]: [Chunky] Task running for minecraft:overworld. Processed: 75545 chunks (3.35%), ETA: 138:47:54, Rate: 4.4 cps, Current: -72, 142
[25Aug2026 11:50:15.271] [Server thread/INFO] [net.minecraft.server.MinecraftServer/]: [Chunky] Task running for minecraft:overworld. Processed: 75551 chunks (3.35%), ETA: 149:23:50, Rate: 4.0 cps, Current: -74, 141
[25Aug2026 11:50:16.333] [Server thread/INFO] [net.minecraft.server.MinecraftServer/]: [Chunky] Task running for minecraft:overworld. Processed: 75555 chunks (3.35%), ETA: 148:06:21, Rate: 4.1 cps, Current: -76, 143
[25Aug2026 11:50:17.418] [Server thread/INFO] [net.minecraft.server.MinecraftServer/]: [Chunky] Task running for minecraft:overworld. Processed: 75572 chunks (3.35%), ETA: 132:46:43, Rate: 4.6 cps, Current: -72, 140
[25Aug2026 11:50:18.627] [Server thread/INFO] [net.minecraft.server.MinecraftServer/]: [Chunky] Task running for minecraft:overworld. Processed: 75577 chunks (3.35%), ETA: 133:16:25, Rate: 4.5 cps, Current: -78, 140
[25Aug2026 11:50:19.648] [Server thread/INFO] [net.minecraft.server.MinecraftServer/]: [Chunky] Task running for minecraft:overworld. Processed: 75586 chunks (3.35%), ETA: 132:19:01, Rate: 4.6 cps, Current: -72, 139
[25Aug2026 11:50:20.743] [Server thread/INFO] [net.minecraft.server.MinecraftServer/]: [Chunky] Task running for minecraft:overworld. Processed: 75593 chunks (3.36%), ETA: 130:15:00, Rate: 4.6 cps, Current: -77, 138
[25Aug2026 11:50:21.886] [Server thread/INFO] [net.minecraft.server.MinecraftServer/]: [Chunky] Task running for minecraft:overworld. Processed: 75600 chunks (3.36%), ETA: 129:26:51, Rate: 4.7 cps, Current: -75, 138
[25Aug2026 11:50:24.730] [Server thread/INFO] [net.minecraft.server.MinecraftServer/]: [Chunky] Task running for minecraft:overworld. Processed: 75610 chunks (3.36%), ETA: 133:29:45, Rate: 4.5 cps, Current: -75, 136
[25Aug2026 11:50:25.776] [Server thread/INFO] [net.minecraft.server.MinecraftServer/]: [Chunky] Task running for minecraft:overworld. Processed: 75611 chunks (3.36%), ETA: 138:27:32, Rate: 4.4 cps, Current: -74, 136
[25Aug2026 11:50:26.805] [Server thread/INFO] [net.minecraft.server.MinecraftServer/]: [Chunky] Task running for minecraft:overworld. Processed: 75620 chunks (3.36%), ETA: 130:53:34, Rate: 4.6 cps, Current: -74, 135
[25Aug2026 11:50:28.133] [Server thread/INFO] [net.minecraft.server.MinecraftServer/]: [Chunky] Task running for minecraft:overworld. Processed: 75628 chunks (3.36%), ETA: 125:44:16, Rate: 4.8 cps, Current: -80, 134
[25Aug2026 11:50:29.268] [Server thread/INFO] [net.minecraft.server.MinecraftServer/]: [Chunky] Task running for minecraft:overworld. Processed: 75638 chunks (3.36%), ETA: 121:52:48, Rate: 5.0 cps, Current: -80, 132
[25Aug2026 11:50:30.321] [Server thread/INFO] [net.minecraft.server.MinecraftServer/]: [Chunky] Task running for minecraft:overworld. Processed: 75670 chunks (3.36%), ETA: 99:43:58, Rate: 6.1 cps, Current: -74, 130
[25Aug2026 11:50:31.409] [Server thread/INFO] [net.minecraft.server.MinecraftServer/]: [Chunky] Task running for minecraft:overworld. Processed: 75678 chunks (3.36%), ETA: 90:38:19, Rate: 6.7 cps, Current: -73, 132
[25Aug2026 11:50:32.761] [Server thread/INFO] [net.minecraft.server.MinecraftServer/]: [Chunky] Task running for minecraft:overworld. Processed: 75691 chunks (3.36%), ETA: 88:47:20, Rate: 6.8 cps, Current: -71, 136
[25Aug2026 11:50:34.015] [Server thread/INFO] [net.minecraft.server.MinecraftServer/]: [Chunky] Task running for minecraft:overworld. Processed: 75700 chunks (3.36%), ETA: 88:35:21, Rate: 6.8 cps, Current: -70, 136
[25Aug2026 11:50:35.030] [Server thread/INFO] [net.minecraft.server.MinecraftServer/]: [Chunky] Task running for minecraft:overworld. Processed: 75705 chunks (3.36%), ETA: 88:17:54, Rate: 6.8 cps, Current: -70, 133
[25Aug2026 11:50:36.082] [Server thread/INFO] [net.minecraft.server.MinecraftServer/]: [Chunky] Task running for minecraft:overworld. Processed: 75713 chunks (3.36%), ETA: 85:59:34, Rate: 7.0 cps, Current: -68, 135
[25Aug2026 11:50:37.286] [Server thread/INFO] [net.minecraft.server.MinecraftServer/]: [Chunky] Task running for minecraft:overworld. Processed: 75719 chunks (3.36%), ETA: 85:34:08, Rate: 7.1 cps, Current: -69, 131
[25Aug2026 11:50:38.519] [Server thread/INFO] [net.minecraft.server.MinecraftServer/]: [Chunky] Task running for minecraft:overworld. Processed: 75729 chunks (3.36%), ETA: 81:49:45, Rate: 7.4 cps, Current: -67, 131
[25Aug2026 11:50:39.922] [Server thread/INFO] [net.minecraft.server.MinecraftServer/]: [Chunky] Task running for minecraft:overworld. Processed: 75745 chunks (3.36%), ETA: 76:01:35, Rate: 8.0 cps, Current: -65, 128
[25Aug2026 11:50:40.971] [Server thread/INFO] [net.minecraft.server.MinecraftServer/]: [Chunky] Task running for minecraft:overworld. Processed: 75749 chunks (3.36%), ETA: 77:27:58, Rate: 7.8 cps, Current: -63, 128
[25Aug2026 11:50:42.039] [Server thread/INFO] [net.minecraft.server.MinecraftServer/]: [Chunky] Task running for minecraft:overworld. Processed: 75754 chunks (3.36%), ETA: 81:24:45, Rate: 7.4 cps, Current: -65, 133
[25Aug2026 11:50:43.053] [Server thread/INFO] [net.minecraft.server.MinecraftServer/]: [Chunky] Task running for minecraft:overworld. Processed: 75761 chunks (3.36%), ETA: 80:55:18, Rate: 7.5 cps, Current: -63, 131
[25Aug2026 11:50:44.174] [Server thread/INFO] [net.minecraft.server.MinecraftServer/]: [Chunky] Task running for minecraft:overworld. Processed: 75765 chunks (3.36%), ETA: 81:18:01, Rate: 7.4 cps, Current: -62, 130
[25Aug2026 11:50:45.517] [Server thread/INFO] [net.minecraft.server.MinecraftServer/]: [Chunky] Task running for minecraft:overworld. Processed: 75771 chunks (3.36%), ETA: 81:20:12, Rate: 7.4 cps, Current: -62, 133
[25Aug2026 11:50:47.425] [Server thread/INFO] [net.minecraft.server.MinecraftServer/]: [Chunky] Task running for minecraft:overworld. Processed: 75775 chunks (3.36%), ETA: 87:31:14, Rate: 6.9 cps, Current: -65, 134
[25Aug2026 11:50:48.430] [Server thread/INFO] [net.minecraft.server.MinecraftServer/]: [Chunky] Task running for minecraft:overworld. Processed: 75782 chunks (3.36%), ETA: 87:29:48, Rate: 6.9 cps, Current: -60, 131
[25Aug2026 11:50:49.632] [Server thread/INFO] [net.minecraft.server.MinecraftServer/]: [Chunky] Task running for minecraft:overworld. Processed: 75792 chunks (3.36%), ETA: 87:36:09, Rate: 6.9 cps, Current: -60, 134
[25Aug2026 11:50:50.705] [Server thread/INFO] [net.minecraft.server.MinecraftServer/]: [Chunky] Task running for minecraft:overworld. Processed: 75799 chunks (3.36%), ETA: 87:32:16, Rate: 6.9 cps, Current: -58, 134
[25Aug2026 11:50:51.903] [Server thread/INFO] [net.minecraft.server.MinecraftServer/]: [Chunky] Task running for minecraft:overworld. Processed: 75804 chunks (3.36%), ETA: 84:16:29, Rate: 7.2 cps, Current: -57, 130
[25Aug2026 11:50:52.973] [Server thread/INFO] [net.minecraft.server.MinecraftServer/]: [Chunky] Task running for minecraft:overworld. Processed: 75809 chunks (3.36%), ETA: 85:24:12, Rate: 7.1 cps, Current: -55, 130
[25Aug2026 11:50:54.480] [Server thread/INFO] [net.minecraft.server.MinecraftServer/]: [Chunky] Task running for minecraft:overworld. Processed: 75814 chunks (3.37%), ETA: 87:45:47, Rate: 6.9 cps, Current: -52, 128
[25Aug2026 11:50:55.519] [Server thread/INFO] [net.minecraft.server.MinecraftServer/]: [Chunky] Task running for minecraft:overworld. Processed: 75819 chunks (3.37%), ETA: 86:03:56, Rate: 7.0 cps, Current: -65, 135
[25Aug2026 11:50:56.570] [Server thread/INFO] [net.minecraft.server.MinecraftServer/]: [Chunky] Task running for minecraft:overworld. Processed: 75824 chunks (3.37%), ETA: 87:48:35, Rate: 6.9 cps, Current: -65, 140
[25Aug2026 11:50:57.781] [Server thread/INFO] [net.minecraft.server.MinecraftServer/]: [Chunky] Task running for minecraft:overworld. Processed: 75830 chunks (3.37%), ETA: 88:19:34, Rate: 6.8 cps, Current: -65, 146
[25Aug2026 11:50:58.841] [Server thread/INFO] [net.minecraft.server.MinecraftServer/]: [Chunky] Task running for minecraft:overworld. Processed: 75834 chunks (3.37%), ETA: 90:47:09, Rate: 6.7 cps, Current: -53, 129
[25Aug2026 11:50:59.933] [Server thread/INFO] [net.minecraft.server.MinecraftServer/]: [Chunky] Task running for minecraft:overworld. Processed: 75838 chunks (3.37%), ETA: 105:57:47, Rate: 5.7 cps, Current: -65, 151
[25Aug2026 11:51:01.319] [Server thread/INFO] [net.minecraft.server.MinecraftServer/]: [Chunky] Task running for minecraft:overworld. Processed: 75846 chunks (3.37%), ETA: 107:01:57, Rate: 5.7 cps, Current: -52, 131
[25Aug2026 11:51:02.469] [Server thread/INFO] [net.minecraft.server.MinecraftServer/]: [Chunky] Task running for minecraft:overworld. Processed: 75853 chunks (3.37%), ETA: 110:13:21, Rate: 5.5 cps, Current: -55, 132
[25Aug2026 11:51:03.569] [Server thread/INFO] [net.minecraft.server.MinecraftServer/]: [Chunky] Task running for minecraft:overworld. Processed: 75858 chunks (3.37%), ETA: 112:24:34, Rate: 5.4 cps, Current: -51, 129
[25Aug2026 11:51:04.584] [Server thread/INFO] [net.minecraft.server.MinecraftServer/]: [Chunky] Task running for minecraft:overworld. Processed: 75865 chunks (3.37%), ETA: 111:00:46, Rate: 5.4 cps, Current: -54, 133
[25Aug2026 11:51:05.861] [Server thread/INFO] [net.minecraft.server.MinecraftServer/]: [Chunky] Task running for minecraft:overworld. Processed: 75871 chunks (3.37%), ETA: 113:15:53, Rate: 5.3 cps, Current: -60, 135
[25Aug2026 11:51:07.359] [Server thread/INFO] [net.minecraft.server.MinecraftServer/]: [Chunky] Task running for minecraft:overworld. Processed: 75876 chunks (3.37%), ETA: 117:50:45, Rate: 5.1 cps, Current: -56, 134
[25Aug2026 11:51:08.567] [Server thread/INFO] [net.minecraft.server.MinecraftServer/]: [Chunky] Task running for minecraft:overworld. Processed: 75880 chunks (3.37%), ETA: 127:22:36, Rate: 4.7 cps, Current: -54, 134
[25Aug2026 11:51:09.595] [Server thread/INFO] [net.minecraft.server.MinecraftServer/]: [Chunky] Task running for minecraft:overworld. Processed: 75885 chunks (3.37%), ETA: 127:15:51, Rate: 4.8 cps, Current: -52, 134
[25Aug2026 11:51:12.085] [Server thread/INFO] [net.minecraft.server.MinecraftServer/]: [Chunky] Task running for minecraft:overworld. Processed: 75893 chunks (3.37%), ETA: 132:00:31, Rate: 4.6 cps, Current: -52, 137
[25Aug2026 11:51:13.567] [Server thread/INFO] [net.minecraft.server.MinecraftServer/]: [Chunky] Task running for minecraft:overworld. Processed: 75899 chunks (3.37%), ETA: 131:40:27, Rate: 4.6 cps, Current: -51, 137
[25Aug2026 11:51:15.742] [Server thread/INFO] [net.minecraft.server.MinecraftServer/]: [Chunky] Task running for minecraft:overworld. Processed: 75900 chunks (3.37%), ETA: 135:54:37, Rate: 4.4 cps, Current: -50, 129
[25Aug2026 11:51:16.919] [Server thread/INFO] [net.minecraft.server.MinecraftServer/]: [Chunky] Task running for minecraft:overworld. Processed: 75906 chunks (3.37%), ETA: 135:07:28, Rate: 4.5 cps, Current: -51, 138
[25Aug2026 11:51:18.086] [Server thread/INFO] [net.minecraft.server.MinecraftServer/]: [Chunky] Task running for minecraft:overworld. Processed: 75910 chunks (3.37%), ETA: 139:01:17, Rate: 4.4 cps, Current: -52, 138
[25Aug2026 11:51:19.258] [Server thread/INFO] [net.minecraft.server.MinecraftServer/]: [Chunky] Task running for minecraft:overworld. Processed: 75917 chunks (3.37%), ETA: 142:11:31, Rate: 4.3 cps, Current: -53, 139
[25Aug2026 11:51:20.351] [Server thread/INFO] [net.minecraft.server.MinecraftServer/]: [Chunky] Task running for minecraft:overworld. Processed: 75922 chunks (3.37%), ETA: 144:34:57, Rate: 4.2 cps, Current: -53, 141
[25Aug2026 11:51:21.376] [Server thread/INFO] [net.minecraft.server.MinecraftServer/]: [Chunky] Task running for minecraft:overworld. Processed: 75929 chunks (3.37%), ETA: 141:27:24, Rate: 4.3 cps, Current: -56, 139
[25Aug2026 11:51:22.683] [Server thread/INFO] [net.minecraft.server.MinecraftServer/]: [Chunky] Task running for minecraft:overworld. Processed: 75931 chunks (3.37%), ETA: 146:04:19, Rate: 4.1 cps, Current: -56, 141
[25Aug2026 11:51:24.602] [Server thread/INFO] [net.minecraft.server.MinecraftServer/]: [Chunky] Task running for minecraft:overworld. Processed: 75932 chunks (3.37%), ETA: 154:16:40, Rate: 3.9 cps, Current: -59, 141
[25Aug2026 11:51:26.029] [Server thread/INFO] [net.minecraft.server.MinecraftServer/]: [Chunky] Task running for minecraft:overworld. Processed: 75951 chunks (3.37%), ETA: 139:11:01, Rate: 4.3 cps, Current: -59, 137
[25Aug2026 11:51:27.152] [Server thread/INFO] [net.minecraft.server.MinecraftServer/]: [Chunky] Task running for minecraft:overworld. Processed: 75957 chunks (3.37%), ETA: 138:45:46, Rate: 4.4 cps, Current: -60, 136
[25Aug2026 11:51:28.237] [Server thread/INFO] [net.minecraft.server.MinecraftServer/]: [Chunky] Task running for minecraft:overworld. Processed: 75974 chunks (3.37%), ETA: 126:04:31, Rate: 4.8 cps, Current: -60, 139
[25Aug2026 11:51:29.668] [Server thread/INFO] [net.minecraft.server.MinecraftServer/]: [Chunky] Task running for minecraft:overworld. Processed: 75989 chunks (3.37%), ETA: 118:18:12, Rate: 5.1 cps, Current: -52, 142
[25Aug2026 11:51:30.740] [Server thread/INFO] [net.minecraft.server.MinecraftServer/]: [Chunky] Task running for minecraft:overworld. Processed: 75995 chunks (3.37%), ETA: 118:36:37, Rate: 5.1 cps, Current: -58, 142
[25Aug2026 11:51:32.160] [Server thread/INFO] [net.minecraft.server.MinecraftServer/]: [Chunky] Task running for minecraft:overworld. Processed: 76006 chunks (3.37%), ETA: 116:35:21, Rate: 5.2 cps, Current: -63, 144
[25Aug2026 11:51:33.196] [Server thread/INFO] [net.minecraft.server.MinecraftServer/]: [Chunky] Task running for minecraft:overworld. Processed: 76012 chunks (3.37%), ETA: 115:35:13, Rate: 5.2 cps, Current: -59, 143
[25Aug2026 11:51:34.246] [Server thread/INFO] [net.minecraft.server.MinecraftServer/]: [Chunky] Task running for minecraft:overworld. Processed: 76017 chunks (3.37%), ETA: 117:14:10, Rate: 5.2 cps, Current: -61, 145
[25Aug2026 11:51:35.642] [Server thread/INFO] [net.minecraft.server.MinecraftServer/]: [Chunky] Task running for minecraft:overworld. Processed: 76023 chunks (3.37%), ETA: 117:42:22, Rate: 5.1 cps, Current: -61, 146
[25Aug2026 11:51:38.441] [Server thread/INFO] [net.minecraft.server.MinecraftServer/]: [Chunky] Task running for minecraft:overworld. Processed: 76032 chunks (3.37%), ETA: 118:04:23, Rate: 5.1 cps, Current: -59, 148
[25Aug2026 11:51:39.482] [Server thread/INFO] [net.minecraft.server.MinecraftServer/]: [Chunky] Task running for minecraft:overworld. Processed: 76037 chunks (3.37%), ETA: 118:07:42, Rate: 5.1 cps, Current: -61, 148
[25Aug2026 11:51:40.758] [Server thread/INFO] [net.minecraft.server.MinecraftServer/]: [Chunky] Task running for minecraft:overworld. Processed: 76049 chunks (3.38%), ETA: 110:26:17, Rate: 5.5 cps, Current: -58, 148
[25Aug2026 11:51:42.088] [Server thread/INFO] [net.minecraft.server.MinecraftServer/]: [Chunky] Task running for minecraft:overworld. Processed: 76054 chunks (3.38%), ETA: 110:33:24, Rate: 5.5 cps, Current: -61, 150
[25Aug2026 11:51:43.154] [Server thread/INFO] [net.minecraft.server.MinecraftServer/]: [Chunky] Task running for minecraft:overworld. Processed: 76060 chunks (3.38%), ETA: 110:26:27, Rate: 5.5 cps, Current: -63, 151
[25Aug2026 11:51:44.685] [Server thread/INFO] [net.minecraft.server.MinecraftServer/]: [Chunky] Task running for minecraft:overworld. Processed: 76067 chunks (3.38%), ETA: 104:10:41, Rate: 5.8 cps, Current: -62, 154
[25Aug2026 11:51:46.094] [Server thread/INFO] [net.minecraft.server.MinecraftServer/]: [Chunky] Task running for minecraft:overworld. Processed: 76074 chunks (3.38%), ETA: 104:23:29, Rate: 5.8 cps, Current: -64, 157
[25Aug2026 11:51:47.185] [Server thread/INFO] [net.minecraft.server.MinecraftServer/]: [Chunky] Task running for minecraft:overworld. Processed: 76081 chunks (3.38%), ETA: 102:18:24, Rate: 5.9 cps, Current: -62, 157
[25Aug2026 11:51:48.534] [Server thread/INFO] [net.minecraft.server.MinecraftServer/]: [Chunky] Task running for minecraft:overworld. Processed: 76086 chunks (3.38%), ETA: 104:08:10, Rate: 5.8 cps, Current: -61, 155
[25Aug2026 11:51:49.786] [Server thread/INFO] [net.minecraft.server.MinecraftServer/]: [Chunky] Task running for minecraft:overworld. Processed: 76092 chunks (3.38%), ETA: 104:05:21, Rate: 5.8 cps, Current: -60, 157
[25Aug2026 11:51:51.083] [Server thread/INFO] [net.minecraft.server.MinecraftServer/]: [Chunky] Task running for minecraft:overworld. Processed: 76095 chunks (3.38%), ETA: 107:34:01, Rate: 5.6 cps, Current: -59, 157
[25Aug2026 11:51:52.126] [Server thread/INFO] [net.minecraft.server.MinecraftServer/]: [Chunky] Task running for minecraft:overworld. Processed: 76100 chunks (3.38%), ETA: 104:43:46, Rate: 5.8 cps, Current: -59, 155
[25Aug2026 11:51:53.304] [Server thread/INFO] [net.minecraft.server.MinecraftServer/]: [Chunky] Task running for minecraft:overworld. Processed: 76110 chunks (3.38%), ETA: 96:57:36, Rate: 6.2 cps, Current: -58, 157
[25Aug2026 11:51:54.434] [Server thread/INFO] [net.minecraft.server.MinecraftServer/]: [Chunky] Task running for minecraft:overworld. Processed: 76120 chunks (3.38%), ETA: 95:26:30, Rate: 6.3 cps, Current: -57, 143
[25Aug2026 11:51:55.519] [Server thread/INFO] [net.minecraft.server.MinecraftServer/]: [Chunky] Task running for minecraft:overworld. Processed: 76123 chunks (3.38%), ETA: 103:04:35, Rate: 5.9 cps, Current: -57, 146
[25Aug2026 11:51:56.550] [Server thread/INFO] [net.minecraft.server.MinecraftServer/]: [Chunky] Task running for minecraft:overworld. Processed: 76129 chunks (3.38%), ETA: 102:45:17, Rate: 5.9 cps, Current: -56, 143
[25Aug2026 11:51:57.919] [Server thread/INFO] [net.minecraft.server.MinecraftServer/]: [Chunky] Task running for minecraft:overworld. Processed: 76132 chunks (3.38%), ETA: 112:52:56, Rate: 5.4 cps, Current: -55, 143
[25Aug2026 11:51:59.027] [Server thread/INFO] [net.minecraft.server.MinecraftServer/]: [Chunky] Task running for minecraft:overworld. Processed: 76137 chunks (3.38%), ETA: 119:08:49, Rate: 5.1 cps, Current: -55, 153
[25Aug2026 11:52:00.234] [Server thread/INFO] [net.minecraft.server.MinecraftServer/]: [Chunky] Task running for minecraft:overworld. Processed: 76141 chunks (3.38%), ETA: 121:19:24, Rate: 5.0 cps, Current: -56, 154
[25Aug2026 11:52:02.222] [Server thread/INFO] [net.minecraft.server.MinecraftServer/]: [Chunky] Task running for minecraft:overworld. Processed: 76149 chunks (3.38%), ETA: 127:11:04, Rate: 4.8 cps, Current: -54, 143
[25Aug2026 11:52:03.975] [Server thread/INFO] [net.minecraft.server.MinecraftServer/]: [Chunky] Task running for minecraft:overworld. Processed: 76156 chunks (3.38%), ETA: 128:24:13, Rate: 4.7 cps, Current: -53, 154
[25Aug2026 11:52:05.395] [Server thread/INFO] [net.minecraft.server.MinecraftServer/]: [Chunky] Task running for minecraft:overworld. Processed: 76161 chunks (3.38%), ETA: 129:25:53, Rate: 4.7 cps, Current: -52, 156
[25Aug2026 11:52:06.590] [Server thread/INFO] [net.minecraft.server.MinecraftServer/]: [Chunky] Task running for minecraft:overworld. Processed: 76164 chunks (3.38%), ETA: 127:58:40, Rate: 4.7 cps, Current: -53, 157
[25Aug2026 11:52:08.477] [Server thread/INFO] [net.minecraft.server.MinecraftServer/]: [Chunky] Task running for minecraft:overworld. Processed: 76170 chunks (3.38%), ETA: 130:50:23, Rate: 4.6 cps, Current: -51, 157
[25Aug2026 11:52:09.573] [Server thread/INFO] [net.minecraft.server.MinecraftServer/]: [Chunky] Task running for minecraft:overworld. Processed: 76178 chunks (3.38%), ETA: 134:01:41, Rate: 4.5 cps, Current: -56, 158
[25Aug2026 11:52:10.744] [Server thread/INFO] [net.minecraft.server.MinecraftServer/]: [Chunky] Task running for minecraft:overworld. Processed: 76179 chunks (3.38%), ETA: 138:24:36, Rate: 4.4 cps, Current: -55, 158
[25Aug2026 11:52:12.082] [Server thread/INFO] [net.minecraft.server.MinecraftServer/]: [Chunky] Task running for minecraft:overworld. Processed: 76180 chunks (3.38%), ETA: 142:48:26, Rate: 4.2 cps, Current: -54, 158
[25Aug2026 11:52:13.189] [Server thread/INFO] [net.minecraft.server.MinecraftServer/]: [Chunky] Task running for minecraft:overworld. Processed: 76184 chunks (3.38%), ETA: 146:03:50, Rate: 4.1 cps, Current: -50, 150
[25Aug2026 11:52:14.774] [Server thread/INFO] [net.minecraft.server.MinecraftServer/]: [Chunky] Task running for minecraft:overworld. Processed: 76187 chunks (3.38%), ETA: 152:07:20, Rate: 4.0 cps, Current: -51, 149
[25Aug2026 11:52:15.794] [Server thread/INFO] [net.minecraft.server.MinecraftServer/]: [Chunky] Task running for minecraft:overworld. Processed: 76195 chunks (3.38%), ETA: 147:12:07, Rate: 4.1 cps, Current: -50, 154
[25Aug2026 11:52:16.888] [Server thread/INFO] [net.minecraft.server.MinecraftServer/]: [Chunky] Task running for minecraft:overworld. Processed: 76199 chunks (3.38%), ETA: 150:55:40, Rate: 4.0 cps, Current: -50, 143
[25Aug2026 11:52:17.943] [Server thread/INFO] [net.minecraft.server.MinecraftServer/]: [Chunky] Task running for minecraft:overworld. Processed: 76224 chunks (3.38%), ETA: 127:55:52, Rate: 4.7 cps, Current: -56, 147
[25Aug2026 11:52:19.395] [Server thread/INFO] [net.minecraft.server.MinecraftServer/]: [Chunky] Task running for minecraft:overworld. Processed: 76251 chunks (3.38%), ETA: 111:53:41, Rate: 5.4 cps, Current: -49, 137
[25Aug2026 11:52:22.917] [Server thread/INFO] [net.minecraft.server.MinecraftServer/]: [Chunky] Task running for minecraft:overworld. Processed: 76260 chunks (3.38%), ETA: 118:34:46, Rate: 5.1 cps, Current: -48, 145
[25Aug2026 11:52:25.118] [Server thread/INFO] [net.minecraft.server.MinecraftServer/]: [Chunky] Task running for minecraft:overworld. Processed: 76264 chunks (3.38%), ETA: 126:02:07, Rate: 4.8 cps, Current: -46, 146
[25Aug2026 11:52:26.529] [Server thread/INFO] [net.minecraft.server.MinecraftServer/]: [Chunky] Task running for minecraft:overworld. Processed: 76267 chunks (3.39%), ETA: 130:24:29, Rate: 4.6 cps, Current: -45, 145
[25Aug2026 11:52:27.876] [Server thread/INFO] [net.minecraft.server.MinecraftServer/]: [Chunky] Task running for minecraft:overworld. Processed: 76270 chunks (3.39%), ETA: 130:18:29, Rate: 4.6 cps, Current: -42, 145
[25Aug2026 11:52:29.136] [Server thread/INFO] [net.minecraft.server.MinecraftServer/]: [Chunky] Task running for minecraft:overworld. Processed: 76276 chunks (3.39%), ETA: 128:29:46, Rate: 4.7 cps, Current: -48, 147
[25Aug2026 11:52:30.332] [Server thread/INFO] [net.minecraft.server.MinecraftServer/]: [Chunky] Task running for minecraft:overworld. Processed: 76281 chunks (3.39%), ETA: 127:47:37, Rate: 4.7 cps, Current: -44, 147
[25Aug2026 11:52:31.759] [Server thread/INFO] [net.minecraft.server.MinecraftServer/]: [Chunky] Task running for minecraft:overworld. Processed: 76285 chunks (3.39%), ETA: 130:21:36, Rate: 4.6 cps, Current: -49, 149
[25Aug2026 11:52:33.017] [Server thread/INFO] [net.minecraft.server.MinecraftServer/]: [Chunky] Task running for minecraft:overworld. Processed: 76290 chunks (3.39%), ETA: 130:04:26, Rate: 4.6 cps, Current: -42, 149
[25Aug2026 11:52:34.039] [Server thread/INFO] [net.minecraft.server.MinecraftServer/]: [Chunky] Task running for minecraft:overworld. Processed: 76302 chunks (3.39%), ETA: 121:58:00, Rate: 5.0 cps, Current: -48, 150
[25Aug2026 11:52:35.177] [Server thread/INFO] [net.minecraft.server.MinecraftServer/]: [Chunky] Task running for minecraft:overworld. Processed: 76309 chunks (3.39%), ETA: 120:51:15, Rate: 5.0 cps, Current: -48, 151
[25Aug2026 11:52:36.653] [Server thread/INFO] [net.minecraft.server.MinecraftServer/]: [Chunky] Task running for minecraft:overworld. Processed: 76316 chunks (3.39%), ETA: 115:53:32, Rate: 5.2 cps, Current: -49, 153
[25Aug2026 11:52:37.757] [Server thread/INFO] [net.minecraft.server.MinecraftServer/]: [Chunky] Task running for minecraft:overworld. Processed: 76323 chunks (3.39%), ETA: 114:57:17, Rate: 5.3 cps, Current: -46, 154
[25Aug2026 11:52:38.899] [Server thread/INFO] [net.minecraft.server.MinecraftServer/]: [Chunky] Task running for minecraft:overworld. Processed: 76328 chunks (3.39%), ETA: 117:25:35, Rate: 5.1 cps, Current: -48, 156
[25Aug2026 11:52:40.602] [Server thread/INFO] [net.minecraft.server.MinecraftServer/]: [Chunky] Task running for minecraft:overworld. Processed: 76336 chunks (3.39%), ETA: 114:15:34, Rate: 5.3 cps, Current: -46, 155
[25Aug2026 11:52:41.749] [Server thread/INFO] [net.minecraft.server.MinecraftServer/]: [Chunky] Task running for minecraft:overworld. Processed: 76342 chunks (3.39%), ETA: 110:02:45, Rate: 5.5 cps, Current: -45, 155
[25Aug2026 11:52:42.843] [Server thread/INFO] [net.minecraft.server.MinecraftServer/]: [Chunky] Task running for minecraft:overworld. Processed: 76348 chunks (3.39%), ETA: 108:39:50, Rate: 5.6 cps, Current: -45, 157
[25Aug2026 11:52:44.522] [Server thread/INFO] [net.minecraft.server.MinecraftServer/]: [Chunky] Task running for minecraft:overworld. Processed: 76352 chunks (3.39%), ETA: 108:20:52, Rate: 5.6 cps, Current: -43, 157
[25Aug2026 11:52:45.699] [Server thread/INFO] [net.minecraft.server.MinecraftServer/]: [Chunky] Task running for minecraft:overworld. Processed: 76365 chunks (3.39%), ETA: 105:44:16, Rate: 5.7 cps, Current: -43, 152
[25Aug2026 11:52:46.754] [Server thread/INFO] [net.minecraft.server.MinecraftServer/]: [Chunky] Task running for minecraft:overworld. Processed: 76372 chunks (3.39%), ETA: 103:46:44, Rate: 5.8 cps, Current: -42, 158
[25Aug2026 11:52:49.404] [Server thread/INFO] [net.minecraft.server.MinecraftServer/]: [Chunky] Task running for minecraft:overworld. Processed: 76373 chunks (3.39%), ETA: 140:28:42, Rate: 4.3 cps, Current: -62, 159
[25Aug2026 11:52:50.709] [Server thread/INFO] [net.minecraft.server.MinecraftServer/]: [Chunky] Task running for minecraft:overworld. Processed: 76376 chunks (3.39%), ETA: 143:37:12, Rate: 4.2 cps, Current: -59, 159
[25Aug2026 11:52:51.736] [Server thread/INFO] [net.minecraft.server.MinecraftServer/]: [Chunky] Task running for minecraft:overworld. Processed: 76380 chunks (3.39%), ETA: 144:00:13, Rate: 4.2 cps, Current: -41, 153
[25Aug2026 11:52:52.901] [Server thread/INFO] [net.minecraft.server.MinecraftServer/]: [Chunky] Task running for minecraft:overworld. Processed: 76388 chunks (3.39%), ETA: 140:31:59, Rate: 4.3 cps, Current: -38, 154
[25Aug2026 11:52:54.288] [Server thread/INFO] [net.minecraft.server.MinecraftServer/]: [Chunky] Task running for minecraft:overworld. Processed: 76394 chunks (3.39%), ETA: 134:37:48, Rate: 4.5 cps, Current: -41, 158
[25Aug2026 11:52:55.393] [Server thread/INFO] [net.minecraft.server.MinecraftServer/]: [Chunky] Task running for minecraft:overworld. Processed: 76400 chunks (3.39%), ETA: 130:14:06, Rate: 4.6 cps, Current: -38, 155
[25Aug2026 11:52:58.123] [Server thread/INFO] [net.minecraft.server.MinecraftServer/]: [Chunky] Task running for minecraft:overworld. Processed: 76404 chunks (3.39%), ETA: 135:51:33, Rate: 4.5 cps, Current: -37, 157
[25Aug2026 11:52:59.139] [Server thread/INFO] [net.minecraft.server.MinecraftServer/]: [Chunky] Task running for minecraft:overworld. Processed: 76409 chunks (3.39%), ETA: 135:00:54, Rate: 4.5 cps, Current: -52, 159
[25Aug2026 11:53:01.397] [Server thread/INFO] [net.minecraft.server.MinecraftServer/]: [Chunky] Task running for minecraft:overworld. Processed: 76413 chunks (3.39%), ETA: 138:54:35, Rate: 4.4 cps, Current: -35, 158
[25Aug2026 11:53:02.658] [Server thread/INFO] [net.minecraft.server.MinecraftServer/]: [Chunky] Task running for minecraft:overworld. Processed: 76419 chunks (3.39%), ETA: 137:51:17, Rate: 4.4 cps, Current: -48, 144
[25Aug2026 11:53:03.723] [Server thread/INFO] [net.minecraft.server.MinecraftServer/]: [Chunky] Task running for minecraft:overworld. Processed: 76423 chunks (3.39%), ETA: 147:06:08, Rate: 4.1 cps, Current: -47, 144
[25Aug2026 11:53:05.105] [Server thread/INFO] [net.minecraft.server.MinecraftServer/]: [Chunky] Task running for minecraft:overworld. Processed: 76426 chunks (3.39%), ETA: 153:20:38, Rate: 3.9 cps, Current: -36, 155
[25Aug2026 11:53:06.621] [Server thread/INFO] [net.minecraft.server.MinecraftServer/]: [Chunky] Task running for minecraft:overworld. Processed: 76440 chunks (3.39%), ETA: 144:56:57, Rate: 4.2 cps, Current: -41, 152
[25Aug2026 11:53:07.873] [Server thread/INFO] [net.minecraft.server.MinecraftServer/]: [Chunky] Task running for minecraft:overworld. Processed: 76448 chunks (3.39%), ETA: 144:46:25, Rate: 4.2 cps, Current: -41, 148
[25Aug2026 11:53:08.916] [Server thread/INFO] [net.minecraft.server.MinecraftServer/]: [Chunky] Task running for minecraft:overworld. Processed: 76453 chunks (3.39%), ETA: 145:04:20, Rate: 4.2 cps, Current: -36, 152
[25Aug2026 11:53:10.269] [Server thread/INFO] [net.minecraft.server.MinecraftServer/]: [Chunky] Task running for minecraft:overworld. Processed: 76458 chunks (3.39%), ETA: 145:49:13, Rate: 4.1 cps, Current: -37, 151
[25Aug2026 11:53:11.905] [Server thread/INFO] [net.minecraft.server.MinecraftServer/]: [Chunky] Task running for minecraft:overworld. Processed: 76468 chunks (3.39%), ETA: 145:12:43, Rate: 4.2 cps, Current: -40, 149
[25Aug2026 11:53:13.391] [Server thread/INFO] [net.minecraft.server.MinecraftServer/]: [Chunky] Task running for minecraft:overworld. Processed: 76476 chunks (3.39%), ETA: 139:38:10, Rate: 4.3 cps, Current: -38, 149
[25Aug2026 11:53:14.494] [Server thread/INFO] [net.minecraft.server.MinecraftServer/]: [Chunky] Task running for minecraft:overworld. Processed: 76482 chunks (3.39%), ETA: 138:19:34, Rate: 4.4 cps, Current: -34, 149
[25Aug2026 11:53:15.753] [Server thread/INFO] [net.minecraft.server.MinecraftServer/]: [Chunky] Task running for minecraft:overworld. Processed: 76489 chunks (3.39%), ETA: 148:34:47, Rate: 4.1 cps, Current: -37, 147
[25Aug2026 11:53:16.771] [Server thread/INFO] [net.minecraft.server.MinecraftServer/]: [Chunky] Task running for minecraft:overworld. Processed: 76493 chunks (3.40%), ETA: 136:44:28, Rate: 4.4 cps, Current: -39, 145
[25Aug2026 11:53:17.778] [Server thread/INFO] [net.minecraft.server.MinecraftServer/]: [Chunky] Task running for minecraft:overworld. Processed: 76500 chunks (3.40%), ETA: 134:01:09, Rate: 4.5 cps, Current: -37, 145
[25Aug2026 11:53:18.790] [Server thread/INFO] [net.minecraft.server.MinecraftServer/]: [Chunky] Task running for minecraft:overworld. Processed: 76502 chunks (3.40%), ETA: 136:39:49, Rate: 4.4 cps, Current: -35, 145
[25Aug2026 11:53:19.794] [Server thread/INFO] [net.minecraft.server.MinecraftServer/]: [Chunky] Task running for minecraft:overworld. Processed: 76510 chunks (3.40%), ETA: 130:15:12, Rate: 4.6 cps, Current: -39, 144
[25Aug2026 11:53:21.873] [Server thread/INFO] [net.minecraft.server.MinecraftServer/]: [Chunky] Task running for minecraft:overworld. Processed: 76512 chunks (3.40%), ETA: 140:07:37, Rate: 4.3 cps, Current: -34, 145
[25Aug2026 11:53:23.074] [Server thread/INFO] [net.minecraft.server.MinecraftServer/]: [Chunky] Task running for minecraft:overworld. Processed: 76516 chunks (3.40%), ETA: 141:29:28, Rate: 4.3 cps, Current: -35, 142
[25Aug2026 11:53:24.298] [Server thread/INFO] [net.minecraft.server.MinecraftServer/]: [Chunky] Task running for minecraft:overworld. Processed: 76517 chunks (3.40%), ETA: 148:05:46, Rate: 4.1 cps, Current: -35, 141
[25Aug2026 11:53:26.910] [Server thread/INFO] [net.minecraft.server.MinecraftServer/]: [Chunky] Task running for minecraft:overworld. Processed: 76520 chunks (3.40%), ETA: 148:45:07, Rate: 4.1 cps, Current: -34, 140
[25Aug2026 11:53:28.166] [Server thread/INFO] [net.minecraft.server.MinecraftServer/]: [Chunky] Task running for minecraft:overworld. Processed: 76526 chunks (3.40%), ETA: 148:43:14, Rate: 4.1 cps, Current: -35, 140
[25Aug2026 11:53:29.469] [Server thread/INFO] [net.minecraft.server.MinecraftServer/]: [Chunky] Task running for minecraft:overworld. Processed: 76534 chunks (3.40%), ETA: 139:06:41, Rate: 4.3 cps, Current: -36, 141
[25Aug2026 11:53:31.120] [Server thread/INFO] [net.minecraft.server.MinecraftServer/]: [Chunky] Task running for minecraft:overworld. Processed: 76537 chunks (3.40%), ETA: 143:45:28, Rate: 4.2 cps, Current: -37, 139
[25Aug2026 11:53:32.257] [Server thread/INFO] [net.minecraft.server.MinecraftServer/]: [Chunky] Task running for minecraft:overworld. Processed: 76542 chunks (3.40%), ETA: 144:18:44, Rate: 4.2 cps, Current: -38, 138
[25Aug2026 11:53:33.655] [Server thread/INFO] [net.minecraft.server.MinecraftServer/]: [Chunky] Task running for minecraft:overworld. Processed: 76545 chunks (3.40%), ETA: 147:07:19, Rate: 4.1 cps, Current: -39, 139
[25Aug2026 11:53:35.111] [Server thread/INFO] [net.minecraft.server.MinecraftServer/]: [Chunky] Task running for minecraft:overworld. Processed: 76563 chunks (3.40%), ETA: 138:53:56, Rate: 4.4 cps, Current: -41, 159
[25Aug2026 11:53:36.506] [Server thread/INFO] [net.minecraft.server.MinecraftServer/]: [Chunky] Task running for minecraft:overworld. Processed: 76570 chunks (3.40%), ETA: 137:55:08, Rate: 4.4 cps, Current: -40, 142
[25Aug2026 11:53:37.547] [Server thread/INFO] [net.minecraft.server.MinecraftServer/]: [Chunky] Task running for minecraft:overworld. Processed: 76587 chunks (3.40%), ETA: 128:08:26, Rate: 4.7 cps, Current: -46, 142
[25Aug2026 11:53:38.599] [Server thread/INFO] [net.minecraft.server.MinecraftServer/]: [Chunky] Task running for minecraft:overworld. Processed: 76598 chunks (3.40%), ETA: 122:54:40, Rate: 4.9 cps, Current: -48, 140
[25Aug2026 11:53:39.655] [Server thread/INFO] [net.minecraft.server.MinecraftServer/]: [Chunky] Task running for minecraft:overworld. Processed: 76607 chunks (3.40%), ETA: 118:26:10, Rate: 5.1 cps, Current: -48, 139
[25Aug2026 11:53:40.806] [Server thread/INFO] [net.minecraft.server.MinecraftServer/]: [Chunky] Task running for minecraft:overworld. Processed: 76612 chunks (3.40%), ETA: 120:29:51, Rate: 5.0 cps, Current: -48, 138
[25Aug2026 11:53:41.858] [Server thread/INFO] [net.minecraft.server.MinecraftServer/]: [Chunky] Task running for minecraft:overworld. Processed: 76628 chunks (3.40%), ETA: 112:28:20, Rate: 5.4 cps, Current: -46, 137
[25Aug2026 11:53:45.970] [Server thread/INFO] [net.minecraft.server.MinecraftServer/]: [Chunky] Task running for minecraft:overworld. Processed: 76634 chunks (3.40%), ETA: 124:18:39, Rate: 4.9 cps, Current: -42, 136
[25Aug2026 11:53:47.030] [Server thread/INFO] [net.minecraft.server.MinecraftServer/]: [Chunky] Task running for minecraft:overworld. Processed: 76646 chunks (3.40%), ETA: 120:17:59, Rate: 5.0 cps, Current: -42, 133
[25Aug2026 11:53:48.096] [Server thread/INFO] [net.minecraft.server.MinecraftServer/]: [Chunky] Task running for minecraft:overworld. Processed: 76652 chunks (3.40%), ETA: 117:19:44, Rate: 5.2 cps, Current: -42, 132
[25Aug2026 11:53:49.558] [Server thread/INFO] [net.minecraft.server.MinecraftServer/]: [Chunky] Task running for minecraft:overworld. Processed: 76664 chunks (3.40%), ETA: 116:05:12, Rate: 5.2 cps, Current: -48, 132
[25Aug2026 11:53:50.581] [Server thread/INFO] [net.minecraft.server.MinecraftServer/]: [Chunky] Task running for minecraft:overworld. Processed: 76697 chunks (3.40%), ETA: 93:18:19, Rate: 6.5 cps, Current: -41, 128
[25Aug2026 11:53:51.640] [Server thread/INFO] [net.minecraft.server.MinecraftServer/]: [Chunky] Task running for minecraft:overworld. Processed: 76709 chunks (3.40%), ETA: 90:53:00, Rate: 6.7 cps, Current: -40, 135
[25Aug2026 11:53:53.225] [Server thread/INFO] [net.minecraft.server.MinecraftServer/]: [Chunky] Task running for minecraft:overworld. Processed: 76719 chunks (3.41%), ETA: 86:08:34, Rate: 7.0 cps, Current: -39, 134
[25Aug2026 11:53:54.425] [Server thread/INFO] [net.minecraft.server.MinecraftServer/]: [Chunky] Task running for minecraft:overworld. Processed: 76734 chunks (3.41%), ETA: 77:21:51, Rate: 7.8 cps, Current: -37, 135
[25Aug2026 11:53:56.094] [Server thread/INFO] [net.minecraft.server.MinecraftServer/]: [Chunky] Task running for minecraft:overworld. Processed: 76743 chunks (3.41%), ETA: 78:45:35, Rate: 7.7 cps, Current: -36, 135
[25Aug2026 11:53:57.219] [Server thread/INFO] [net.minecraft.server.MinecraftServer/]: [Chunky] Task running for minecraft:overworld. Processed: 76757 chunks (3.41%), ETA: 75:42:07, Rate: 8.0 cps, Current: -35, 130
[25Aug2026 11:53:58.325] [Server thread/INFO] [net.minecraft.server.MinecraftServer/]: [Chunky] Task running for minecraft:overworld. Processed: 76769 chunks (3.41%), ETA: 73:54:50, Rate: 8.2 cps, Current: -33, 128
[25Aug2026 11:53:59.524] [Server thread/INFO] [net.minecraft.server.MinecraftServer/]: [Chunky] Task running for minecraft:overworld. Processed: 76775 chunks (3.41%), ETA: 71:50:33, Rate: 8.4 cps, Current: -31, 129
[25Aug2026 11:54:00.938] [Server thread/INFO] [net.minecraft.server.MinecraftServer/]: [Chunky] Task running for minecraft:overworld. Processed: 76780 chunks (3.41%), ETA: 73:52:24, Rate: 8.2 cps, Current: -32, 130
[25Aug2026 11:54:02.034] [Server thread/INFO] [net.minecraft.server.MinecraftServer/]: [Chunky] Task running for minecraft:overworld. Processed: 76790 chunks (3.41%), ETA: 72:17:25, Rate: 8.4 cps, Current: -33, 134
[25Aug2026 11:54:03.218] [Server thread/INFO] [net.minecraft.server.MinecraftServer/]: [Chunky] Task running for minecraft:overworld. Processed: 76795 chunks (3.41%), ETA: 71:12:04, Rate: 8.5 cps, Current: -30, 132
[25Aug2026 11:54:05.617] [Server thread/INFO] [net.minecraft.server.MinecraftServer/]: [Chunky] Task running for minecraft:overworld. Processed: 76800 chunks (3.41%), ETA: 76:10:48, Rate: 7.9 cps, Current: -27, 133
[25Aug2026 11:54:07.423] [Server thread/INFO] [net.minecraft.server.MinecraftServer/]: [Chunky] Task running for minecraft:overworld. Processed: 76814 chunks (3.41%), ETA: 79:12:36, Rate: 7.6 cps, Current: -30, 134
[25Aug2026 11:54:08.587] [Server thread/INFO] [net.minecraft.server.MinecraftServer/]: [Chunky] Task running for minecraft:overworld. Processed: 76825 chunks (3.41%), ETA: 79:30:24, Rate: 7.6 cps, Current: -25, 128
[25Aug2026 11:54:09.629] [Server thread/INFO] [net.minecraft.server.MinecraftServer/]: [Chunky] Task running for minecraft:overworld. Processed: 76832 chunks (3.41%), ETA: 80:10:31, Rate: 7.5 cps, Current: -23, 128
[25Aug2026 11:54:10.809] [Server thread/INFO] [net.minecraft.server.MinecraftServer/]: [Chunky] Task running for minecraft:overworld. Processed: 76838 chunks (3.41%), ETA: 82:56:28, Rate: 7.3 cps, Current: -22, 130
[25Aug2026 11:54:11.867] [Server thread/INFO] [net.minecraft.server.MinecraftServer/]: [Chunky] Task running for minecraft:overworld. Processed: 76843 chunks (3.41%), ETA: 74:32:31, Rate: 8.1 cps, Current: -33, 137
[25Aug2026 11:54:13.334] [Server thread/INFO] [net.minecraft.server.MinecraftServer/]: [Chunky] Task running for minecraft:overworld. Processed: 76852 chunks (3.41%), ETA: 75:31:49, Rate: 8.0 cps, Current: -33, 146
[25Aug2026 11:54:14.670] [Server thread/INFO] [net.minecraft.server.MinecraftServer/]: [Chunky] Task running for minecraft:overworld. Processed: 76857 chunks (3.41%), ETA: 77:26:48, Rate: 7.8 cps, Current: -21, 129
[25Aug2026 11:54:16.041] [Server thread/INFO] [net.minecraft.server.MinecraftServer/]: [Chunky] Task running for minecraft:overworld. Processed: 76868 chunks (3.41%), ETA: 78:38:22, Rate: 7.7 cps, Current: -25, 131
[25Aug2026 11:54:18.334] [Server thread/INFO] [net.minecraft.server.MinecraftServer/]: [Chunky] Task running for minecraft:overworld. Processed: 76874 chunks (3.41%), ETA: 82:26:08, Rate: 7.3 cps, Current: -25, 132
[25Aug2026 11:54:19.751] [Server thread/INFO] [net.minecraft.server.MinecraftServer/]: [Chunky] Task running for minecraft:overworld. Processed: 76892 chunks (3.41%), ETA: 89:57:31, Rate: 6.7 cps, Current: -32, 135
[25Aug2026 11:54:20.996] [Server thread/INFO] [net.minecraft.server.MinecraftServer/]: [Chunky] Task running for minecraft:overworld. Processed: 76900 chunks (3.41%), ETA: 92:25:16, Rate: 6.5 cps, Current: -25, 135
[25Aug2026 11:54:22.377] [Server thread/INFO] [net.minecraft.server.MinecraftServer/]: [Chunky] Task running for minecraft:overworld. Processed: 76904 chunks (3.41%), ETA: 94:44:22, Rate: 6.4 cps, Current: -23, 134
[25Aug2026 11:54:23.485] [Server thread/INFO] [net.minecraft.server.MinecraftServer/]: [Chunky] Task running for minecraft:overworld. Processed: 76909 chunks (3.41%), ETA: 99:48:22, Rate: 6.1 cps, Current: -22, 135
[25Aug2026 11:54:25.610] [Server thread/INFO] [net.minecraft.server.MinecraftServer/]: [Chunky] Task running for minecraft:overworld. Processed: 76916 chunks (3.41%), ETA: 102:32:14, Rate: 5.9 cps, Current: -22, 137
[25Aug2026 11:54:27.970] [Server thread/INFO] [net.minecraft.server.MinecraftServer/]: [Chunky] Task running for minecraft:overworld. Processed: 76923 chunks (3.41%), ETA: 115:36:32, Rate: 5.2 cps, Current: -18, 128
[25Aug2026 11:54:29.531] [Server thread/INFO] [net.minecraft.server.MinecraftServer/]: [Chunky] Task running for minecraft:overworld. Processed: 76928 chunks (3.41%), ETA: 115:59:46, Rate: 5.2 cps, Current: -18, 133
[25Aug2026 11:54:30.619] [Server thread/INFO] [net.minecraft.server.MinecraftServer/]: [Chunky] Task running for minecraft:overworld. Processed: 76934 chunks (3.41%), ETA: 115:44:55, Rate: 5.2 cps, Current: -20, 139
[25Aug2026 11:54:31.645] [Server thread/INFO] [net.minecraft.server.MinecraftServer/]: [Chunky] Task running for minecraft:overworld. Processed: 76942 chunks (3.42%), ETA: 116:59:05, Rate: 5.2 cps, Current: -23, 138
[25Aug2026 11:54:32.887] [Server thread/INFO] [net.minecraft.server.MinecraftServer/]: [Chunky] Task running for minecraft:overworld. Processed: 76948 chunks (3.42%), ETA: 116:26:55, Rate: 5.2 cps, Current: -22, 141
[25Aug2026 11:54:34.169] [Server thread/INFO] [net.minecraft.server.MinecraftServer/]: [Chunky] Task running for minecraft:overworld. Processed: 76953 chunks (3.42%), ETA: 112:04:04, Rate: 5.4 cps, Current: -24, 138
[25Aug2026 11:54:37.089] [Server thread/INFO] [net.minecraft.server.MinecraftServer/]: [Chunky] Task running for minecraft:overworld. Processed: 76957 chunks (3.42%), ETA: 124:31:35, Rate: 4.9 cps, Current: -26, 141
[25Aug2026 11:54:38.109] [Server thread/INFO] [net.minecraft.server.MinecraftServer/]: [Chunky] Task running for minecraft:overworld. Processed: 76974 chunks (3.42%), ETA: 118:57:51, Rate: 5.1 cps, Current: -27, 137
[25Aug2026 11:54:39.332] [Server thread/INFO] [net.minecraft.server.MinecraftServer/]: [Chunky] Task running for minecraft:overworld. Processed: 76992 chunks (3.42%), ETA: 111:30:53, Rate: 5.4 cps, Current: -32, 136
[25Aug2026 11:54:40.452] [Server thread/INFO] [net.minecraft.server.MinecraftServer/]: [Chunky] Task running for minecraft:overworld. Processed: 77001 chunks (3.42%), ETA: 109:15:12, Rate: 5.5 cps, Current: -29, 139
[25Aug2026 11:54:41.491] [Server thread/INFO] [net.minecraft.server.MinecraftServer/]: [Chunky] Task running for minecraft:overworld. Processed: 77010 chunks (3.42%), ETA: 106:34:59, Rate: 5.7 cps, Current: -32, 141
[25Aug2026 11:54:42.591] [Server thread/INFO] [net.minecraft.server.MinecraftServer/]: [Chunky] Task running for minecraft:overworld. Processed: 77020 chunks (3.42%), ETA: 104:38:22, Rate: 5.8 cps, Current: -27, 142
[25Aug2026 11:54:43.968] [Server thread/INFO] [net.minecraft.server.MinecraftServer/]: [Chunky] Task running for minecraft:overworld. Processed: 77029 chunks (3.42%), ETA: 102:21:59, Rate: 5.9 cps, Current: -31, 143
[25Aug2026 11:54:45.618] [Server thread/INFO] [net.minecraft.server.MinecraftServer/]: [Chunky] Task running for minecraft:overworld. Processed: 77036 chunks (3.42%), ETA: 105:46:59, Rate: 5.7 cps, Current: -30, 144
[25Aug2026 11:54:47.025] [Server thread/INFO] [net.minecraft.server.MinecraftServer/]: [Chunky] Task running for minecraft:overworld. Processed: 77046 chunks (3.42%), ETA: 100:14:41, Rate: 6.0 cps, Current: -30, 146
[25Aug2026 11:54:48.146] [Server thread/INFO] [net.minecraft.server.MinecraftServer/]: [Chunky] Task running for minecraft:overworld. Processed: 77049 chunks (3.42%), ETA: 102:23:08, Rate: 5.9 cps, Current: -32, 147
[25Aug2026 11:54:49.985] [Server thread/INFO] [net.minecraft.server.MinecraftServer/]: [Chunky] Task running for minecraft:overworld. Processed: 77056 chunks (3.42%), ETA: 111:36:13, Rate: 5.4 cps, Current: -27, 148
[25Aug2026 11:54:51.311] [Server thread/INFO] [net.minecraft.server.MinecraftServer/]: [Chunky] Task running for minecraft:overworld. Processed: 77059 chunks (3.42%), ETA: 112:06:07, Rate: 5.4 cps, Current: -28, 148
[25Aug2026 11:54:52.325] [Server thread/INFO] [net.minecraft.server.MinecraftServer/]: [Chunky] Task running for minecraft:overworld. Processed: 77074 chunks (3.42%), ETA: 105:51:19, Rate: 5.7 cps, Current: -26, 149
[25Aug2026 11:54:53.341] [Server thread/INFO] [net.minecraft.server.MinecraftServer/]: [Chunky] Task running for minecraft:overworld. Processed: 77077 chunks (3.42%), ETA: 106:46:31, Rate: 5.7 cps, Current: -31, 150
[25Aug2026 11:54:54.525] [Server thread/INFO] [net.minecraft.server.MinecraftServer/]: [Chunky] Task running for minecraft:overworld. Processed: 77086 chunks (3.42%), ETA: 102:12:13, Rate: 5.9 cps, Current: -32, 153
[25Aug2026 11:54:56.059] [Server thread/INFO] [net.minecraft.server.MinecraftServer/]: [Chunky] Task running for minecraft:overworld. Processed: 77094 chunks (3.42%), ETA: 98:42:23, Rate: 6.1 cps, Current: -32, 155
[25Aug2026 11:54:57.098] [Server thread/INFO] [net.minecraft.server.MinecraftServer/]: [Chunky] Task running for minecraft:overworld. Processed: 77099 chunks (3.42%), ETA: 99:27:57, Rate: 6.1 cps, Current: -31, 155
[25Aug2026 11:54:58.240] [Server thread/INFO] [net.minecraft.server.MinecraftServer/]: [Chunky] Task running for minecraft:overworld. Processed: 77105 chunks (3.42%), ETA: 97:29:02, Rate: 6.2 cps, Current: -30, 157
[25Aug2026 11:54:59.503] [Server thread/DEBUG] [net.minecraftforge.common.ForgeHooks/WP]: Gathering id map for writing to world save world
[25Aug2026 11:54:59.542] [Server thread/DEBUG] [net.minecraftforge.common.ForgeHooks/WP]: ID Map collection complete world
[25Aug2026 11:54:59.680] [Server thread/INFO] [net.minecraft.server.MinecraftServer/]: [Chunky] Task running for minecraft:overworld. Processed: 77111 chunks (3.42%), ETA: 98:40:44, Rate: 6.1 cps, Current: -29, 153
[25Aug2026 11:55:01.009] [Server thread/INFO] [net.minecraft.server.MinecraftServer/]: [Chunky] Task running for minecraft:overworld. Processed: 77116 chunks (3.42%), ETA: 101:25:01, Rate: 6.0 cps, Current: -28, 156
[25Aug2026 11:55:02.179] [Server thread/INFO] [net.minecraft.server.MinecraftServer/]: [Chunky] Task running for minecraft:overworld. Processed: 77120 chunks (3.42%), ETA: 102:20:28, Rate: 5.9 cps, Current: -27, 156
[25Aug2026 11:55:03.269] [Server thread/INFO] [net.minecraft.server.MinecraftServer/]: [Chunky] Task running for minecraft:overworld. Processed: 77129 chunks (3.42%), ETA: 99:22:08, Rate: 6.1 cps, Current: -27, 154
[25Aug2026 11:55:04.489] [Server thread/INFO] [net.minecraft.server.MinecraftServer/]: [Chunky] Task running for minecraft:overworld. Processed: 77139 chunks (3.42%), ETA: 90:29:44, Rate: 6.7 cps, Current: -26, 158
[25Aug2026 11:55:05.692] [Server thread/INFO] [net.minecraft.server.MinecraftServer/]: [Chunky] Task running for minecraft:overworld. Processed: 77146 chunks (3.42%), ETA: 90:59:17, Rate: 6.6 cps, Current: -25, 147
[25Aug2026 11:55:06.976] [Server thread/INFO] [net.minecraft.server.MinecraftServer/]: [Chunky] Task running for minecraft:overworld. Processed: 77151 chunks (3.42%), ETA: 92:38:05, Rate: 6.5 cps, Current: -24, 143
[25Aug2026 11:55:08.533] [Server thread/INFO] [net.minecraft.server.MinecraftServer/]: [Chunky] Task running for minecraft:overworld. Processed: 77155 chunks (3.42%), ETA: 107:36:59, Rate: 5.6 cps, Current: -23, 152
[25Aug2026 11:55:09.571] [Server thread/INFO] [net.minecraft.server.MinecraftServer/]: [Chunky] Task running for minecraft:overworld. Processed: 77162 chunks (3.42%), ETA: 108:38:20, Rate: 5.6 cps, Current: -25, 156
[25Aug2026 11:55:10.580] [Server thread/INFO] [net.minecraft.server.MinecraftServer/]: [Chunky] Task running for minecraft:overworld. Processed: 77168 chunks (3.43%), ETA: 110:34:41, Rate: 5.5 cps, Current: -23, 154
[25Aug2026 11:55:11.697] [Server thread/INFO] [net.minecraft.server.MinecraftServer/]: [Chunky] Task running for minecraft:overworld. Processed: 77172 chunks (3.43%), ETA: 114:58:39, Rate: 5.3 cps, Current: -22, 152
[25Aug2026 11:55:13.039] [Server thread/INFO] [net.minecraft.server.MinecraftServer/]: [Chunky] Task running for minecraft:overworld. Processed: 77177 chunks (3.43%), ETA: 117:55:19, Rate: 5.1 cps, Current: -22, 156
[25Aug2026 11:55:14.599] [Server thread/INFO] [net.minecraft.server.MinecraftServer/]: [Chunky] Task running for minecraft:overworld. Processed: 77183 chunks (3.43%), ETA: 118:21:03, Rate: 5.1 cps, Current: -20, 143
[25Aug2026 11:55:15.823] [Server thread/INFO] [net.minecraft.server.MinecraftServer/]: [Chunky] Task running for minecraft:overworld. Processed: 77187 chunks (3.43%), ETA: 122:34:21, Rate: 4.9 cps, Current: -20, 157
[25Aug2026 11:55:17.024] [Server thread/INFO] [net.minecraft.server.MinecraftServer/]: [Chunky] Task running for minecraft:overworld. Processed: 77190 chunks (3.43%), ETA: 125:02:32, Rate: 4.8 cps, Current: -20, 154
[25Aug2026 11:55:18.058] [Server thread/INFO] [net.minecraft.server.MinecraftServer/]: [Chunky] Task running for minecraft:overworld. Processed: 77199 chunks (3.43%), ETA: 119:43:30, Rate: 5.0 cps, Current: -20, 152
[25Aug2026 11:55:20.719] [Server thread/INFO] [net.minecraft.server.MinecraftServer/]: [Chunky] Task running for minecraft:overworld. Processed: 77203 chunks (3.43%), ETA: 122:34:41, Rate: 4.9 cps, Current: -21, 158
[25Aug2026 11:55:22.047] [Server thread/INFO] [net.minecraft.server.MinecraftServer/]: [Chunky] Task running for minecraft:overworld. Processed: 77206 chunks (3.43%), ETA: 135:03:52, Rate: 4.5 cps, Current: -18, 150
[25Aug2026 11:55:23.073] [Server thread/INFO] [net.minecraft.server.MinecraftServer/]: [Chunky] Task running for minecraft:overworld. Processed: 77209 chunks (3.43%), ETA: 135:06:52, Rate: 4.5 cps, Current: -18, 153
[25Aug2026 11:55:24.201] [Server thread/INFO] [net.minecraft.server.MinecraftServer/]: [Chunky] Task running for minecraft:overworld. Processed: 77212 chunks (3.43%), ETA: 141:13:35, Rate: 4.3 cps, Current: -19, 149
[25Aug2026 11:55:25.221] [Server thread/INFO] [net.minecraft.server.MinecraftServer/]: [Chunky] Task running for minecraft:overworld. Processed: 77238 chunks (3.43%), ETA: 121:33:03, Rate: 5.0 cps, Current: -21, 147
[25Aug2026 11:55:26.573] [Server thread/INFO] [net.minecraft.server.MinecraftServer/]: [Chunky] Task running for minecraft:overworld. Processed: 77272 chunks (3.43%), ETA: 102:22:28, Rate: 5.9 cps, Current: -17, 134
[25Aug2026 11:55:27.620] [Server thread/INFO] [net.minecraft.server.MinecraftServer/]: [Chunky] Task running for minecraft:overworld. Processed: 77277 chunks (3.43%), ETA: 102:38:15, Rate: 5.9 cps, Current: -17, 139
[25Aug2026 11:55:30.334] [Server thread/INFO] [net.minecraft.server.MinecraftServer/]: [Chunky] Task running for minecraft:overworld. Processed: 77284 chunks (3.43%), ETA: 104:52:11, Rate: 5.8 cps, Current: -16, 145
[25Aug2026 11:55:35.074] [Server thread/INFO] [net.minecraft.server.MinecraftServer/]: [Chunky] Task running for minecraft:overworld. Processed: 77285 chunks (3.43%), ETA: 126:50:20, Rate: 4.8 cps, Current: -17, 146
[25Aug2026 11:55:36.590] [Server thread/INFO] [net.minecraft.server.MinecraftServer/]: [Chunky] Task running for minecraft:overworld. Processed: 77288 chunks (3.43%), ETA: 129:41:35, Rate: 4.7 cps, Current: -14, 146
[25Aug2026 11:55:37.621] [Server thread/INFO] [net.minecraft.server.MinecraftServer/]: [Chunky] Task running for minecraft:overworld. Processed: 77292 chunks (3.43%), ETA: 127:23:21, Rate: 4.7 cps, Current: -12, 145
[25Aug2026 11:55:39.295] [Server thread/INFO] [net.minecraft.server.MinecraftServer/]: [Chunky] Task running for minecraft:overworld. Processed: 77294 chunks (3.43%), ETA: 135:04:05, Rate: 4.5 cps, Current: -10, 145
[25Aug2026 11:55:40.386] [Server thread/INFO] [net.minecraft.server.MinecraftServer/]: [Chunky] Task running for minecraft:overworld. Processed: 77302 chunks (3.43%), ETA: 133:26:02, Rate: 4.5 cps, Current: -17, 147
[25Aug2026 11:55:41.456] [Server thread/INFO] [net.minecraft.server.MinecraftServer/]: [Chunky] Task running for minecraft:overworld. Processed: 77309 chunks (3.43%), ETA: 130:19:36, Rate: 4.6 cps, Current: -17, 148
[25Aug2026 11:55:42.910] [Server thread/INFO] [net.minecraft.server.MinecraftServer/]: [Chunky] Task running for minecraft:overworld. Processed: 77313 chunks (3.43%), ETA: 131:46:19, Rate: 4.6 cps, Current: -12, 149
[25Aug2026 11:55:44.272] [Server thread/INFO] [net.minecraft.server.MinecraftServer/]: [Chunky] Task running for minecraft:overworld. Processed: 77326 chunks (3.43%), ETA: 124:32:05, Rate: 4.9 cps, Current: -10, 150
[25Aug2026 11:55:45.486] [Server thread/INFO] [net.minecraft.server.MinecraftServer/]: [Chunky] Task running for minecraft:overworld. Processed: 77337 chunks (3.43%), ETA: 118:43:15, Rate: 5.1 cps, Current: -16, 151
[25Aug2026 11:55:46.576] [Server thread/INFO] [net.minecraft.server.MinecraftServer/]: [Chunky] Task running for minecraft:overworld. Processed: 77342 chunks (3.43%), ETA: 116:43:49, Rate: 5.2 cps, Current: -14, 152
[25Aug2026 11:55:47.731] [Server thread/INFO] [net.minecraft.server.MinecraftServer/]: [Chunky] Task running for minecraft:overworld. Processed: 77351 chunks (3.43%), ETA: 117:12:28, Rate: 5.2 cps, Current: -17, 155
[25Aug2026 11:55:49.190] [Server thread/INFO] [net.minecraft.server.MinecraftServer/]: [Chunky] Task running for minecraft:overworld. Processed: 77359 chunks (3.43%), ETA: 109:35:53, Rate: 5.5 cps, Current: -15, 155
[25Aug2026 11:55:50.323] [Server thread/INFO] [net.minecraft.server.MinecraftServer/]: [Chunky] Task running for minecraft:overworld. Processed: 77367 chunks (3.43%), ETA: 108:26:01, Rate: 5.6 cps, Current: -13, 156
[25Aug2026 11:55:52.098] [Server thread/INFO] [net.minecraft.server.MinecraftServer/]: [Chunky] Task running for minecraft:overworld. Processed: 77374 chunks (3.43%), ETA: 105:40:07, Rate: 5.7 cps, Current: -12, 151
[25Aug2026 11:55:53.118] [Server thread/INFO] [net.minecraft.server.MinecraftServer/]: [Chunky] Task running for minecraft:overworld. Processed: 77385 chunks (3.43%), ETA: 100:26:04, Rate: 6.0 cps, Current: -13, 158
[25Aug2026 11:55:54.688] [Server thread/INFO] [net.minecraft.server.MinecraftServer/]: [Chunky] Task running for minecraft:overworld. Processed: 77395 chunks (3.44%), ETA: 112:42:30, Rate: 5.4 cps, Current: -10, 155
[25Aug2026 11:55:57.783] [Server thread/INFO] [net.minecraft.server.MinecraftServer/]: [Chunky] Task running for minecraft:overworld. Processed: 77399 chunks (3.44%), ETA: 143:00:11, Rate: 4.2 cps, Current: -28, 159
[25Aug2026 11:55:58.835] [Server thread/INFO] [net.minecraft.server.MinecraftServer/]: [Chunky] Task running for minecraft:overworld. Processed: 77404 chunks (3.44%), ETA: 142:20:51, Rate: 4.2 cps, Current: -23, 159
[25Aug2026 11:56:00.524] [Server thread/INFO] [net.minecraft.server.MinecraftServer/]: [Chunky] Task running for minecraft:overworld. Processed: 77413 chunks (3.44%), ETA: 119:13:34, Rate: 5.1 cps, Current: -7, 154
[25Aug2026 11:56:01.787] [Server thread/INFO] [net.minecraft.server.MinecraftServer/]: [Chunky] Task running for minecraft:overworld. Processed: 77421 chunks (3.44%), ETA: 117:50:06, Rate: 5.1 cps, Current: -9, 158
[25Aug2026 11:56:02.791] [Server thread/INFO] [net.minecraft.server.MinecraftServer/]: [Chunky] Task running for minecraft:overworld. Processed: 77430 chunks (3.44%), ETA: 114:43:35, Rate: 5.3 cps, Current: -6, 158
[25Aug2026 11:56:03.949] [Server thread/INFO] [net.minecraft.server.MinecraftServer/]: [Chunky] Task running for minecraft:overworld. Processed: 77431 chunks (3.44%), ETA: 118:42:24, Rate: 5.1 cps, Current: -5, 157
[25Aug2026 11:56:05.283] [Server thread/INFO] [net.minecraft.server.MinecraftServer/]: [Chunky] Task running for minecraft:overworld. Processed: 77434 chunks (3.44%), ETA: 117:57:29, Rate: 5.1 cps, Current: -4, 158
[25Aug2026 11:56:06.419] [Server thread/INFO] [net.minecraft.server.MinecraftServer/]: [Chunky] Task running for minecraft:overworld. Processed: 77435 chunks (3.44%), ETA: 121:47:59, Rate: 5.0 cps, Current: -20, 159
[25Aug2026 11:56:07.590] [Server thread/INFO] [net.minecraft.server.MinecraftServer/]: [Chunky] Task running for minecraft:overworld. Processed: 77442 chunks (3.44%), ETA: 119:56:23, Rate: 5.0 cps, Current: -3, 157
[25Aug2026 11:56:08.935] [Server thread/INFO] [net.minecraft.server.MinecraftServer/]: [Chunky] Task running for minecraft:overworld. Processed: 77449 chunks (3.44%), ETA: 114:49:14, Rate: 5.3 cps, Current: -4, 155
[25Aug2026 11:56:10.017] [Server thread/INFO] [net.minecraft.server.MinecraftServer/]: [Chunky] Task running for minecraft:overworld. Processed: 77455 chunks (3.44%), ETA: 116:16:34, Rate: 5.2 cps, Current: -5, 153
[25Aug2026 11:56:11.180] [Server thread/INFO] [net.minecraft.server.MinecraftServer/]: [Chunky] Task running for minecraft:overworld. Processed: 77461 chunks (3.44%), ETA: 117:24:11, Rate: 5.1 cps, Current: -14, 144
[25Aug2026 11:56:12.426] [Server thread/INFO] [net.minecraft.server.MinecraftServer/]: [Chunky] Task running for minecraft:overworld. Processed: 77470 chunks (3.44%), ETA: 112:53:17, Rate: 5.4 cps, Current: -9, 151
[25Aug2026 11:56:13.810] [Server thread/INFO] [net.minecraft.server.MinecraftServer/]: [Chunky] Task running for minecraft:overworld. Processed: 77472 chunks (3.44%), ETA: 121:25:48, Rate: 5.0 cps, Current: -3, 150
[25Aug2026 11:56:16.496] [Server thread/INFO] [net.minecraft.server.MinecraftServer/]: [Chunky] Task running for minecraft:overworld. Processed: 77493 chunks (3.44%), ETA: 118:57:11, Rate: 5.1 cps, Current: -9, 148
[25Aug2026 11:56:17.759] [Server thread/INFO] [net.minecraft.server.MinecraftServer/]: [Chunky] Task running for minecraft:overworld. Processed: 77504 chunks (3.44%), ETA: 118:14:42, Rate: 5.1 cps, Current: -11, 144
[25Aug2026 11:56:18.823] [Server thread/INFO] [net.minecraft.server.MinecraftServer/]: [Chunky] Task running for minecraft:overworld. Processed: 77518 chunks (3.44%), ETA: 111:55:13, Rate: 5.4 cps, Current: -5, 145
[25Aug2026 11:56:19.847] [Server thread/INFO] [net.minecraft.server.MinecraftServer/]: [Chunky] Task running for minecraft:overworld. Processed: 77525 chunks (3.44%), ETA: 112:12:34, Rate: 5.4 cps, Current: -3, 145
[25Aug2026 11:56:21.621] [Server thread/INFO] [net.minecraft.server.MinecraftServer/]: [Chunky] Task running for minecraft:overworld. Processed: 77528 chunks (3.44%), ETA: 115:06:04, Rate: 5.3 cps, Current: -3, 144
[25Aug2026 11:56:22.646] [Server thread/INFO] [net.minecraft.server.MinecraftServer/]: [Chunky] Task running for minecraft:overworld. Processed: 77536 chunks (3.44%), ETA: 117:23:32, Rate: 5.1 cps, Current: -4, 143
[25Aug2026 11:56:24.185] [Server thread/INFO] [net.minecraft.server.MinecraftServer/]: [Chunky] Task running for minecraft:overworld. Processed: 77537 chunks (3.44%), ETA: 124:38:58, Rate: 4.8 cps, Current: -3, 143
[25Aug2026 11:56:28.078] [Server thread/INFO] [net.minecraft.server.MinecraftServer/]: [Chunky] Task running for minecraft:overworld. Processed: 77545 chunks (3.44%), ETA: 124:26:46, Rate: 4.9 cps, Current: -2, 140
[25Aug2026 11:56:29.373] [Server thread/INFO] [net.minecraft.server.MinecraftServer/]: [Chunky] Task running for minecraft:overworld. Processed: 77554 chunks (3.44%), ETA: 122:46:08, Rate: 4.9 cps, Current: -3, 137
[25Aug2026 11:56:31.132] [Server thread/INFO] [net.minecraft.server.MinecraftServer/]: [Chunky] Task running for minecraft:overworld. Processed: 77559 chunks (3.44%), ETA: 127:34:28, Rate: 4.7 cps, Current: -4, 139
[25Aug2026 11:56:32.232] [Server thread/INFO] [net.minecraft.server.MinecraftServer/]: [Chunky] Task running for minecraft:overworld. Processed: 77567 chunks (3.44%), ETA: 128:55:08, Rate: 4.7 cps, Current: -11, 159
[25Aug2026 11:56:33.428] [Server thread/INFO] [net.minecraft.server.MinecraftServer/]: [Chunky] Task running for minecraft:overworld. Processed: 77573 chunks (3.44%), ETA: 124:34:17, Rate: 4.9 cps, Current: -5, 140
[25Aug2026 11:56:34.520] [Server thread/INFO] [net.minecraft.server.MinecraftServer/]: [Chunky] Task running for minecraft:overworld. Processed: 77589 chunks (3.44%), ETA: 113:14:54, Rate: 5.3 cps, Current: -7, 159
[25Aug2026 11:56:36.793] [Server thread/INFO] [net.minecraft.server.MinecraftServer/]: [Chunky] Task running for minecraft:overworld. Processed: 77597 chunks (3.44%), ETA: 113:07:12, Rate: 5.3 cps, Current: -10, 143
[25Aug2026 11:56:37.996] [Server thread/INFO] [net.minecraft.server.MinecraftServer/]: [Chunky] Task running for minecraft:overworld. Processed: 77619 chunks (3.45%), ETA: 102:41:40, Rate: 5.9 cps, Current: -4, 159
[25Aug2026 11:56:39.118] [Server thread/INFO] [net.minecraft.server.MinecraftServer/]: [Chunky] Task running for minecraft:overworld. Processed: 77629 chunks (3.45%), ETA: 100:29:05, Rate: 6.0 cps, Current: -9, 140
[25Aug2026 11:56:40.124] [Server thread/INFO] [net.minecraft.server.MinecraftServer/]: [Chunky] Task running for minecraft:overworld. Processed: 77638 chunks (3.45%), ETA: 98:15:28, Rate: 6.1 cps, Current: -14, 138
[25Aug2026 11:56:41.142] [Server thread/INFO] [net.minecraft.server.MinecraftServer/]: [Chunky] Task running for minecraft:overworld. Processed: 77653 chunks (3.45%), ETA: 93:48:28, Rate: 6.4 cps, Current: -10, 137
[25Aug2026 11:56:44.700] [Server thread/INFO] [net.minecraft.server.MinecraftServer/]: [Chunky] Task running for minecraft:overworld. Processed: 77658 chunks (3.45%), ETA: 102:39:58, Rate: 5.9 cps, Current: -16, 136
[25Aug2026 11:56:45.746] [Server thread/INFO] [net.minecraft.server.MinecraftServer/]: [Chunky] Task running for minecraft:overworld. Processed: 77670 chunks (3.45%), ETA: 99:17:43, Rate: 6.1 cps, Current: -10, 133
[25Aug2026 11:56:47.027] [Server thread/INFO] [net.minecraft.server.MinecraftServer/]: [Chunky] Task running for minecraft:overworld. Processed: 77683 chunks (3.45%), ETA: 98:15:18, Rate: 6.1 cps, Current: -15, 133
[25Aug2026 11:56:48.667] [Server thread/INFO] [net.minecraft.server.MinecraftServer/]: [Chunky] Task running for minecraft:overworld. Processed: 77721 chunks (3.45%), ETA: 88:23:40, Rate: 6.8 cps, Current: -9, 128
[25Aug2026 11:56:49.872] [Server thread/INFO] [net.minecraft.server.MinecraftServer/]: [Chunky] Task running for minecraft:overworld. Processed: 77736 chunks (3.45%), ETA: 81:40:35, Rate: 7.4 cps, Current: -8, 131
[25Aug2026 11:56:51.350] [Server thread/INFO] [net.minecraft.server.MinecraftServer/]: [Chunky] Task running for minecraft:overworld. Processed: 77753 chunks (3.45%), ETA: 79:29:01, Rate: 7.6 cps, Current: -6, 135
[25Aug2026 11:56:52.392] [Server thread/INFO] [net.minecraft.server.MinecraftServer/]: [Chunky] Task running for minecraft:overworld. Processed: 77765 chunks (3.45%), ETA: 78:08:44, Rate: 7.7 cps, Current: -5, 132
[25Aug2026 11:56:53.393] [Server thread/INFO] [net.minecraft.server.MinecraftServer/]: [Chunky] Task running for minecraft:overworld. Processed: 77779 chunks (3.45%), ETA: 72:37:36, Rate: 8.3 cps, Current: -3, 129
[25Aug2026 11:56:54.933] [Server thread/INFO] [net.minecraft.server.MinecraftServer/]: [Chunky] Task running for minecraft:overworld. Processed: 77786 chunks (3.45%), ETA: 67:03:05, Rate: 9.0 cps, Current: -2, 128
[25Aug2026 11:56:56.081] [Server thread/INFO] [net.minecraft.server.MinecraftServer/]: [Chunky] Task running for minecraft:overworld. Processed: 77801 chunks (3.45%), ETA: 65:50:03, Rate: 9.2 cps, Current: -1, 130
[25Aug2026 11:56:57.237] [Server thread/INFO] [net.minecraft.server.MinecraftServer/]: [Chunky] Task running for minecraft:overworld. Processed: 77809 chunks (3.45%), ETA: 66:29:04, Rate: 9.1 cps, Current: 0, 133
[25Aug2026 11:56:58.290] [Server thread/INFO] [net.minecraft.server.MinecraftServer/]: [Chunky] Task running for minecraft:overworld. Processed: 77814 chunks (3.45%), ETA: 66:56:35, Rate: 9.0 cps, Current: 2, 129
[25Aug2026 11:56:59.402] [Server thread/INFO] [net.minecraft.server.MinecraftServer/]: [Chunky] Task running for minecraft:overworld. Processed: 77822 chunks (3.45%), ETA: 64:42:05, Rate: 9.3 cps, Current: 2, 133
[25Aug2026 11:57:00.448] [Server thread/INFO] [net.minecraft.server.MinecraftServer/]: [Chunky] Task running for minecraft:overworld. Processed: 77825 chunks (3.45%), ETA: 66:20:29, Rate: 9.1 cps, Current: 4, 133
[25Aug2026 11:57:01.634] [Server thread/INFO] [net.minecraft.server.MinecraftServer/]: [Chunky] Task running for minecraft:overworld. Processed: 77827 chunks (3.45%), ETA: 68:03:47, Rate: 8.9 cps, Current: 5, 133
[25Aug2026 11:57:02.669] [Server thread/INFO] [net.minecraft.server.MinecraftServer/]: [Chunky] Task running for minecraft:overworld. Processed: 77840 chunks (3.45%), ETA: 65:55:27, Rate: 9.2 cps, Current: 2, 134
[25Aug2026 11:57:04.002] [Server thread/INFO] [net.minecraft.server.MinecraftServer/]: [Chunky] Task running for minecraft:overworld. Processed: 77846 chunks (3.46%), ETA: 69:02:46, Rate: 8.8 cps, Current: 6, 130
[25Aug2026 11:57:05.152] [Server thread/INFO] [net.minecraft.server.MinecraftServer/]: [Chunky] Task running for minecraft:overworld. Processed: 77856 chunks (3.46%), ETA: 65:54:09, Rate: 9.2 cps, Current: 9, 128
[25Aug2026 11:57:06.718] [Server thread/INFO] [net.minecraft.server.MinecraftServer/]: [Chunky] Task running for minecraft:overworld. Processed: 77864 chunks (3.46%), ETA: 67:27:56, Rate: 9.0 cps, Current: 12, 128
[25Aug2026 11:57:09.044] [Server thread/INFO] [net.minecraft.server.MinecraftServer/]: [Chunky] Task running for minecraft:overworld. Processed: 77868 chunks (3.46%), ETA: 75:20:20, Rate: 8.0 cps, Current: 12, 129
[25Aug2026 11:57:10.147] [Server thread/INFO] [net.minecraft.server.MinecraftServer/]: [Chunky] Task running for minecraft:overworld. Processed: 77887 chunks (3.46%), ETA: 74:34:15, Rate: 8.1 cps, Current: -1, 156
[25Aug2026 11:57:11.491] [Server thread/INFO] [net.minecraft.server.MinecraftServer/]: [Chunky] Task running for minecraft:overworld. Processed: 77895 chunks (3.46%), ETA: 68:00:45, Rate: 8.9 cps, Current: 8, 131
[25Aug2026 11:57:12.690] [Server thread/INFO] [net.minecraft.server.MinecraftServer/]: [Chunky] Task running for minecraft:overworld. Processed: 77905 chunks (3.46%), ETA: 68:11:18, Rate: 8.9 cps, Current: 11, 132
[25Aug2026 11:57:13.973] [Server thread/INFO] [net.minecraft.server.MinecraftServer/]: [Chunky] Task running for minecraft:overworld. Processed: 77911 chunks (3.46%), ETA: 69:37:54, Rate: 8.7 cps, Current: 8, 133
[25Aug2026 11:57:15.408] [Server thread/INFO] [net.minecraft.server.MinecraftServer/]: [Chunky] Task running for minecraft:overworld. Processed: 77919 chunks (3.46%), ETA: 71:41:09, Rate: 8.4 cps, Current: 5, 135
[25Aug2026 11:57:16.770] [Server thread/INFO] [net.minecraft.server.MinecraftServer/]: [Chunky] Task running for minecraft:overworld. Processed: 77923 chunks (3.46%), ETA: 74:33:57, Rate: 8.1 cps, Current: 9, 134
[25Aug2026 11:57:18.158] [Server thread/INFO] [net.minecraft.server.MinecraftServer/]: [Chunky] Task running for minecraft:overworld. Processed: 77932 chunks (3.46%), ETA: 84:03:00, Rate: 7.2 cps, Current: 12, 134
[25Aug2026 11:57:19.581] [Server thread/INFO] [net.minecraft.server.MinecraftServer/]: [Chunky] Task running for minecraft:overworld. Processed: 77940 chunks (3.46%), ETA: 87:33:34, Rate: 6.9 cps, Current: 12, 136
[25Aug2026 11:57:20.643] [Server thread/INFO] [net.minecraft.server.MinecraftServer/]: [Chunky] Task running for minecraft:overworld. Processed: 77941 chunks (3.46%), ETA: 93:38:31, Rate: 6.5 cps, Current: 12, 137
[25Aug2026 11:57:21.838] [Server thread/INFO] [net.minecraft.server.MinecraftServer/]: [Chunky] Task running for minecraft:overworld. Processed: 77947 chunks (3.46%), ETA: 97:13:01, Rate: 6.2 cps, Current: 13, 137
[25Aug2026 11:57:23.718] [Server thread/INFO] [net.minecraft.server.MinecraftServer/]: [Chunky] Task running for minecraft:overworld. Processed: 77948 chunks (3.46%), ETA: 106:41:43, Rate: 5.7 cps, Current: 14, 129
[25Aug2026 11:57:26.239] [Server thread/INFO] [net.minecraft.server.MinecraftServer/]: [Chunky] Task running for minecraft:overworld. Processed: 77954 chunks (3.46%), ETA: 120:00:59, Rate: 5.0 cps, Current: 9, 137
[25Aug2026 11:57:27.676] [Server thread/INFO] [net.minecraft.server.MinecraftServer/]: [Chunky] Task running for minecraft:overworld. Processed: 77965 chunks (3.46%), ETA: 116:48:17, Rate: 5.2 cps, Current: 9, 138
[25Aug2026 11:57:29.169] [Server thread/INFO] [net.minecraft.server.MinecraftServer/]: [Chunky] Task running for minecraft:overworld. Processed: 77977 chunks (3.46%), ETA: 115:16:51, Rate: 5.2 cps, Current: 8, 137
[25Aug2026 11:57:30.238] [Server thread/INFO] [net.minecraft.server.MinecraftServer/]: [Chunky] Task running for minecraft:overworld. Processed: 77984 chunks (3.46%), ETA: 112:29:07, Rate: 5.4 cps, Current: 7, 140
[25Aug2026 11:57:32.099] [Server thread/INFO] [net.minecraft.server.MinecraftServer/]: [Chunky] Task running for minecraft:overworld. Processed: 77991 chunks (3.46%), ETA: 116:58:42, Rate: 5.2 cps, Current: 6, 141
[25Aug2026 11:57:33.599] [Server thread/INFO] [net.minecraft.server.MinecraftServer/]: [Chunky] Task running for minecraft:overworld. Processed: 78005 chunks (3.46%), ETA: 111:45:33, Rate: 5.4 cps, Current: 4, 136
[25Aug2026 11:57:34.631] [Server thread/INFO] [net.minecraft.server.MinecraftServer/]: [Chunky] Task running for minecraft:overworld. Processed: 78022 chunks (3.46%), ETA: 106:38:49, Rate: 5.7 cps, Current: 12, 142
[25Aug2026 11:57:35.711] [Server thread/INFO] [net.minecraft.server.MinecraftServer/]: [Chunky] Task running for minecraft:overworld. Processed: 78032 chunks (3.46%), ETA: 103:38:36, Rate: 5.8 cps, Current: 4, 140
[25Aug2026 11:57:36.995] [Server thread/INFO] [net.minecraft.server.MinecraftServer/]: [Chunky] Task running for minecraft:overworld. Processed: 78045 chunks (3.46%), ETA: 94:52:09, Rate: 6.4 cps, Current: 1, 142
[25Aug2026 11:57:38.895] [Server thread/INFO] [net.minecraft.server.MinecraftServer/]: [Chunky] Task running for minecraft:overworld. Processed: 78057 chunks (3.46%), ETA: 94:54:55, Rate: 6.4 cps, Current: 2, 143
[25Aug2026 11:57:39.984] [Server thread/INFO] [net.minecraft.server.MinecraftServer/]: [Chunky] Task running for minecraft:overworld. Processed: 78071 chunks (3.47%), ETA: 97:26:26, Rate: 6.2 cps, Current: 3, 146
[25Aug2026 11:57:40.986] [Server thread/INFO] [net.minecraft.server.MinecraftServer/]: [Chunky] Task running for minecraft:overworld. Processed: 78078 chunks (3.47%), ETA: 96:50:37, Rate: 6.2 cps, Current: 4, 147
[25Aug2026 11:57:43.124] [Server thread/INFO] [net.minecraft.server.MinecraftServer/]: [Chunky] Task running for minecraft:overworld. Processed: 78080 chunks (3.47%), ETA: 103:35:34, Rate: 5.8 cps, Current: 5, 148
[25Aug2026 11:57:44.921] [Server thread/INFO] [net.minecraft.server.MinecraftServer/]: [Chunky] Task running for minecraft:overworld. Processed: 78087 chunks (3.47%), ETA: 105:30:12, Rate: 5.7 cps, Current: 2, 148
[25Aug2026 11:57:46.133] [Server thread/INFO] [net.minecraft.server.MinecraftServer/]: [Chunky] Task running for minecraft:overworld. Processed: 78108 chunks (3.47%), ETA: 95:22:20, Rate: 6.3 cps, Current: 0, 152
[25Aug2026 11:57:47.427] [Server thread/INFO] [net.minecraft.server.MinecraftServer/]: [Chunky] Task running for minecraft:overworld. Processed: 78113 chunks (3.47%), ETA: 97:09:10, Rate: 6.2 cps, Current: 0, 154
[25Aug2026 11:57:48.455] [Server thread/INFO] [net.minecraft.server.MinecraftServer/]: [Chunky] Task running for minecraft:overworld. Processed: 78124 chunks (3.47%), ETA: 94:17:25, Rate: 6.4 cps, Current: 0, 157
[25Aug2026 11:57:49.722] [Server thread/INFO] [net.minecraft.server.MinecraftServer/]: [Chunky] Task running for minecraft:overworld. Processed: 78132 chunks (3.47%), ETA: 91:29:39, Rate: 6.6 cps, Current: 2, 157
[25Aug2026 11:57:50.722] [Server thread/INFO] [net.minecraft.server.MinecraftServer/]: [Chunky] Task running for minecraft:overworld. Processed: 78135 chunks (3.47%), ETA: 92:19:34, Rate: 6.5 cps, Current: 3, 155
[25Aug2026 11:57:52.252] [Server thread/INFO] [net.minecraft.server.MinecraftServer/]: [Chunky] Task running for minecraft:overworld. Processed: 78144 chunks (3.47%), ETA: 87:30:12, Rate: 6.9 cps, Current: 5, 151
[25Aug2026 11:57:53.725] [Server thread/INFO] [net.minecraft.server.MinecraftServer/]: [Chunky] Task running for minecraft:overworld. Processed: 78158 chunks (3.47%), ETA: 80:59:48, Rate: 7.5 cps, Current: 6, 151
[25Aug2026 11:57:54.772] [Server thread/INFO] [net.minecraft.server.MinecraftServer/]: [Chunky] Task running for minecraft:overworld. Processed: 78167 chunks (3.47%), ETA: 80:32:54, Rate: 7.5 cps, Current: 7, 144
[25Aug2026 11:57:56.247] [Server thread/INFO] [net.minecraft.server.MinecraftServer/]: [Chunky] Task running for minecraft:overworld. Processed: 78175 chunks (3.47%), ETA: 81:48:07, Rate: 7.4 cps, Current: 8, 143
[25Aug2026 11:57:57.656] [Server thread/INFO] [net.minecraft.server.MinecraftServer/]: [Chunky] Task running for minecraft:overworld. Processed: 78179 chunks (3.47%), ETA: 84:14:21, Rate: 7.2 cps, Current: 9, 152
[25Aug2026 11:57:59.140] [Server thread/INFO] [net.minecraft.server.MinecraftServer/]: [Chunky] Task running for minecraft:overworld. Processed: 78186 chunks (3.47%), ETA: 86:13:07, Rate: 7.0 cps, Current: 7, 156
[25Aug2026 11:58:00.146] [Server thread/INFO] [net.minecraft.server.MinecraftServer/]: [Chunky] Task running for minecraft:overworld. Processed: 78192 chunks (3.47%), ETA: 86:27:06, Rate: 7.0 cps, Current: 9, 157
[25Aug2026 11:58:01.200] [Server thread/INFO] [net.minecraft.server.MinecraftServer/]: [Chunky] Task running for minecraft:overworld. Processed: 78196 chunks (3.47%), ETA: 85:20:28, Rate: 7.1 cps, Current: 10, 154
[25Aug2026 11:58:03.018] [Server thread/INFO] [net.minecraft.server.MinecraftServer/]: [Chunky] Task running for minecraft:overworld. Processed: 78200 chunks (3.47%), ETA: 90:40:30, Rate: 6.7 cps, Current: 10, 155
[25Aug2026 11:58:03.065] [Server thread/WARN] [net.minecraft.world.level.chunk.LevelChunk/]: Tried to load a block entity for block Block{minecraft:smithing_table} but failed at location BlockPos{x=68, y=132, z=2401}
[25Aug2026 11:58:04.298] [Server thread/INFO] [net.minecraft.server.MinecraftServer/]: [Chunky] Task running for minecraft:overworld. Processed: 78209 chunks (3.47%), ETA: 95:19:49, Rate: 6.3 cps, Current: 12, 156
[25Aug2026 11:58:05.447] [Server thread/INFO] [net.minecraft.server.MinecraftServer/]: [Chunky] Task running for minecraft:overworld. Processed: 78214 chunks (3.47%), ETA: 98:09:45, Rate: 6.2 cps, Current: 12, 154
[25Aug2026 11:58:06.877] [Server thread/INFO] [net.minecraft.server.MinecraftServer/]: [Chunky] Task running for minecraft:overworld. Processed: 78219 chunks (3.47%), ETA: 103:09:13, Rate: 5.9 cps, Current: 13, 154
[25Aug2026 11:58:08.487] [Server thread/INFO] [net.minecraft.server.MinecraftServer/]: [Chunky] Task running for minecraft:overworld. Processed: 78226 chunks (3.47%), ETA: 105:09:37, Rate: 5.7 cps, Current: 10, 158
[25Aug2026 11:58:10.429] [Server thread/INFO] [net.minecraft.server.MinecraftServer/]: [Chunky] Task running for minecraft:overworld. Processed: 78228 chunks (3.47%), ETA: 117:47:31, Rate: 5.1 cps, Current: 12, 158
[25Aug2026 11:58:11.460] [Server thread/INFO] [net.minecraft.server.MinecraftServer/]: [Chunky] Task running for minecraft:overworld. Processed: 78230 chunks (3.47%), ETA: 113:21:48, Rate: 5.3 cps, Current: 14, 143
[25Aug2026 11:58:12.796] [Server thread/INFO] [net.minecraft.server.MinecraftServer/]: [Chunky] Task running for minecraft:overworld. Processed: 78231 chunks (3.47%), ETA: 117:55:52, Rate: 5.1 cps, Current: 14, 150
[25Aug2026 11:58:14.498] [Server thread/INFO] [net.minecraft.server.MinecraftServer/]: [Chunky] Task running for minecraft:overworld. Processed: 78237 chunks (3.47%), ETA: 118:19:40, Rate: 5.1 cps, Current: 13, 150
[25Aug2026 11:58:15.797] [Server thread/INFO] [net.minecraft.server.MinecraftServer/]: [Chunky] Task running for minecraft:overworld. Processed: 78253 chunks (3.47%), ETA: 122:44:06, Rate: 4.9 cps, Current: 9, 151
[25Aug2026 11:58:17.537] [Server thread/INFO] [net.minecraft.server.MinecraftServer/]: [Chunky] Task running for minecraft:overworld. Processed: 78300 chunks (3.48%), ETA: 99:15:14, Rate: 6.1 cps, Current: 15, 138
[25Aug2026 11:58:20.181] [Server thread/INFO] [net.minecraft.server.MinecraftServer/]: [Chunky] Task running for minecraft:overworld. Processed: 78308 chunks (3.48%), ETA: 101:41:21, Rate: 5.9 cps, Current: 16, 145
[25Aug2026 11:58:21.688] [Server thread/INFO] [net.minecraft.server.MinecraftServer/]: [Chunky] Task running for minecraft:overworld. Processed: 78310 chunks (3.48%), ETA: 106:28:38, Rate: 5.7 cps, Current: 16, 146
[25Aug2026 11:58:22.888] [Server thread/INFO] [net.minecraft.server.MinecraftServer/]: [Chunky] Task running for minecraft:overworld. Processed: 78315 chunks (3.48%), ETA: 111:30:08, Rate: 5.4 cps, Current: 19, 145
[25Aug2026 11:58:24.567] [Server thread/INFO] [net.minecraft.server.MinecraftServer/]: [Chunky] Task running for minecraft:overworld. Processed: 78317 chunks (3.48%), ETA: 119:11:44, Rate: 5.1 cps, Current: 21, 145
[25Aug2026 11:58:25.692] [Server thread/INFO] [net.minecraft.server.MinecraftServer/]: [Chunky] Task running for minecraft:overworld. Processed: 78325 chunks (3.48%), ETA: 117:47:41, Rate: 5.1 cps, Current: 19, 147
[25Aug2026 11:58:27.021] [Server thread/INFO] [net.minecraft.server.MinecraftServer/]: [Chunky] Task running for minecraft:overworld. Processed: 78332 chunks (3.48%), ETA: 115:11:09, Rate: 5.2 cps, Current: 21, 147
[25Aug2026 11:58:28.431] [Server thread/INFO] [net.minecraft.server.MinecraftServer/]: [Chunky] Task running for minecraft:overworld. Processed: 78336 chunks (3.48%), ETA: 117:10:41, Rate: 5.2 cps, Current: 20, 149
[25Aug2026 11:58:29.589] [Server thread/INFO] [net.minecraft.server.MinecraftServer/]: [Chunky] Task running for minecraft:overworld. Processed: 78348 chunks (3.48%), ETA: 113:17:03, Rate: 5.3 cps, Current: 16, 148
[25Aug2026 11:58:30.940] [Server thread/INFO] [net.minecraft.server.MinecraftServer/]: [Chunky] Task running for minecraft:overworld. Processed: 78361 chunks (3.48%), ETA: 108:13:21, Rate: 5.6 cps, Current: 16, 152
[25Aug2026 11:58:32.119] [Server thread/INFO] [net.minecraft.server.MinecraftServer/]: [Chunky] Task running for minecraft:overworld. Processed: 78367 chunks (3.48%), ETA: 104:38:10, Rate: 5.8 cps, Current: 16, 153
[25Aug2026 11:58:33.221] [Server thread/INFO] [net.minecraft.server.MinecraftServer/]: [Chunky] Task running for minecraft:overworld. Processed: 78374 chunks (3.48%), ETA: 105:14:42, Rate: 5.7 cps, Current: 17, 154
[25Aug2026 11:58:34.657] [Server thread/INFO] [net.minecraft.server.MinecraftServer/]: [Chunky] Task running for minecraft:overworld. Processed: 78379 chunks (3.48%), ETA: 106:17:47, Rate: 5.7 cps, Current: 16, 156
[25Aug2026 11:58:35.770] [Server thread/INFO] [net.minecraft.server.MinecraftServer/]: [Chunky] Task running for minecraft:overworld. Processed: 78387 chunks (3.48%), ETA: 103:16:21, Rate: 5.8 cps, Current: 18, 155
[25Aug2026 11:58:36.792] [Server thread/INFO] [net.minecraft.server.MinecraftServer/]: [Chunky] Task running for minecraft:overworld. Processed: 78391 chunks (3.48%), ETA: 104:27:11, Rate: 5.8 cps, Current: 19, 153
[25Aug2026 11:58:39.537] [Server thread/INFO] [net.minecraft.server.MinecraftServer/]: [Chunky] Task running for minecraft:overworld. Processed: 78398 chunks (3.48%), ETA: 102:49:25, Rate: 5.9 cps, Current: 20, 151
[25Aug2026 11:58:40.809] [Server thread/INFO] [net.minecraft.server.MinecraftServer/]: [Chunky] Task running for minecraft:overworld. Processed: 78417 chunks (3.48%), ETA: 94:18:09, Rate: 6.4 cps, Current: 22, 153
[25Aug2026 11:58:45.359] [Server thread/INFO] [net.minecraft.server.MinecraftServer/]: [Chunky] Task running for minecraft:overworld. Processed: 78423 chunks (3.48%), ETA: 104:25:47, Rate: 5.8 cps, Current: 4, 159
[25Aug2026 11:58:46.488] [Server thread/INFO] [net.minecraft.server.MinecraftServer/]: [Chunky] Task running for minecraft:overworld. Processed: 78435 chunks (3.48%), ETA: 128:35:10, Rate: 4.7 cps, Current: 25, 153
[25Aug2026 11:58:47.787] [Server thread/INFO] [net.minecraft.server.MinecraftServer/]: [Chunky] Task running for minecraft:overworld. Processed: 78444 chunks (3.48%), ETA: 121:43:17, Rate: 5.0 cps, Current: 24, 156
[25Aug2026 11:58:49.033] [Server thread/INFO] [net.minecraft.server.MinecraftServer/]: [Chunky] Task running for minecraft:overworld. Processed: 78449 chunks (3.48%), ETA: 122:44:07, Rate: 4.9 cps, Current: 25, 157
[25Aug2026 11:58:50.452] [Server thread/INFO] [net.minecraft.server.MinecraftServer/]: [Chunky] Task running for minecraft:overworld. Processed: 78454 chunks (3.48%), ETA: 119:49:30, Rate: 5.0 cps, Current: 26, 156
[25Aug2026 11:58:51.531] [Server thread/INFO] [net.minecraft.server.MinecraftServer/]: [Chunky] Task running for minecraft:overworld. Processed: 78458 chunks (3.48%), ETA: 120:58:56, Rate: 5.0 cps, Current: 28, 157
[25Aug2026 11:58:53.423] [Server thread/INFO] [net.minecraft.server.MinecraftServer/]: [Chunky] Task running for minecraft:overworld. Processed: 78461 chunks (3.48%), ETA: 120:12:28, Rate: 5.0 cps, Current: 29, 158
[25Aug2026 11:58:54.755] [Server thread/INFO] [net.minecraft.server.MinecraftServer/]: [Chunky] Task running for minecraft:overworld. Processed: 78467 chunks (3.48%), ETA: 122:45:47, Rate: 4.9 cps, Current: 27, 156
[25Aug2026 11:58:55.777] [Server thread/INFO] [net.minecraft.server.MinecraftServer/]: [Chunky] Task running for minecraft:overworld. Processed: 78475 chunks (3.48%), ETA: 120:37:20, Rate: 5.0 cps, Current: 27, 154
[25Aug2026 11:58:56.897] [Server thread/INFO] [net.minecraft.server.MinecraftServer/]: [Chunky] Task running for minecraft:overworld. Processed: 78482 chunks (3.48%), ETA: 119:30:37, Rate: 5.1 cps, Current: 29, 153
[25Aug2026 11:58:58.291] [Server thread/INFO] [net.minecraft.server.MinecraftServer/]: [Chunky] Task running for minecraft:overworld. Processed: 78488 chunks (3.48%), ETA: 117:53:19, Rate: 5.1 cps, Current: 25, 152
[25Aug2026 11:58:59.588] [Server thread/INFO] [net.minecraft.server.MinecraftServer/]: [Chunky] Task running for minecraft:overworld. Processed: 78493 chunks (3.48%), ETA: 124:06:26, Rate: 4.9 cps, Current: 29, 152
[25Aug2026 11:59:00.640] [Server thread/INFO] [net.minecraft.server.MinecraftServer/]: [Chunky] Task running for minecraft:overworld. Processed: 78496 chunks (3.48%), ETA: 131:54:33, Rate: 4.6 cps, Current: 27, 151
[25Aug2026 11:59:01.697] [Server thread/INFO] [net.minecraft.server.MinecraftServer/]: [Chunky] Task running for minecraft:overworld. Processed: 78510 chunks (3.48%), ETA: 124:04:06, Rate: 4.9 cps, Current: 23, 149
[25Aug2026 11:59:02.735] [Server thread/INFO] [net.minecraft.server.MinecraftServer/]: [Chunky] Task running for minecraft:overworld. Processed: 78513 chunks (3.48%), ETA: 127:20:13, Rate: 4.7 cps, Current: 26, 149
[25Aug2026 11:59:03.820] [Server thread/INFO] [net.minecraft.server.MinecraftServer/]: [Chunky] Task running for minecraft:overworld. Processed: 78522 chunks (3.49%), ETA: 122:19:22, Rate: 4.9 cps, Current: 25, 148
[25Aug2026 11:59:05.156] [Server thread/INFO] [net.minecraft.server.MinecraftServer/]: [Chunky] Task running for minecraft:overworld. Processed: 78530 chunks (3.49%), ETA: 123:15:43, Rate: 4.9 cps, Current: 24, 145
[25Aug2026 11:59:06.296] [Server thread/INFO] [net.minecraft.server.MinecraftServer/]: [Chunky] Task running for minecraft:overworld. Processed: 78536 chunks (3.49%), ETA: 122:03:40, Rate: 4.9 cps, Current: 25, 145
[25Aug2026 11:59:07.425] [Server thread/INFO] [net.minecraft.server.MinecraftServer/]: [Chunky] Task running for minecraft:overworld. Processed: 78545 chunks (3.49%), ETA: 113:48:58, Rate: 5.3 cps, Current: 30, 148
[25Aug2026 11:59:08.576] [Server thread/INFO] [net.minecraft.server.MinecraftServer/]: [Chunky] Task running for minecraft:overworld. Processed: 78550 chunks (3.49%), ETA: 114:38:25, Rate: 5.3 cps, Current: 21, 144
[25Aug2026 11:59:09.720] [Server thread/INFO] [net.minecraft.server.MinecraftServer/]: [Chunky] Task running for minecraft:overworld. Processed: 78554 chunks (3.49%), ETA: 126:32:26, Rate: 4.8 cps, Current: 28, 144
[25Aug2026 11:59:10.821] [Server thread/INFO] [net.minecraft.server.MinecraftServer/]: [Chunky] Task running for minecraft:overworld. Processed: 78559 chunks (3.49%), ETA: 112:15:28, Rate: 5.4 cps, Current: 28, 143
[25Aug2026 11:59:11.848] [Server thread/INFO] [net.minecraft.server.MinecraftServer/]: [Chunky] Task running for minecraft:overworld. Processed: 78562 chunks (3.49%), ETA: 114:16:59, Rate: 5.3 cps, Current: 30, 145
[25Aug2026 11:59:13.405] [Server thread/INFO] [net.minecraft.server.MinecraftServer/]: [Chunky] Task running for minecraft:overworld. Processed: 78565 chunks (3.49%), ETA: 118:27:27, Rate: 5.1 cps, Current: 29, 142
[25Aug2026 11:59:16.540] [Server thread/INFO] [net.minecraft.server.MinecraftServer/]: [Chunky] Task running for minecraft:overworld. Processed: 78569 chunks (3.49%), ETA: 137:49:44, Rate: 4.4 cps, Current: 30, 140
[25Aug2026 11:59:17.692] [Server thread/INFO] [net.minecraft.server.MinecraftServer/]: [Chunky] Task running for minecraft:overworld. Processed: 78578 chunks (3.49%), ETA: 133:47:54, Rate: 4.5 cps, Current: 29, 138
[25Aug2026 11:59:18.734] [Server thread/INFO] [net.minecraft.server.MinecraftServer/]: [Chunky] Task running for minecraft:overworld. Processed: 78582 chunks (3.49%), ETA: 133:52:38, Rate: 4.5 cps, Current: 28, 141
[25Aug2026 11:59:19.756] [Server thread/INFO] [net.minecraft.server.MinecraftServer/]: [Chunky] Task running for minecraft:overworld. Processed: 78585 chunks (3.49%), ETA: 134:05:20, Rate: 4.5 cps, Current: 28, 138
[25Aug2026 11:59:20.758] [Server thread/INFO] [net.minecraft.server.MinecraftServer/]: [Chunky] Task running for minecraft:overworld. Processed: 78589 chunks (3.49%), ETA: 133:44:11, Rate: 4.5 cps, Current: 27, 137
[25Aug2026 11:59:21.973] [Server thread/INFO] [net.minecraft.server.MinecraftServer/]: [Chunky] Task running for minecraft:overworld. Processed: 78592 chunks (3.49%), ETA: 130:38:01, Rate: 4.6 cps, Current: 26, 139
[25Aug2026 11:59:23.140] [Server thread/INFO] [net.minecraft.server.MinecraftServer/]: [Chunky] Task running for minecraft:overworld. Processed: 78610 chunks (3.49%), ETA: 119:39:35, Rate: 5.0 cps, Current: 22, 159
[25Aug2026 11:59:24.223] [Server thread/INFO] [net.minecraft.server.MinecraftServer/]: [Chunky] Task running for minecraft:overworld. Processed: 78616 chunks (3.49%), ETA: 118:39:25, Rate: 5.1 cps, Current: 24, 142
[25Aug2026 11:59:25.318] [Server thread/INFO] [net.minecraft.server.MinecraftServer/]: [Chunky] Task running for minecraft:overworld. Processed: 78622 chunks (3.49%), ETA: 120:33:28, Rate: 5.0 cps, Current: 21, 143
[25Aug2026 11:59:26.325] [Server thread/INFO] [net.minecraft.server.MinecraftServer/]: [Chunky] Task running for minecraft:overworld. Processed: 78632 chunks (3.49%), ETA: 117:42:37, Rate: 5.1 cps, Current: 18, 142
[25Aug2026 11:59:27.606] [Server thread/INFO] [net.minecraft.server.MinecraftServer/]: [Chunky] Task running for minecraft:overworld. Processed: 78645 chunks (3.49%), ETA: 112:03:45, Rate: 5.4 cps, Current: 16, 140
[25Aug2026 11:59:28.778] [Server thread/INFO] [net.minecraft.server.MinecraftServer/]: [Chunky] Task running for minecraft:overworld. Processed: 78652 chunks (3.49%), ETA: 110:11:36, Rate: 5.5 cps, Current: 18, 139
[25Aug2026 11:59:30.141] [Server thread/INFO] [net.minecraft.server.MinecraftServer/]: [Chunky] Task running for minecraft:overworld. Processed: 78666 chunks (3.49%), ETA: 104:11:44, Rate: 5.8 cps, Current: 22, 139
[25Aug2026 11:59:31.153] [Server thread/INFO] [net.minecraft.server.MinecraftServer/]: [Chunky] Task running for minecraft:overworld. Processed: 78677 chunks (3.49%), ETA: 105:53:51, Rate: 5.7 cps, Current: 23, 137
[25Aug2026 11:59:33.350] [Server thread/INFO] [net.minecraft.server.MinecraftServer/]: [Chunky] Task running for minecraft:overworld. Processed: 78682 chunks (3.49%), ETA: 110:46:58, Rate: 5.5 cps, Current: 21, 136
[25Aug2026 11:59:34.658] [Server thread/INFO] [net.minecraft.server.MinecraftServer/]: [Chunky] Task running for minecraft:overworld. Processed: 78691 chunks (3.49%), ETA: 109:59:26, Rate: 5.5 cps, Current: 21, 133
[25Aug2026 11:59:35.842] [Server thread/INFO] [net.minecraft.server.MinecraftServer/]: [Chunky] Task running for minecraft:overworld. Processed: 78700 chunks (3.49%), ETA: 108:09:04, Rate: 5.6 cps, Current: 16, 134
[25Aug2026 11:59:37.181] [Server thread/INFO] [net.minecraft.server.MinecraftServer/]: [Chunky] Task running for minecraft:overworld. Processed: 78736 chunks (3.49%), ETA: 93:36:05, Rate: 6.5 cps, Current: 20, 128
[25Aug2026 11:59:38.266] [Server thread/INFO] [net.minecraft.server.MinecraftServer/]: [Chunky] Task running for minecraft:overworld. Processed: 78751 chunks (3.50%), ETA: 88:46:11, Rate: 6.8 cps, Current: 23, 129
[25Aug2026 11:59:39.267] [Server thread/INFO] [net.minecraft.server.MinecraftServer/]: [Chunky] Task running for minecraft:overworld. Processed: 78759 chunks (3.50%), ETA: 86:37:35, Rate: 7.0 cps, Current: 25, 129
[25Aug2026 11:59:40.291] [Server thread/INFO] [net.minecraft.server.MinecraftServer/]: [Chunky] Task running for minecraft:overworld. Processed: 78770 chunks (3.50%), ETA: 83:57:18, Rate: 7.2 cps, Current: 25, 134
[25Aug2026 11:59:41.756] [Server thread/INFO] [net.minecraft.server.MinecraftServer/]: [Chunky] Task running for minecraft:overworld. Processed: 78778 chunks (3.50%), ETA: 83:14:12, Rate: 7.3 cps, Current: 26, 133
[25Aug2026 11:59:42.801] [Server thread/INFO] [net.minecraft.server.MinecraftServer/]: [Chunky] Task running for minecraft:overworld. Processed: 78788 chunks (3.50%), ETA: 79:15:36, Rate: 7.6 cps, Current: 27, 132
[25Aug2026 11:59:44.039] [Server thread/INFO] [net.minecraft.server.MinecraftServer/]: [Chunky] Task running for minecraft:overworld. Processed: 78794 chunks (3.50%), ETA: 73:29:20, Rate: 8.2 cps, Current: 28, 134
[25Aug2026 11:59:45.051] [Server thread/INFO] [net.minecraft.server.MinecraftServer/]: [Chunky] Task running for minecraft:overworld. Processed: 78813 chunks (3.50%), ETA: 70:17:02, Rate: 8.6 cps, Current: 30, 128
[25Aug2026 11:59:46.110] [Server thread/INFO] [net.minecraft.server.MinecraftServer/]: [Chunky] Task running for minecraft:overworld. Processed: 78815 chunks (3.50%), ETA: 72:18:06, Rate: 8.4 cps, Current: 30, 129
[25Aug2026 11:59:47.554] [Server thread/INFO] [net.minecraft.server.MinecraftServer/]: [Chunky] Task running for minecraft:overworld. Processed: 78826 chunks (3.50%), ETA: 72:25:43, Rate: 8.3 cps, Current: 31, 130
[25Aug2026 11:59:49.083] [Server thread/INFO] [net.minecraft.server.MinecraftServer/]: [Chunky] Task running for minecraft:overworld. Processed: 78835 chunks (3.50%), ETA: 70:33:50, Rate: 8.6 cps, Current: 33, 131
[25Aug2026 11:59:50.225] [Server thread/INFO] [net.minecraft.server.MinecraftServer/]: [Chunky] Task running for minecraft:overworld. Processed: 78837 chunks (3.50%), ETA: 71:28:13, Rate: 8.5 cps, Current: 33, 133
[25Aug2026 11:59:51.309] [Server thread/INFO] [net.minecraft.server.MinecraftServer/]: [Chunky] Task running for minecraft:overworld. Processed: 78844 chunks (3.50%), ETA: 70:01:47, Rate: 8.6 cps, Current: 35, 131
[25Aug2026 11:59:55.336] [Server thread/INFO] [net.minecraft.server.MinecraftServer/]: [Chunky] Task running for minecraft:overworld. Processed: 78849 chunks (3.50%), ETA: 80:22:11, Rate: 7.5 cps, Current: 36, 133
[25Aug2026 11:59:56.402] [Server thread/INFO] [net.minecraft.server.MinecraftServer/]: [Chunky] Task running for minecraft:overworld. Processed: 78854 chunks (3.50%), ETA: 82:48:47, Rate: 7.3 cps, Current: 36, 131
[25Aug2026 11:59:57.779] [Server thread/INFO] [net.minecraft.server.MinecraftServer/]: [Chunky] Task running for minecraft:overworld. Processed: 78864 chunks (3.50%), ETA: 82:13:39, Rate: 7.3 cps, Current: 34, 134
[25Aug2026 11:59:58.845] [Server thread/INFO] [net.minecraft.server.MinecraftServer/]: [Chunky] Task running for minecraft:overworld. Processed: 78866 chunks (3.50%), ETA: 86:14:50, Rate: 7.0 cps, Current: 36, 134
[25Aug2026 11:59:59.522] [Server thread/DEBUG] [net.minecraftforge.common.ForgeHooks/WP]: Gathering id map for writing to world save world
[25Aug2026 11:59:59.587] [Server thread/DEBUG] [net.minecraftforge.common.ForgeHooks/WP]: ID Map collection complete world
[25Aug2026 12:00:00.582] [Server thread/INFO] [net.minecraft.server.MinecraftServer/]: [Chunky] Task running for minecraft:overworld. Processed: 78869 chunks (3.50%), ETA: 92:05:15, Rate: 6.6 cps, Current: 38, 129
[25Aug2026 12:00:02.493] [Server thread/INFO] [net.minecraft.server.MinecraftServer/]: [Chunky] Task running for minecraft:overworld. Processed: 78875 chunks (3.50%), ETA: 90:43:20, Rate: 6.7 cps, Current: 39, 128
[25Aug2026 12:00:03.626] [Server thread/INFO] [net.minecraft.server.MinecraftServer/]: [Chunky] Task running for minecraft:overworld. Processed: 78879 chunks (3.50%), ETA: 92:33:47, Rate: 6.5 cps, Current: 41, 128
[25Aug2026 12:00:04.983] [Server thread/INFO] [net.minecraft.server.MinecraftServer/]: [Chunky] Task running for minecraft:overworld. Processed: 78881 chunks (3.50%), ETA: 96:41:50, Rate: 6.2 cps, Current: 39, 130
[25Aug2026 12:00:06.342] [Server thread/INFO] [net.minecraft.server.MinecraftServer/]: [Chunky] Task running for minecraft:overworld. Processed: 78885 chunks (3.50%), ETA: 117:24:22, Rate: 5.1 cps, Current: 42, 130
[25Aug2026 12:00:07.447] [Server thread/INFO] [net.minecraft.server.MinecraftServer/]: [Chunky] Task running for minecraft:overworld. Processed: 78888 chunks (3.50%), ETA: 127:42:10, Rate: 4.7 cps, Current: 43, 128
[25Aug2026 12:00:08.937] [Server thread/INFO] [net.minecraft.server.MinecraftServer/]: [Chunky] Task running for minecraft:overworld. Processed: 78894 chunks (3.50%), ETA: 131:45:07, Rate: 4.6 cps, Current: 31, 140
[25Aug2026 12:00:10.102] [Server thread/INFO] [net.minecraft.server.MinecraftServer/]: [Chunky] Task running for minecraft:overworld. Processed: 78896 chunks (3.50%), ETA: 141:45:32, Rate: 4.3 cps, Current: 31, 142
[25Aug2026 12:00:12.232] [Server thread/INFO] [net.minecraft.server.MinecraftServer/]: [Chunky] Task running for minecraft:overworld. Processed: 78899 chunks (3.50%), ETA: 158:41:43, Rate: 3.8 cps, Current: 31, 145
[25Aug2026 12:00:31.784] [Server thread/INFO] [net.minecraft.server.MinecraftServer/]: [Chunky] Task running for minecraft:overworld. Processed: 78905 chunks (3.50%), ETA: 570:36:10, Rate: 1.1 cps, Current: 31, 157
[25Aug2026 12:00:33.680] [Server thread/INFO] [net.minecraft.server.MinecraftServer/]: [Chunky] Task running for minecraft:overworld. Processed: 78907 chunks (3.50%), ETA: 641:52:19, Rate: 0.9 cps, Current: 43, 129
[25Aug2026 12:00:34.732] [Server thread/INFO] [net.minecraft.server.MinecraftServer/]: [Chunky] Task running for minecraft:overworld. Processed: 78915 chunks (3.50%), ETA: 513:18:30, Rate: 1.2 cps, Current: 44, 129
[25Aug2026 12:00:36.107] [Server thread/INFO] [net.minecraft.server.MinecraftServer/]: [Chunky] Task running for minecraft:overworld. Processed: 78916 chunks (3.50%), ETA: 561:43:58, Rate: 1.1 cps, Current: 43, 131
[25Aug2026 12:00:38.053] [Server thread/INFO] [net.minecraft.server.MinecraftServer/]: [Chunky] Task running for minecraft:overworld. Processed: 78922 chunks (3.50%), ETA: 606:19:35, Rate: 1.0 cps, Current: 44, 132
[25Aug2026 12:00:39.058] [Server thread/INFO] [net.minecraft.server.MinecraftServer/]: [Chunky] Task running for minecraft:overworld. Processed: 78928 chunks (3.50%), ETA: 529:53:04, Rate: 1.1 cps, Current: 39, 132
[25Aug2026 12:00:40.102] [Server thread/INFO] [net.minecraft.server.MinecraftServer/]: [Chunky] Task running for minecraft:overworld. Processed: 78935 chunks (3.50%), ETA: 452:55:49, Rate: 1.3 cps, Current: 39, 133
[25Aug2026 12:00:41.439] [Server thread/INFO] [net.minecraft.server.MinecraftServer/]: [Chunky] Task running for minecraft:overworld. Processed: 78941 chunks (3.50%), ETA: 410:11:32, Rate: 1.5 cps, Current: 35, 135
[25Aug2026 12:00:42.524] [Server thread/INFO] [net.minecraft.server.MinecraftServer/]: [Chunky] Task running for minecraft:overworld. Processed: 78944 chunks (3.50%), ETA: 162:09:48, Rate: 3.7 cps, Current: 37, 135
[25Aug2026 12:00:43.530] [Server thread/INFO] [net.minecraft.server.MinecraftServer/]: [Chunky] Task running for minecraft:overworld. Processed: 78947 chunks (3.50%), ETA: 164:58:41, Rate: 3.7 cps, Current: 40, 134
[25Aug2026 12:00:44.783] [Server thread/INFO] [net.minecraft.server.MinecraftServer/]: [Chunky] Task running for minecraft:overworld. Processed: 78953 chunks (3.50%), ETA: 160:13:08, Rate: 3.8 cps, Current: 45, 133
[25Aug2026 12:00:45.801] [Server thread/INFO] [net.minecraft.server.MinecraftServer/]: [Chunky] Task running for minecraft:overworld. Processed: 78958 chunks (3.50%), ETA: 156:46:05, Rate: 3.9 cps, Current: 43, 135
[25Aug2026 12:00:46.999] [Server thread/INFO] [net.minecraft.server.MinecraftServer/]: [Chunky] Task running for minecraft:overworld. Processed: 78961 chunks (3.50%), ETA: 161:12:34, Rate: 3.7 cps, Current: 42, 136
[25Aug2026 12:00:48.218] [Server thread/INFO] [net.minecraft.server.MinecraftServer/]: [Chunky] Task running for minecraft:overworld. Processed: 78967 chunks (3.50%), ETA: 157:32:26, Rate: 3.8 cps, Current: 43, 137
[25Aug2026 12:00:51.038] [Server thread/INFO] [net.minecraft.server.MinecraftServer/]: [Chunky] Task running for minecraft:overworld. Processed: 78971 chunks (3.51%), ETA: 173:33:10, Rate: 3.5 cps, Current: 46, 128
[25Aug2026 12:00:52.432] [Server thread/INFO] [net.minecraft.server.MinecraftServer/]: [Chunky] Task running for minecraft:overworld. Processed: 78973 chunks (3.51%), ETA: 180:43:21, Rate: 3.3 cps, Current: 46, 130
[25Aug2026 12:00:54.294] [Server thread/INFO] [net.minecraft.server.MinecraftServer/]: [Chunky] Task running for minecraft:overworld. Processed: 78984 chunks (3.51%), ETA: 169:55:41, Rate: 3.6 cps, Current: 45, 139
[25Aug2026 12:00:55.305] [Server thread/INFO] [net.minecraft.server.MinecraftServer/]: [Chunky] Task running for minecraft:overworld. Processed: 78994 chunks (3.51%), ETA: 157:49:24, Rate: 3.8 cps, Current: 46, 135
[25Aug2026 12:00:57.258] [Server thread/INFO] [net.minecraft.server.MinecraftServer/]: [Chunky] Task running for minecraft:overworld. Processed: 79000 chunks (3.51%), ETA: 160:15:02, Rate: 3.8 cps, Current: 40, 137
[25Aug2026 12:00:58.344] [Server thread/INFO] [net.minecraft.server.MinecraftServer/]: [Chunky] Task running for minecraft:overworld. Processed: 79006 chunks (3.51%), ETA: 157:15:12, Rate: 3.8 cps, Current: 39, 141
[25Aug2026 12:00:59.389] [Server thread/INFO] [net.minecraft.server.MinecraftServer/]: [Chunky] Task running for minecraft:overworld. Processed: 79008 chunks (3.51%), ETA: 160:17:49, Rate: 3.8 cps, Current: 39, 139
[25Aug2026 12:01:00.469] [Server thread/INFO] [net.minecraft.server.MinecraftServer/]: [Chunky] Task running for minecraft:overworld. Processed: 79017 chunks (3.51%), ETA: 153:18:04, Rate: 3.9 cps, Current: 46, 140
[25Aug2026 12:01:01.521] [Server thread/INFO] [net.minecraft.server.MinecraftServer/]: [Chunky] Task running for minecraft:overworld. Processed: 79029 chunks (3.51%), ETA: 143:39:56, Rate: 4.2 cps, Current: 36, 136
[25Aug2026 12:01:02.528] [Server thread/INFO] [net.minecraft.server.MinecraftServer/]: [Chunky] Task running for minecraft:overworld. Processed: 79046 chunks (3.51%), ETA: 124:25:58, Rate: 4.9 cps, Current: 33, 139
[25Aug2026 12:01:04.210] [Server thread/INFO] [net.minecraft.server.MinecraftServer/]: [Chunky] Task running for minecraft:overworld. Processed: 79058 chunks (3.51%), ETA: 123:37:04, Rate: 4.9 cps, Current: 36, 141
[25Aug2026 12:01:05.742] [Server thread/INFO] [net.minecraft.server.MinecraftServer/]: [Chunky] Task running for minecraft:overworld. Processed: 79077 chunks (3.51%), ETA: 110:28:00, Rate: 5.5 cps, Current: 33, 143
[25Aug2026 12:01:06.755] [Server thread/INFO] [net.minecraft.server.MinecraftServer/]: [Chunky] Task running for minecraft:overworld. Processed: 79085 chunks (3.51%), ETA: 105:41:01, Rate: 5.7 cps, Current: 37, 143
[25Aug2026 12:01:07.903] [Server thread/INFO] [net.minecraft.server.MinecraftServer/]: [Chunky] Task running for minecraft:overworld. Processed: 79090 chunks (3.51%), ETA: 106:39:31, Rate: 5.7 cps, Current: 37, 144
[25Aug2026 12:01:08.996] [Server thread/INFO] [net.minecraft.server.MinecraftServer/]: [Chunky] Task running for minecraft:overworld. Processed: 79097 chunks (3.51%), ETA: 106:20:50, Rate: 5.7 cps, Current: 33, 147
[25Aug2026 12:01:10.132] [Server thread/INFO] [net.minecraft.server.MinecraftServer/]: [Chunky] Task running for minecraft:overworld. Processed: 79103 chunks (3.51%), ETA: 106:17:39, Rate: 5.7 cps, Current: 37, 147
[25Aug2026 12:01:12.903] [Server thread/INFO] [net.minecraft.server.MinecraftServer/]: [Chunky] Task running for minecraft:overworld. Processed: 79104 chunks (3.51%), ETA: 112:15:38, Rate: 5.4 cps, Current: 37, 148
[25Aug2026 12:01:14.186] [Server thread/INFO] [net.minecraft.server.MinecraftServer/]: [Chunky] Task running for minecraft:overworld. Processed: 79117 chunks (3.51%), ETA: 107:36:26, Rate: 5.6 cps, Current: 37, 150
[25Aug2026 12:01:15.460] [Server thread/INFO] [net.minecraft.server.MinecraftServer/]: [Chunky] Task running for minecraft:overworld. Processed: 79133 chunks (3.51%), ETA: 101:45:33, Rate: 5.9 cps, Current: 32, 151
[25Aug2026 12:01:16.947] [Server thread/INFO] [net.minecraft.server.MinecraftServer/]: [Chunky] Task running for minecraft:overworld. Processed: 79142 chunks (3.51%), ETA: 99:21:47, Rate: 6.1 cps, Current: 32, 154
[25Aug2026 12:01:18.826] [Server thread/INFO] [net.minecraft.server.MinecraftServer/]: [Chunky] Task running for minecraft:overworld. Processed: 79149 chunks (3.51%), ETA: 93:44:29, Rate: 6.4 cps, Current: 33, 156
[25Aug2026 12:01:20.418] [Server thread/INFO] [net.minecraft.server.MinecraftServer/]: [Chunky] Task running for minecraft:overworld. Processed: 79157 chunks (3.51%), ETA: 94:52:17, Rate: 6.4 cps, Current: 35, 151
[25Aug2026 12:01:21.577] [Server thread/INFO] [net.minecraft.server.MinecraftServer/]: [Chunky] Task running for minecraft:overworld. Processed: 79164 chunks (3.51%), ETA: 91:39:41, Rate: 6.6 cps, Current: 36, 151
[25Aug2026 12:01:23.363] [Server thread/INFO] [net.minecraft.server.MinecraftServer/]: [Chunky] Task running for minecraft:overworld. Processed: 79165 chunks (3.51%), ETA: 96:26:44, Rate: 6.3 cps, Current: 36, 156
[25Aug2026 12:01:24.735] [Server thread/INFO] [net.minecraft.server.MinecraftServer/]: [Chunky] Task running for minecraft:overworld. Processed: 79167 chunks (3.51%), ETA: 102:08:10, Rate: 5.9 cps, Current: 37, 157
[25Aug2026 12:01:26.182] [Server thread/INFO] [net.minecraft.server.MinecraftServer/]: [Chunky] Task running for minecraft:overworld. Processed: 79181 chunks (3.51%), ETA: 95:57:50, Rate: 6.3 cps, Current: 38, 151
[25Aug2026 12:01:27.249] [Server thread/INFO] [net.minecraft.server.MinecraftServer/]: [Chunky] Task running for minecraft:overworld. Processed: 79190 chunks (3.51%), ETA: 94:48:53, Rate: 6.4 cps, Current: 39, 144
[25Aug2026 12:01:28.978] [Server thread/INFO] [net.minecraft.server.MinecraftServer/]: [Chunky] Task running for minecraft:overworld. Processed: 79199 chunks (3.52%), ETA: 93:03:23, Rate: 6.5 cps, Current: 39, 152
[25Aug2026 12:01:30.325] [Server thread/INFO] [net.minecraft.server.MinecraftServer/]: [Chunky] Task running for minecraft:overworld. Processed: 79202 chunks (3.52%), ETA: 95:08:19, Rate: 6.3 cps, Current: 41, 152
[25Aug2026 12:01:31.726] [Server thread/INFO] [net.minecraft.server.MinecraftServer/]: [Chunky] Task running for minecraft:overworld. Processed: 79207 chunks (3.52%), ETA: 107:45:42, Rate: 5.6 cps, Current: 39, 155
[25Aug2026 12:01:32.987] [Server thread/INFO] [net.minecraft.server.MinecraftServer/]: [Chunky] Task running for minecraft:overworld. Processed: 79211 chunks (3.52%), ETA: 112:50:02, Rate: 5.4 cps, Current: 40, 154
[25Aug2026 12:01:34.547] [Server thread/INFO] [net.minecraft.server.MinecraftServer/]: [Chunky] Task running for minecraft:overworld. Processed: 79212 chunks (3.52%), ETA: 127:53:15, Rate: 4.7 cps, Current: 40, 155
[25Aug2026 12:01:35.754] [Server thread/INFO] [net.minecraft.server.MinecraftServer/]: [Chunky] Task running for minecraft:overworld. Processed: 79219 chunks (3.52%), ETA: 129:42:08, Rate: 4.7 cps, Current: 42, 152
[25Aug2026 12:01:37.647] [Server thread/INFO] [net.minecraft.server.MinecraftServer/]: [Chunky] Task running for minecraft:overworld. Processed: 79223 chunks (3.52%), ETA: 134:01:53, Rate: 4.5 cps, Current: 42, 155
[25Aug2026 12:01:39.061] [Server thread/INFO] [net.minecraft.server.MinecraftServer/]: [Chunky] Task running for minecraft:overworld. Processed: 79232 chunks (3.52%), ETA: 134:22:27, Rate: 4.5 cps, Current: 44, 143
[25Aug2026 12:01:41.059] [Server thread/INFO] [net.minecraft.server.MinecraftServer/]: [Chunky] Task running for minecraft:overworld. Processed: 79235 chunks (3.52%), ETA: 128:47:50, Rate: 4.7 cps, Current: 45, 157
[25Aug2026 12:01:42.256] [Server thread/INFO] [net.minecraft.server.MinecraftServer/]: [Chunky] Task running for minecraft:overworld. Processed: 79243 chunks (3.52%), ETA: 126:35:59, Rate: 4.8 cps, Current: 44, 153
[25Aug2026 12:01:43.552] [Server thread/INFO] [net.minecraft.server.MinecraftServer/]: [Chunky] Task running for minecraft:overworld. Processed: 79249 chunks (3.52%), ETA: 133:19:17, Rate: 4.5 cps, Current: 42, 158
[25Aug2026 12:01:47.443] [Server thread/INFO] [net.minecraft.server.MinecraftServer/]: [Chunky] Task running for minecraft:overworld. Processed: 79253 chunks (3.52%), ETA: 164:33:59, Rate: 3.7 cps, Current: 46, 143
[25Aug2026 12:01:49.729] [Server thread/INFO] [net.minecraft.server.MinecraftServer/]: [Chunky] Task running for minecraft:overworld. Processed: 79256 chunks (3.52%), ETA: 176:59:06, Rate: 3.4 cps, Current: 46, 158
[25Aug2026 12:01:50.976] [Server thread/INFO] [net.minecraft.server.MinecraftServer/]: [Chunky] Task running for minecraft:overworld. Processed: 79267 chunks (3.52%), ETA: 170:41:16, Rate: 3.5 cps, Current: 44, 151
[25Aug2026 12:01:51.986] [Server thread/INFO] [net.minecraft.server.MinecraftServer/]: [Chunky] Task running for minecraft:overworld. Processed: 79320 chunks (3.52%), ETA: 110:47:08, Rate: 5.5 cps, Current: 47, 134
[25Aug2026 12:01:53.016] [Server thread/INFO] [net.minecraft.server.MinecraftServer/]: [Chunky] Task running for minecraft:overworld. Processed: 79323 chunks (3.52%), ETA: 112:36:24, Rate: 5.4 cps, Current: 47, 137
[25Aug2026 12:01:54.062] [Server thread/INFO] [net.minecraft.server.MinecraftServer/]: [Chunky] Task running for minecraft:overworld. Processed: 79330 chunks (3.52%), ETA: 107:58:09, Rate: 5.6 cps, Current: 47, 144
[25Aug2026 12:01:57.404] [Server thread/INFO] [net.minecraft.server.MinecraftServer/]: [Chunky] Task running for minecraft:overworld. Processed: 79332 chunks (3.52%), ETA: 128:05:09, Rate: 4.7 cps, Current: 48, 145
[25Aug2026 12:01:59.094] [Server thread/INFO] [net.minecraft.server.MinecraftServer/]: [Chunky] Task running for minecraft:overworld. Processed: 79337 chunks (3.52%), ETA: 127:43:29, Rate: 4.7 cps, Current: 49, 145
[25Aug2026 12:02:00.324] [Server thread/INFO] [net.minecraft.server.MinecraftServer/]: [Chunky] Task running for minecraft:overworld. Processed: 79341 chunks (3.52%), ETA: 129:22:48, Rate: 4.7 cps, Current: 53, 145
[25Aug2026 12:02:01.367] [Server thread/INFO] [net.minecraft.server.MinecraftServer/]: [Chunky] Task running for minecraft:overworld. Processed: 79344 chunks (3.52%), ETA: 129:41:19, Rate: 4.7 cps, Current: 52, 146
[25Aug2026 12:02:02.405] [Server thread/INFO] [net.minecraft.server.MinecraftServer/]: [Chunky] Task running for minecraft:overworld. Processed: 79348 chunks (3.52%), ETA: 128:42:46, Rate: 4.7 cps, Current: 47, 147
[25Aug2026 12:02:03.569] [Server thread/INFO] [net.minecraft.server.MinecraftServer/]: [Chunky] Task running for minecraft:overworld. Processed: 79353 chunks (3.52%), ETA: 123:24:26, Rate: 4.9 cps, Current: 47, 148
[25Aug2026 12:02:04.722] [Server thread/INFO] [net.minecraft.server.MinecraftServer/]: [Chunky] Task running for minecraft:overworld. Processed: 79357 chunks (3.52%), ETA: 125:50:09, Rate: 4.8 cps, Current: 53, 148
[25Aug2026 12:02:05.941] [Server thread/INFO] [net.minecraft.server.MinecraftServer/]: [Chunky] Task running for minecraft:overworld. Processed: 79366 chunks (3.52%), ETA: 118:38:09, Rate: 5.1 cps, Current: 50, 148
[25Aug2026 12:02:06.954] [Server thread/INFO] [net.minecraft.server.MinecraftServer/]: [Chunky] Task running for minecraft:overworld. Processed: 79378 chunks (3.52%), ETA: 113:25:48, Rate: 5.3 cps, Current: 54, 150
[25Aug2026 12:02:08.053] [Server thread/INFO] [net.minecraft.server.MinecraftServer/]: [Chunky] Task running for minecraft:overworld. Processed: 79385 chunks (3.52%), ETA: 113:40:04, Rate: 5.3 cps, Current: 48, 152
[25Aug2026 12:02:09.074] [Server thread/INFO] [net.minecraft.server.MinecraftServer/]: [Chunky] Task running for minecraft:overworld. Processed: 79391 chunks (3.52%), ETA: 107:44:17, Rate: 5.6 cps, Current: 49, 153
[25Aug2026 12:02:10.133] [Server thread/INFO] [net.minecraft.server.MinecraftServer/]: [Chunky] Task running for minecraft:overworld. Processed: 79400 chunks (3.52%), ETA: 105:44:54, Rate: 5.7 cps, Current: 47, 157
[25Aug2026 12:02:11.527] [Server thread/INFO] [net.minecraft.server.MinecraftServer/]: [Chunky] Task running for minecraft:overworld. Processed: 79406 chunks (3.52%), ETA: 107:45:46, Rate: 5.6 cps, Current: 49, 155
[25Aug2026 12:02:12.908] [Server thread/INFO] [net.minecraft.server.MinecraftServer/]: [Chunky] Task running for minecraft:overworld. Processed: 79414 chunks (3.52%), ETA: 106:46:24, Rate: 5.7 cps, Current: 51, 155
[25Aug2026 12:02:14.221] [Server thread/INFO] [net.minecraft.server.MinecraftServer/]: [Chunky] Task running for minecraft:overworld. Processed: 79424 chunks (3.53%), ETA: 93:59:55, Rate: 6.4 cps, Current: 52, 157
[25Aug2026 12:02:15.272] [Server thread/INFO] [net.minecraft.server.MinecraftServer/]: [Chunky] Task running for minecraft:overworld. Processed: 79427 chunks (3.53%), ETA: 96:00:35, Rate: 6.3 cps, Current: 53, 156
[25Aug2026 12:02:16.528] [Server thread/INFO] [net.minecraft.server.MinecraftServer/]: [Chunky] Task running for minecraft:overworld. Processed: 79444 chunks (3.53%), ETA: 91:27:39, Rate: 6.6 cps, Current: 54, 156
[25Aug2026 12:02:19.485] [Server thread/INFO] [net.minecraft.server.MinecraftServer/]: [Chunky] Task running for minecraft:overworld. Processed: 79447 chunks (3.53%), ETA: 93:34:15, Rate: 6.5 cps, Current: 36, 159
[25Aug2026 12:02:20.792] [Server thread/INFO] [net.minecraft.server.MinecraftServer/]: [Chunky] Task running for minecraft:overworld. Processed: 79453 chunks (3.53%), ETA: 96:15:58, Rate: 6.3 cps, Current: 55, 153
[25Aug2026 12:02:22.256] [Server thread/INFO] [net.minecraft.server.MinecraftServer/]: [Chunky] Task running for minecraft:overworld. Processed: 79461 chunks (3.53%), ETA: 127:00:25, Rate: 4.8 cps, Current: 55, 155
[25Aug2026 12:02:23.276] [Server thread/INFO] [net.minecraft.server.MinecraftServer/]: [Chunky] Task running for minecraft:overworld. Processed: 79470 chunks (3.53%), ETA: 125:05:52, Rate: 4.8 cps, Current: 57, 157
[25Aug2026 12:02:24.467] [Server thread/INFO] [net.minecraft.server.MinecraftServer/]: [Chunky] Task running for minecraft:overworld. Processed: 79474 chunks (3.53%), ETA: 114:15:43, Rate: 5.3 cps, Current: 58, 158
[25Aug2026 12:02:26.199] [Worker-Main-19/WARN] [net.minecraft.world.level.levelgen.structure.pools.JigsawPlacement/]: Empty or non-existent pool: minecraft:minecraft_empty
[25Aug2026 12:02:26.206] [Worker-Main-19/WARN] [net.minecraft.world.level.levelgen.structure.pools.JigsawPlacement/]: Empty or non-existent pool: minecraft:minecraft_empty
[25Aug2026 12:02:26.207] [Worker-Main-19/WARN] [net.minecraft.world.level.levelgen.structure.pools.JigsawPlacement/]: Empty or non-existent pool: minecraft:minecraft_empty
[25Aug2026 12:02:26.207] [Worker-Main-19/WARN] [net.minecraft.world.level.levelgen.structure.pools.JigsawPlacement/]: Empty or non-existent pool: minecraft:minecraft_empty
[25Aug2026 12:02:27.723] [Server thread/INFO] [net.minecraft.server.MinecraftServer/]: [Chunky] Task running for minecraft:overworld. Processed: 79477 chunks (3.53%), ETA: 122:35:17, Rate: 4.9 cps, Current: 59, 157
[25Aug2026 12:02:28.933] [Server thread/INFO] [net.minecraft.server.MinecraftServer/]: [Chunky] Task running for minecraft:overworld. Processed: 79482 chunks (3.53%), ETA: 123:23:36, Rate: 4.9 cps, Current: 60, 157
[25Aug2026 12:02:30.826] [Server thread/INFO] [net.minecraft.server.MinecraftServer/]: [Chunky] Task running for minecraft:overworld. Processed: 79484 chunks (3.53%), ETA: 126:08:30, Rate: 4.8 cps, Current: 61, 158
[25Aug2026 12:02:31.836] [Server thread/INFO] [net.minecraft.server.MinecraftServer/]: [Chunky] Task running for minecraft:overworld. Processed: 79491 chunks (3.53%), ETA: 123:23:46, Rate: 4.9 cps, Current: 48, 144
[25Aug2026 12:02:32.977] [Server thread/INFO] [net.minecraft.server.MinecraftServer/]: [Chunky] Task running for minecraft:overworld. Processed: 79496 chunks (3.53%), ETA: 123:17:58, Rate: 4.9 cps, Current: 62, 156
[25Aug2026 12:02:34.133] [Server thread/INFO] [net.minecraft.server.MinecraftServer/]: [Chunky] Task running for minecraft:overworld. Processed: 79508 chunks (3.53%), ETA: 116:49:02, Rate: 5.2 cps, Current: 49, 144
[25Aug2026 12:02:35.569] [Server thread/INFO] [net.minecraft.server.MinecraftServer/]: [Chunky] Task running for minecraft:overworld. Processed: 79515 chunks (3.53%), ETA: 119:15:06, Rate: 5.1 cps, Current: 55, 151
[25Aug2026 12:02:36.746] [Server thread/INFO] [net.minecraft.server.MinecraftServer/]: [Chunky] Task running for minecraft:overworld. Processed: 79520 chunks (3.53%), ETA: 125:46:53, Rate: 4.8 cps, Current: 61, 150
[25Aug2026 12:02:37.879] [Server thread/INFO] [net.minecraft.server.MinecraftServer/]: [Chunky] Task running for minecraft:overworld. Processed: 79533 chunks (3.53%), ETA: 120:51:12, Rate: 5.0 cps, Current: 62, 149
[25Aug2026 12:02:38.883] [Server thread/INFO] [net.minecraft.server.MinecraftServer/]: [Chunky] Task running for minecraft:overworld. Processed: 79545 chunks (3.53%), ETA: 116:06:30, Rate: 5.2 cps, Current: 51, 144
[25Aug2026 12:02:39.903] [Server thread/INFO] [net.minecraft.server.MinecraftServer/]: [Chunky] Task running for minecraft:overworld. Processed: 79550 chunks (3.53%), ETA: 119:01:40, Rate: 5.1 cps, Current: 58, 148
[25Aug2026 12:02:41.069] [Server thread/INFO] [net.minecraft.server.MinecraftServer/]: [Chunky] Task running for minecraft:overworld. Processed: 79558 chunks (3.53%), ETA: 116:34:19, Rate: 5.2 cps, Current: 59, 147
[25Aug2026 12:02:42.417] [Server thread/INFO] [net.minecraft.server.MinecraftServer/]: [Chunky] Task running for minecraft:overworld. Processed: 79568 chunks (3.53%), ETA: 114:56:19, Rate: 5.3 cps, Current: 61, 148
[25Aug2026 12:02:43.452] [Server thread/INFO] [net.minecraft.server.MinecraftServer/]: [Chunky] Task running for minecraft:overworld. Processed: 79578 chunks (3.53%), ETA: 113:51:19, Rate: 5.3 cps, Current: 56, 144
[25Aug2026 12:02:44.875] [Server thread/INFO] [net.minecraft.server.MinecraftServer/]: [Chunky] Task running for minecraft:overworld. Processed: 79579 chunks (3.53%), ETA: 116:48:55, Rate: 5.2 cps, Current: 57, 144
[25Aug2026 12:02:46.246] [Server thread/INFO] [net.minecraft.server.MinecraftServer/]: [Chunky] Task running for minecraft:overworld. Processed: 79584 chunks (3.53%), ETA: 127:14:42, Rate: 4.7 cps, Current: 62, 145
[25Aug2026 12:02:47.790] [Server thread/INFO] [net.minecraft.server.MinecraftServer/]: [Chunky] Task running for minecraft:overworld. Processed: 79590 chunks (3.53%), ETA: 118:40:11, Rate: 5.1 cps, Current: 61, 141
[25Aug2026 12:02:49.881] [Server thread/INFO] [net.minecraft.server.MinecraftServer/]: [Chunky] Task running for minecraft:overworld. Processed: 79593 chunks (3.53%), ETA: 124:33:04, Rate: 4.8 cps, Current: 62, 140
[25Aug2026 12:02:51.230] [Server thread/INFO] [net.minecraft.server.MinecraftServer/]: [Chunky] Task running for minecraft:overworld. Processed: 79601 chunks (3.53%), ETA: 124:03:30, Rate: 4.9 cps, Current: 61, 137
[25Aug2026 12:02:52.323] [Server thread/INFO] [net.minecraft.server.MinecraftServer/]: [Chunky] Task running for minecraft:overworld. Processed: 79606 chunks (3.53%), ETA: 128:00:07, Rate: 4.7 cps, Current: 60, 139
[25Aug2026 12:02:53.932] [Server thread/INFO] [net.minecraft.server.MinecraftServer/]: [Chunky] Task running for minecraft:overworld. Processed: 79612 chunks (3.53%), ETA: 127:58:31, Rate: 4.7 cps, Current: 58, 139
[25Aug2026 12:02:55.055] [Server thread/INFO] [net.minecraft.server.MinecraftServer/]: [Chunky] Task running for minecraft:overworld. Processed: 79617 chunks (3.53%), ETA: 117:01:21, Rate: 5.2 cps, Current: 57, 137
[25Aug2026 12:02:56.058] [Server thread/INFO] [net.minecraft.server.MinecraftServer/]: [Chunky] Task running for minecraft:overworld. Processed: 79636 chunks (3.53%), ETA: 106:54:49, Rate: 5.6 cps, Current: 56, 159
[25Aug2026 12:02:57.396] [Server thread/INFO] [net.minecraft.server.MinecraftServer/]: [Chunky] Task running for minecraft:overworld. Processed: 79642 chunks (3.53%), ETA: 107:54:54, Rate: 5.6 cps, Current: 58, 159
[25Aug2026 12:02:58.538] [Server thread/INFO] [net.minecraft.server.MinecraftServer/]: [Chunky] Task running for minecraft:overworld. Processed: 79650 chunks (3.54%), ETA: 105:45:22, Rate: 5.7 cps, Current: 53, 141
[25Aug2026 12:02:59.678] [Server thread/INFO] [net.minecraft.server.MinecraftServer/]: [Chunky] Task running for minecraft:overworld. Processed: 79663 chunks (3.54%), ETA: 96:46:01, Rate: 6.2 cps, Current: 59, 159
[25Aug2026 12:03:00.940] [Server thread/INFO] [net.minecraft.server.MinecraftServer/]: [Chunky] Task running for minecraft:overworld. Processed: 79675 chunks (3.54%), ETA: 94:58:13, Rate: 6.4 cps, Current: 51, 140
[25Aug2026 12:03:01.718] [Server thread/WARN] [net.minecraft.world.level.chunk.LevelChunk/]: Tried to load a block entity for block Block{minecraft:smithing_table} but failed at location BlockPos{x=847, y=135, z=2338}
[25Aug2026 12:03:01.718] [Server thread/WARN] [net.minecraft.world.level.chunk.LevelChunk/]: Tried to load a block entity for block Block{minecraft:smithing_table} but failed at location BlockPos{x=843, y=143, z=2336}
[25Aug2026 12:03:02.110] [Server thread/INFO] [net.minecraft.server.MinecraftServer/]: [Chunky] Task running for minecraft:overworld. Processed: 79690 chunks (3.54%), ETA: 90:11:32, Rate: 6.7 cps, Current: 54, 139
[25Aug2026 12:03:02.723] [Server thread/WARN] [net.minecraft.world.level.chunk.LevelChunk/]: Tried to load a block entity for block Block{minecraft:fletching_table} but failed at location BlockPos{x=867, y=139, z=2312}
[25Aug2026 12:03:05.374] [Server thread/INFO] [net.minecraft.server.MinecraftServer/]: [Chunky] Task running for minecraft:overworld. Processed: 79706 chunks (3.54%), ETA: 93:42:50, Rate: 6.4 cps, Current: 53, 136
[25Aug2026 12:03:06.403] [Server thread/INFO] [net.minecraft.server.MinecraftServer/]: [Chunky] Task running for minecraft:overworld. Processed: 79719 chunks (3.54%), ETA: 89:31:05, Rate: 6.7 cps, Current: 50, 135
[25Aug2026 12:03:07.508] [Server thread/INFO] [net.minecraft.server.MinecraftServer/]: [Chunky] Task running for minecraft:overworld. Processed: 79734 chunks (3.54%), ETA: 88:32:40, Rate: 6.8 cps, Current: 54, 132
[25Aug2026 12:03:08.533] [Server thread/INFO] [net.minecraft.server.MinecraftServer/]: [Chunky] Task running for minecraft:overworld. Processed: 79743 chunks (3.54%), ETA: 89:56:33, Rate: 6.7 cps, Current: 51, 132
[25Aug2026 12:03:09.935] [Server thread/INFO] [net.minecraft.server.MinecraftServer/]: [Chunky] Task running for minecraft:overworld. Processed: 79772 chunks (3.54%), ETA: 81:02:58, Rate: 7.4 cps, Current: 55, 128
[25Aug2026 12:03:11.204] [Server thread/INFO] [net.minecraft.server.MinecraftServer/]: [Chunky] Task running for minecraft:overworld. Processed: 79790 chunks (3.54%), ETA: 77:55:39, Rate: 7.7 cps, Current: 57, 129
[25Aug2026 12:03:11.319] [Server thread/WARN] [net.minecraft.world.level.chunk.LevelChunk/]: Tried to load a block entity for block Block{minecraft:smithing_table} but failed at location BlockPos{x=814, y=116, z=2222}
[25Aug2026 12:03:11.320] [Server thread/WARN] [net.minecraft.world.level.chunk.LevelChunk/]: Tried to load a block entity for block Block{minecraft:smithing_table} but failed at location BlockPos{x=810, y=108, z=2220}
[25Aug2026 12:03:12.355] [Server thread/INFO] [net.minecraft.server.MinecraftServer/]: [Chunky] Task running for minecraft:overworld. Processed: 79801 chunks (3.54%), ETA: 77:13:59, Rate: 7.8 cps, Current: 58, 135
[25Aug2026 12:03:13.417] [Server thread/INFO] [net.minecraft.server.MinecraftServer/]: [Chunky] Task running for minecraft:overworld. Processed: 79814 chunks (3.54%), ETA: 76:19:26, Rate: 7.9 cps, Current: 59, 132
[25Aug2026 12:03:14.708] [Server thread/INFO] [net.minecraft.server.MinecraftServer/]: [Chunky] Task running for minecraft:overworld. Processed: 79830 chunks (3.54%), ETA: 71:27:50, Rate: 8.4 cps, Current: 61, 134
[25Aug2026 12:03:16.118] [Server thread/INFO] [net.minecraft.server.MinecraftServer/]: [Chunky] Task running for minecraft:overworld. Processed: 79850 chunks (3.54%), ETA: 67:32:12, Rate: 8.9 cps, Current: 63, 130
[25Aug2026 12:03:17.217] [Server thread/INFO] [net.minecraft.server.MinecraftServer/]: [Chunky] Task running for minecraft:overworld. Processed: 79855 chunks (3.54%), ETA: 66:46:50, Rate: 9.0 cps, Current: 64, 131
[25Aug2026 12:03:20.171] [Server thread/INFO] [net.minecraft.server.MinecraftServer/]: [Chunky] Task running for minecraft:overworld. Processed: 79866 chunks (3.54%), ETA: 65:40:38, Rate: 9.2 cps, Current: 66, 132
[25Aug2026 12:03:21.526] [Server thread/INFO] [net.minecraft.server.MinecraftServer/]: [Chunky] Task running for minecraft:overworld. Processed: 79869 chunks (3.55%), ETA: 66:46:26, Rate: 9.0 cps, Current: 63, 134
[25Aug2026 12:03:22.889] [Server thread/INFO] [net.minecraft.server.MinecraftServer/]: [Chunky] Task running for minecraft:overworld. Processed: 79880 chunks (3.55%), ETA: 64:58:49, Rate: 9.3 cps, Current: 63, 140
[25Aug2026 12:03:24.079] [Server thread/INFO] [net.minecraft.server.MinecraftServer/]: [Chunky] Task running for minecraft:overworld. Processed: 79888 chunks (3.55%), ETA: 64:24:51, Rate: 9.4 cps, Current: 63, 148
[25Aug2026 12:03:25.090] [Server thread/INFO] [net.minecraft.server.MinecraftServer/]: [Chunky] Task running for minecraft:overworld. Processed: 79898 chunks (3.55%), ETA: 66:38:04, Rate: 9.1 cps, Current: 63, 149
[25Aug2026 12:03:26.174] [Server thread/INFO] [net.minecraft.server.MinecraftServer/]: [Chunky] Task running for minecraft:overworld. Processed: 79915 chunks (3.55%), ETA: 63:23:49, Rate: 9.5 cps, Current: 73, 128
[25Aug2026 12:03:27.186] [Server thread/INFO] [net.minecraft.server.MinecraftServer/]: [Chunky] Task running for minecraft:overworld. Processed: 79927 chunks (3.55%), ETA: 62:52:29, Rate: 9.6 cps, Current: 64, 134
[25Aug2026 12:03:28.284] [Server thread/INFO] [net.minecraft.server.MinecraftServer/]: [Chunky] Task running for minecraft:overworld. Processed: 79933 chunks (3.55%), ETA: 63:13:25, Rate: 9.5 cps, Current: 70, 131
[25Aug2026 12:03:29.302] [Server thread/INFO] [net.minecraft.server.MinecraftServer/]: [Chunky] Task running for minecraft:overworld. Processed: 79945 chunks (3.55%), ETA: 63:11:12, Rate: 9.6 cps, Current: 73, 132
[25Aug2026 12:03:30.338] [Server thread/INFO] [net.minecraft.server.MinecraftServer/]: [Chunky] Task running for minecraft:overworld. Processed: 79950 chunks (3.55%), ETA: 64:17:49, Rate: 9.4 cps, Current: 76, 133
[25Aug2026 12:03:32.511] [Server thread/INFO] [net.minecraft.server.MinecraftServer/]: [Chunky] Task running for minecraft:overworld. Processed: 79962 chunks (3.55%), ETA: 63:44:14, Rate: 9.5 cps, Current: 69, 134
[25Aug2026 12:03:33.517] [Server thread/INFO] [net.minecraft.server.MinecraftServer/]: [Chunky] Task running for minecraft:overworld. Processed: 79974 chunks (3.55%), ETA: 63:09:03, Rate: 9.6 cps, Current: 73, 134
[25Aug2026 12:03:34.780] [Server thread/INFO] [net.minecraft.server.MinecraftServer/]: [Chunky] Task running for minecraft:overworld. Processed: 79983 chunks (3.55%), ETA: 63:50:47, Rate: 9.5 cps, Current: 73, 136
[25Aug2026 12:03:35.856] [Server thread/INFO] [net.minecraft.server.MinecraftServer/]: [Chunky] Task running for minecraft:overworld. Processed: 79991 chunks (3.55%), ETA: 65:07:18, Rate: 9.3 cps, Current: 77, 135
[25Aug2026 12:03:37.618] [Server thread/INFO] [net.minecraft.server.MinecraftServer/]: [Chunky] Task running for minecraft:overworld. Processed: 79995 chunks (3.55%), ETA: 69:23:38, Rate: 8.7 cps, Current: 78, 128
[25Aug2026 12:03:38.828] [Server thread/INFO] [net.minecraft.server.MinecraftServer/]: [Chunky] Task running for minecraft:overworld. Processed: 80001 chunks (3.55%), ETA: 75:49:36, Rate: 8.0 cps, Current: 77, 138
[25Aug2026 12:03:40.301] [Server thread/INFO] [net.minecraft.server.MinecraftServer/]: [Chunky] Task running for minecraft:overworld. Processed: 80008 chunks (3.55%), ETA: 80:11:40, Rate: 7.5 cps, Current: 76, 140
[25Aug2026 12:03:41.977] [Server thread/INFO] [net.minecraft.server.MinecraftServer/]: [Chunky] Task running for minecraft:overworld. Processed: 80019 chunks (3.55%), ETA: 81:38:38, Rate: 7.4 cps, Current: 75, 141
[25Aug2026 12:03:43.304] [Server thread/INFO] [net.minecraft.server.MinecraftServer/]: [Chunky] Task running for minecraft:overworld. Processed: 80026 chunks (3.55%), ETA: 84:41:40, Rate: 7.1 cps, Current: 72, 139
[25Aug2026 12:03:44.509] [Server thread/INFO] [net.minecraft.server.MinecraftServer/]: [Chunky] Task running for minecraft:overworld. Processed: 80029 chunks (3.55%), ETA: 89:56:23, Rate: 6.7 cps, Current: 78, 136
[25Aug2026 12:03:45.623] [Server thread/INFO] [net.minecraft.server.MinecraftServer/]: [Chunky] Task running for minecraft:overworld. Processed: 80047 chunks (3.55%), ETA: 89:56:43, Rate: 6.7 cps, Current: 78, 141
[25Aug2026 12:03:46.726] [Server thread/INFO] [net.minecraft.server.MinecraftServer/]: [Chunky] Task running for minecraft:overworld. Processed: 80068 chunks (3.55%), ETA: 83:13:51, Rate: 7.3 cps, Current: 78, 142
[25Aug2026 12:03:48.025] [Server thread/INFO] [net.minecraft.server.MinecraftServer/]: [Chunky] Task running for minecraft:overworld. Processed: 80086 chunks (3.55%), ETA: 76:04:25, Rate: 7.9 cps, Current: 74, 142
[25Aug2026 12:03:49.395] [Server thread/INFO] [net.minecraft.server.MinecraftServer/]: [Chunky] Task running for minecraft:overworld. Processed: 80101 chunks (3.56%), ETA: 74:44:31, Rate: 8.1 cps, Current: 65, 143
[25Aug2026 12:03:50.419] [Server thread/INFO] [net.minecraft.server.MinecraftServer/]: [Chunky] Task running for minecraft:overworld. Processed: 80110 chunks (3.56%), ETA: 72:03:47, Rate: 8.4 cps, Current: 67, 144
[25Aug2026 12:03:51.907] [Server thread/INFO] [net.minecraft.server.MinecraftServer/]: [Chunky] Task running for minecraft:overworld. Processed: 80113 chunks (3.56%), ETA: 74:50:47, Rate: 8.1 cps, Current: 67, 145
[25Aug2026 12:03:53.432] [Server thread/INFO] [net.minecraft.server.MinecraftServer/]: [Chunky] Task running for minecraft:overworld. Processed: 80128 chunks (3.56%), ETA: 73:30:48, Rate: 8.2 cps, Current: 68, 147
[25Aug2026 12:03:54.472] [Server thread/INFO] [net.minecraft.server.MinecraftServer/]: [Chunky] Task running for minecraft:overworld. Processed: 80130 chunks (3.56%), ETA: 76:06:45, Rate: 7.9 cps, Current: 69, 147
[25Aug2026 12:03:56.119] [Server thread/INFO] [net.minecraft.server.MinecraftServer/]: [Chunky] Task running for minecraft:overworld. Processed: 80144 chunks (3.56%), ETA: 78:35:05, Rate: 7.7 cps, Current: 70, 147
[25Aug2026 12:03:57.132] [Server thread/INFO] [net.minecraft.server.MinecraftServer/]: [Chunky] Task running for minecraft:overworld. Processed: 80158 chunks (3.56%), ETA: 77:54:25, Rate: 7.7 cps, Current: 79, 129
[25Aug2026 12:03:58.435] [Server thread/INFO] [net.minecraft.server.MinecraftServer/]: [Chunky] Task running for minecraft:overworld. Processed: 80165 chunks (3.56%), ETA: 79:33:50, Rate: 7.6 cps, Current: 64, 154
[25Aug2026 12:03:59.506] [Server thread/INFO] [net.minecraft.server.MinecraftServer/]: [Chunky] Task running for minecraft:overworld. Processed: 80172 chunks (3.56%), ETA: 78:56:42, Rate: 7.6 cps, Current: 65, 155
[25Aug2026 12:04:00.510] [Server thread/INFO] [net.minecraft.server.MinecraftServer/]: [Chunky] Task running for minecraft:overworld. Processed: 80179 chunks (3.56%), ETA: 77:31:08, Rate: 7.8 cps, Current: 66, 157
[25Aug2026 12:04:02.077] [Server thread/INFO] [net.minecraft.server.MinecraftServer/]: [Chunky] Task running for minecraft:overworld. Processed: 80182 chunks (3.56%), ETA: 80:44:45, Rate: 7.5 cps, Current: 67, 155
[25Aug2026 12:04:03.468] [Server thread/INFO] [net.minecraft.server.MinecraftServer/]: [Chunky] Task running for minecraft:overworld. Processed: 80192 chunks (3.56%), ETA: 82:32:28, Rate: 7.3 cps, Current: 68, 157
[25Aug2026 12:04:04.504] [Server thread/INFO] [net.minecraft.server.MinecraftServer/]: [Chunky] Task running for minecraft:overworld. Processed: 80199 chunks (3.56%), ETA: 82:40:33, Rate: 7.3 cps, Current: 68, 154
[25Aug2026 12:04:06.072] [Server thread/INFO] [net.minecraft.server.MinecraftServer/]: [Chunky] Task running for minecraft:overworld. Processed: 80212 chunks (3.56%), ETA: 78:46:38, Rate: 7.7 cps, Current: 70, 158
[25Aug2026 12:04:07.423] [Server thread/INFO] [net.minecraft.server.MinecraftServer/]: [Chunky] Task running for minecraft:overworld. Processed: 80221 chunks (3.56%), ETA: 79:14:45, Rate: 7.6 cps, Current: 72, 143
[25Aug2026 12:04:08.908] [Server thread/INFO] [net.minecraft.server.MinecraftServer/]: [Chunky] Task running for minecraft:overworld. Processed: 80226 chunks (3.56%), ETA: 78:50:29, Rate: 7.7 cps, Current: 73, 152
[25Aug2026 12:04:10.390] [Server thread/INFO] [net.minecraft.server.MinecraftServer/]: [Chunky] Task running for minecraft:overworld. Processed: 80229 chunks (3.56%), ETA: 81:16:22, Rate: 7.4 cps, Current: 73, 153
[25Aug2026 12:04:11.626] [Server thread/INFO] [net.minecraft.server.MinecraftServer/]: [Chunky] Task running for minecraft:overworld. Processed: 80236 chunks (3.56%), ETA: 82:05:06, Rate: 7.4 cps, Current: 71, 156
[25Aug2026 12:04:13.438] [Server thread/INFO] [net.minecraft.server.MinecraftServer/]: [Chunky] Task running for minecraft:overworld. Processed: 80245 chunks (3.56%), ETA: 80:27:37, Rate: 7.5 cps, Current: 74, 154
[25Aug2026 12:04:14.778] [Server thread/INFO] [net.minecraft.server.MinecraftServer/]: [Chunky] Task running for minecraft:overworld. Processed: 80255 chunks (3.56%), ETA: 84:11:32, Rate: 7.2 cps, Current: 76, 143
[25Aug2026 12:04:15.892] [Server thread/INFO] [net.minecraft.server.MinecraftServer/]: [Chunky] Task running for minecraft:overworld. Processed: 80256 chunks (3.56%), ETA: 93:08:00, Rate: 6.5 cps, Current: 74, 157
[25Aug2026 12:04:17.045] [Server thread/INFO] [net.minecraft.server.MinecraftServer/]: [Chunky] Task running for minecraft:overworld. Processed: 80266 chunks (3.56%), ETA: 96:45:57, Rate: 6.2 cps, Current: 76, 154
[25Aug2026 12:04:18.066] [Server thread/INFO] [net.minecraft.server.MinecraftServer/]: [Chunky] Task running for minecraft:overworld. Processed: 80274 chunks (3.56%), ETA: 99:26:52, Rate: 6.1 cps, Current: 75, 158
[25Aug2026 12:04:19.370] [Server thread/INFO] [net.minecraft.server.MinecraftServer/]: [Chunky] Task running for minecraft:overworld. Processed: 80275 chunks (3.56%), ETA: 103:22:36, Rate: 5.8 cps, Current: 76, 158
[25Aug2026 12:04:20.642] [Server thread/INFO] [net.minecraft.server.MinecraftServer/]: [Chunky] Task running for minecraft:overworld. Processed: 80277 chunks (3.56%), ETA: 105:06:36, Rate: 5.7 cps, Current: 78, 151
[25Aug2026 12:04:22.592] [Server thread/INFO] [net.minecraft.server.MinecraftServer/]: [Chunky] Task running for minecraft:overworld. Processed: 80282 chunks (3.56%), ETA: 113:32:31, Rate: 5.3 cps, Current: 77, 149
[25Aug2026 12:04:23.636] [Server thread/INFO] [net.minecraft.server.MinecraftServer/]: [Chunky] Task running for minecraft:overworld. Processed: 80321 chunks (3.57%), ETA: 91:40:09, Rate: 6.6 cps, Current: 75, 145
[25Aug2026 12:04:24.735] [Server thread/INFO] [net.minecraft.server.MinecraftServer/]: [Chunky] Task running for minecraft:overworld. Processed: 80348 chunks (3.57%), ETA: 84:14:41, Rate: 7.2 cps, Current: 79, 138
[25Aug2026 12:04:27.231] [Server thread/INFO] [net.minecraft.server.MinecraftServer/]: [Chunky] Task running for minecraft:overworld. Processed: 80356 chunks (3.57%), ETA: 90:30:51, Rate: 6.7 cps, Current: 80, 145
[25Aug2026 12:04:28.451] [Server thread/INFO] [net.minecraft.server.MinecraftServer/]: [Chunky] Task running for minecraft:overworld. Processed: 80360 chunks (3.57%), ETA: 92:25:24, Rate: 6.5 cps, Current: 81, 145
[25Aug2026 12:04:29.686] [Server thread/INFO] [net.minecraft.server.MinecraftServer/]: [Chunky] Task running for minecraft:overworld. Processed: 80365 chunks (3.57%), ETA: 94:09:37, Rate: 6.4 cps, Current: 85, 145
[25Aug2026 12:04:30.936] [Server thread/INFO] [net.minecraft.server.MinecraftServer/]: [Chunky] Task running for minecraft:overworld. Processed: 80371 chunks (3.57%), ETA: 91:39:59, Rate: 6.6 cps, Current: 79, 147
[25Aug2026 12:04:32.542] [Server thread/INFO] [net.minecraft.server.MinecraftServer/]: [Chunky] Task running for minecraft:overworld. Processed: 80380 chunks (3.57%), ETA: 92:50:27, Rate: 6.5 cps, Current: 84, 148
[25Aug2026 12:04:33.706] [Server thread/INFO] [net.minecraft.server.MinecraftServer/]: [Chunky] Task running for minecraft:overworld. Processed: 80388 chunks (3.57%), ETA: 92:45:19, Rate: 6.5 cps, Current: 83, 149
[25Aug2026 12:04:34.845] [Server thread/INFO] [net.minecraft.server.MinecraftServer/]: [Chunky] Task running for minecraft:overworld. Processed: 80406 chunks (3.57%), ETA: 89:02:54, Rate: 6.8 cps, Current: 80, 151
[25Aug2026 12:04:36.208] [Server thread/INFO] [net.minecraft.server.MinecraftServer/]: [Chunky] Task running for minecraft:overworld. Processed: 80417 chunks (3.57%), ETA: 88:10:50, Rate: 6.8 cps, Current: 79, 154
[25Aug2026 12:04:37.222] [Server thread/INFO] [net.minecraft.server.MinecraftServer/]: [Chunky] Task running for minecraft:overworld. Processed: 80427 chunks (3.57%), ETA: 86:52:36, Rate: 6.9 cps, Current: 80, 157
[25Aug2026 12:04:38.577] [Server thread/INFO] [net.minecraft.server.MinecraftServer/]: [Chunky] Task running for minecraft:overworld. Processed: 80439 chunks (3.57%), ETA: 83:40:04, Rate: 7.2 cps, Current: 83, 151
[25Aug2026 12:04:39.634] [Server thread/INFO] [net.minecraft.server.MinecraftServer/]: [Chunky] Task running for minecraft:overworld. Processed: 80448 chunks (3.57%), ETA: 80:13:11, Rate: 7.5 cps, Current: 84, 156
[25Aug2026 12:04:40.697] [Server thread/INFO] [net.minecraft.server.MinecraftServer/]: [Chunky] Task running for minecraft:overworld. Processed: 80463 chunks (3.57%), ETA: 76:56:48, Rate: 7.8 cps, Current: 86, 151
[25Aug2026 12:04:43.106] [Server thread/INFO] [net.minecraft.server.MinecraftServer/]: [Chunky] Task running for minecraft:overworld. Processed: 80471 chunks (3.57%), ETA: 78:52:21, Rate: 7.7 cps, Current: 68, 159
[25Aug2026 12:04:44.122] [Server thread/INFO] [net.minecraft.server.MinecraftServer/]: [Chunky] Task running for minecraft:overworld. Processed: 80481 chunks (3.57%), ETA: 78:00:38, Rate: 7.7 cps, Current: 88, 154
[25Aug2026 12:04:45.268] [Server thread/INFO] [net.minecraft.server.MinecraftServer/]: [Chunky] Task running for minecraft:overworld. Processed: 80491 chunks (3.57%), ETA: 75:07:11, Rate: 8.0 cps, Current: 88, 157
[25Aug2026 12:04:47.482] [Server thread/INFO] [net.minecraft.server.MinecraftServer/]: [Chunky] Task running for minecraft:overworld. Processed: 80501 chunks (3.57%), ETA: 77:51:30, Rate: 7.8 cps, Current: 91, 157
[25Aug2026 12:04:49.183] [Server thread/INFO] [net.minecraft.server.MinecraftServer/]: [Chunky] Task running for minecraft:overworld. Processed: 80511 chunks (3.57%), ETA: 75:54:44, Rate: 7.9 cps, Current: 93, 158
[25Aug2026 12:04:50.272] [Server thread/INFO] [net.minecraft.server.MinecraftServer/]: [Chunky] Task running for minecraft:overworld. Processed: 80521 chunks (3.57%), ETA: 72:58:57, Rate: 8.3 cps, Current: 93, 155
[25Aug2026 12:04:51.294] [Server thread/INFO] [net.minecraft.server.MinecraftServer/]: [Chunky] Task running for minecraft:overworld. Processed: 80533 chunks (3.57%), ETA: 68:43:48, Rate: 8.8 cps, Current: 87, 152
[25Aug2026 12:04:52.437] [Server thread/INFO] [net.minecraft.server.MinecraftServer/]: [Chunky] Task running for minecraft:overworld. Processed: 80540 chunks (3.57%), ETA: 69:32:16, Rate: 8.7 cps, Current: 93, 152
[25Aug2026 12:04:53.508] [Server thread/INFO] [net.minecraft.server.MinecraftServer/]: [Chunky] Task running for minecraft:overworld. Processed: 80556 chunks (3.58%), ETA: 76:23:09, Rate: 7.9 cps, Current: 87, 149
[25Aug2026 12:04:54.692] [Server thread/INFO] [net.minecraft.server.MinecraftServer/]: [Chunky] Task running for minecraft:overworld. Processed: 80569 chunks (3.58%), ETA: 81:25:51, Rate: 7.4 cps, Current: 87, 147
[25Aug2026 12:04:55.988] [Server thread/INFO] [net.minecraft.server.MinecraftServer/]: [Chunky] Task running for minecraft:overworld. Processed: 80581 chunks (3.58%), ETA: 76:47:06, Rate: 7.9 cps, Current: 91, 148
[25Aug2026 12:04:57.144] [Server thread/INFO] [net.minecraft.server.MinecraftServer/]: [Chunky] Task running for minecraft:overworld. Processed: 80597 chunks (3.58%), ETA: 74:35:25, Rate: 8.1 cps, Current: 82, 144
[25Aug2026 12:04:58.345] [Server thread/INFO] [net.minecraft.server.MinecraftServer/]: [Chunky] Task running for minecraft:overworld. Processed: 80606 chunks (3.58%), ETA: 73:02:10, Rate: 8.3 cps, Current: 91, 144
[25Aug2026 12:04:59.482] [Server thread/DEBUG] [net.minecraftforge.common.ForgeHooks/WP]: Gathering id map for writing to world save world
[25Aug2026 12:04:59.498] [Server thread/DEBUG] [net.minecraftforge.common.ForgeHooks/WP]: ID Map collection complete world
[25Aug2026 12:04:59.630] [Server thread/INFO] [net.minecraft.server.MinecraftServer/]: [Chunky] Task running for minecraft:overworld. Processed: 80611 chunks (3.58%), ETA: 73:09:20, Rate: 8.2 cps, Current: 94, 144
[25Aug2026 12:05:02.200] [Server thread/INFO] [net.minecraft.server.MinecraftServer/]: [Chunky] Task running for minecraft:overworld. Processed: 80617 chunks (3.58%), ETA: 75:11:48, Rate: 8.0 cps, Current: 94, 140
[25Aug2026 12:05:03.390] [Server thread/INFO] [net.minecraft.server.MinecraftServer/]: [Chunky] Task running for minecraft:overworld. Processed: 80628 chunks (3.58%), ETA: 74:19:31, Rate: 8.1 cps, Current: 92, 142
[25Aug2026 12:05:04.746] [Server thread/INFO] [net.minecraft.server.MinecraftServer/]: [Chunky] Task running for minecraft:overworld. Processed: 80636 chunks (3.58%), ETA: 78:06:34, Rate: 7.7 cps, Current: 90, 138
[25Aug2026 12:05:05.756] [Server thread/INFO] [net.minecraft.server.MinecraftServer/]: [Chunky] Task running for minecraft:overworld. Processed: 80643 chunks (3.58%), ETA: 78:32:50, Rate: 7.7 cps, Current: 89, 140
[25Aug2026 12:05:06.904] [Server thread/INFO] [net.minecraft.server.MinecraftServer/]: [Chunky] Task running for minecraft:overworld. Processed: 80665 chunks (3.58%), ETA: 74:56:27, Rate: 8.1 cps, Current: 88, 142
[25Aug2026 12:05:07.907] [Server thread/INFO] [net.minecraft.server.MinecraftServer/]: [Chunky] Task running for minecraft:overworld. Processed: 80681 chunks (3.58%), ETA: 72:49:58, Rate: 8.3 cps, Current: 81, 143
[25Aug2026 12:05:09.029] [Server thread/INFO] [net.minecraft.server.MinecraftServer/]: [Chunky] Task running for minecraft:overworld. Processed: 80699 chunks (3.58%), ETA: 70:23:12, Rate: 8.6 cps, Current: 84, 140
[25Aug2026 12:05:10.036] [Server thread/INFO] [net.minecraft.server.MinecraftServer/]: [Chunky] Task running for minecraft:overworld. Processed: 80721 chunks (3.58%), ETA: 68:21:11, Rate: 8.8 cps, Current: 80, 137
[25Aug2026 12:05:12.132] [Server thread/INFO] [net.minecraft.server.MinecraftServer/]: [Chunky] Task running for minecraft:overworld. Processed: 80730 chunks (3.58%), ETA: 67:21:48, Rate: 9.0 cps, Current: 80, 136
[25Aug2026 12:05:13.138] [Server thread/INFO] [net.minecraft.server.MinecraftServer/]: [Chunky] Task running for minecraft:overworld. Processed: 80755 chunks (3.58%), ETA: 63:39:59, Rate: 9.5 cps, Current: 84, 133
[25Aug2026 12:05:14.304] [Server thread/INFO] [net.minecraft.server.MinecraftServer/]: [Chunky] Task running for minecraft:overworld. Processed: 80793 chunks (3.59%), ETA: 57:49:19, Rate: 10.4 cps, Current: 87, 128
[25Aug2026 12:05:15.336] [Server thread/INFO] [net.minecraft.server.MinecraftServer/]: [Chunky] Task running for minecraft:overworld. Processed: 80814 chunks (3.59%), ETA: 53:31:28, Rate: 11.3 cps, Current: 89, 130
[25Aug2026 12:05:16.493] [Server thread/INFO] [net.minecraft.server.MinecraftServer/]: [Chunky] Task running for minecraft:overworld. Processed: 80833 chunks (3.59%), ETA: 52:33:59, Rate: 11.5 cps, Current: 91, 134
[25Aug2026 12:05:17.509] [Server thread/INFO] [net.minecraft.server.MinecraftServer/]: [Chunky] Task running for minecraft:overworld. Processed: 80852 chunks (3.59%), ETA: 49:58:27, Rate: 12.1 cps, Current: 93, 128
[25Aug2026 12:05:18.528] [Server thread/INFO] [net.minecraft.server.MinecraftServer/]: [Chunky] Task running for minecraft:overworld. Processed: 80870 chunks (3.59%), ETA: 49:10:58, Rate: 12.3 cps, Current: 95, 129
[25Aug2026 12:05:19.554] [Server thread/INFO] [net.minecraft.server.MinecraftServer/]: [Chunky] Task running for minecraft:overworld. Processed: 80879 chunks (3.59%), ETA: 49:12:50, Rate: 12.3 cps, Current: 96, 131
[25Aug2026 12:05:20.643] [Server thread/INFO] [net.minecraft.server.MinecraftServer/]: [Chunky] Task running for minecraft:overworld. Processed: 80887 chunks (3.59%), ETA: 49:53:01, Rate: 12.1 cps, Current: 98, 132
[25Aug2026 12:05:21.867] [Server thread/INFO] [net.minecraft.server.MinecraftServer/]: [Chunky] Task running for minecraft:overworld. Processed: 80893 chunks (3.59%), ETA: 50:09:39, Rate: 12.0 cps, Current: 95, 134
[25Aug2026 12:05:23.054] [Server thread/INFO] [net.minecraft.server.MinecraftServer/]: [Chunky] Task running for minecraft:overworld. Processed: 80906 chunks (3.59%), ETA: 50:47:19, Rate: 11.9 cps, Current: 95, 142
[25Aug2026 12:05:24.092] [Server thread/INFO] [net.minecraft.server.MinecraftServer/]: [Chunky] Task running for minecraft:overworld. Processed: 80921 chunks (3.59%), ETA: 50:15:04, Rate: 12.0 cps, Current: 95, 155
[25Aug2026 12:05:25.143] [Server thread/INFO] [net.minecraft.server.MinecraftServer/]: [Chunky] Task running for minecraft:overworld. Processed: 80937 chunks (3.59%), ETA: 49:16:25, Rate: 12.2 cps, Current: 103, 129
[25Aug2026 12:05:26.280] [Server thread/INFO] [net.minecraft.server.MinecraftServer/]: [Chunky] Task running for minecraft:overworld. Processed: 80948 chunks (3.59%), ETA: 49:56:26, Rate: 12.1 cps, Current: 109, 129
[25Aug2026 12:05:27.554] [Server thread/INFO] [net.minecraft.server.MinecraftServer/]: [Chunky] Task running for minecraft:overworld. Processed: 80959 chunks (3.59%), ETA: 49:46:58, Rate: 12.1 cps, Current: 108, 131
[25Aug2026 12:05:28.777] [Server thread/INFO] [net.minecraft.server.MinecraftServer/]: [Chunky] Task running for minecraft:overworld. Processed: 80973 chunks (3.59%), ETA: 48:26:42, Rate: 12.5 cps, Current: 102, 133
[25Aug2026 12:05:29.981] [Server thread/INFO] [net.minecraft.server.MinecraftServer/]: [Chunky] Task running for minecraft:overworld. Processed: 80989 chunks (3.59%), ETA: 44:56:11, Rate: 13.4 cps, Current: 97, 135
[25Aug2026 12:05:31.178] [Server thread/INFO] [net.minecraft.server.MinecraftServer/]: [Chunky] Task running for minecraft:overworld. Processed: 80997 chunks (3.60%), ETA: 45:53:12, Rate: 13.1 cps, Current: 104, 134
[25Aug2026 12:05:32.248] [Server thread/INFO] [net.minecraft.server.MinecraftServer/]: [Chunky] Task running for minecraft:overworld. Processed: 81010 chunks (3.60%), ETA: 45:27:33, Rate: 13.3 cps, Current: 108, 136
[25Aug2026 12:05:33.922] [Server thread/INFO] [net.minecraft.server.MinecraftServer/]: [Chunky] Task running for minecraft:overworld. Processed: 81018 chunks (3.60%), ETA: 45:57:36, Rate: 13.1 cps, Current: 109, 137
[25Aug2026 12:05:35.340] [Server thread/INFO] [net.minecraft.server.MinecraftServer/]: [Chunky] Task running for minecraft:overworld. Processed: 81022 chunks (3.60%), ETA: 46:58:14, Rate: 12.8 cps, Current: 110, 131
[25Aug2026 12:05:36.483] [Server thread/INFO] [net.minecraft.server.MinecraftServer/]: [Chunky] Task running for minecraft:overworld. Processed: 81030 chunks (3.60%), ETA: 48:45:32, Rate: 12.4 cps, Current: 108, 139
[25Aug2026 12:05:37.706] [Server thread/INFO] [net.minecraft.server.MinecraftServer/]: [Chunky] Task running for minecraft:overworld. Processed: 81042 chunks (3.60%), ETA: 49:39:50, Rate: 12.1 cps, Current: 110, 135
[25Aug2026 12:05:38.769] [Server thread/INFO] [net.minecraft.server.MinecraftServer/]: [Chunky] Task running for minecraft:overworld. Processed: 81054 chunks (3.60%), ETA: 50:23:56, Rate: 12.0 cps, Current: 103, 141
[25Aug2026 12:05:39.940] [Server thread/INFO] [net.minecraft.server.MinecraftServer/]: [Chunky] Task running for minecraft:overworld. Processed: 81069 chunks (3.60%), ETA: 51:41:41, Rate: 11.7 cps, Current: 110, 139
[25Aug2026 12:05:41.431] [Server thread/INFO] [net.minecraft.server.MinecraftServer/]: [Chunky] Task running for minecraft:overworld. Processed: 81092 chunks (3.60%), ETA: 48:41:42, Rate: 12.4 cps, Current: 96, 139
[25Aug2026 12:05:42.469] [Server thread/INFO] [net.minecraft.server.MinecraftServer/]: [Chunky] Task running for minecraft:overworld. Processed: 81122 chunks (3.60%), ETA: 48:05:07, Rate: 12.5 cps, Current: 96, 143
[25Aug2026 12:05:43.490] [Server thread/INFO] [net.minecraft.server.MinecraftServer/]: [Chunky] Task running for minecraft:overworld. Processed: 81134 chunks (3.60%), ETA: 51:29:05, Rate: 11.7 cps, Current: 98, 144
[25Aug2026 12:05:44.709] [Server thread/INFO] [net.minecraft.server.MinecraftServer/]: [Chunky] Task running for minecraft:overworld. Processed: 81143 chunks (3.60%), ETA: 53:41:55, Rate: 11.2 cps, Current: 99, 146
[25Aug2026 12:05:45.754] [Server thread/INFO] [net.minecraft.server.MinecraftServer/]: [Chunky] Task running for minecraft:overworld. Processed: 81151 chunks (3.60%), ETA: 55:20:17, Rate: 10.9 cps, Current: 101, 147
[25Aug2026 12:05:46.938] [Server thread/INFO] [net.minecraft.server.MinecraftServer/]: [Chunky] Task running for minecraft:overworld. Processed: 81156 chunks (3.60%), ETA: 58:12:38, Rate: 10.4 cps, Current: 99, 149
[25Aug2026 12:05:48.338] [Server thread/INFO] [net.minecraft.server.MinecraftServer/]: [Chunky] Task running for minecraft:overworld. Processed: 81173 chunks (3.60%), ETA: 59:09:27, Rate: 10.2 cps, Current: 98, 150
[25Aug2026 12:05:49.647] [Server thread/INFO] [net.minecraft.server.MinecraftServer/]: [Chunky] Task running for minecraft:overworld. Processed: 81185 chunks (3.60%), ETA: 58:31:13, Rate: 10.3 cps, Current: 98, 152
[25Aug2026 12:05:50.985] [Server thread/INFO] [net.minecraft.server.MinecraftServer/]: [Chunky] Task running for minecraft:overworld. Processed: 81198 chunks (3.60%), ETA: 57:24:21, Rate: 10.5 cps, Current: 97, 155
[25Aug2026 12:05:52.180] [Server thread/INFO] [net.minecraft.server.MinecraftServer/]: [Chunky] Task running for minecraft:overworld. Processed: 81204 chunks (3.60%), ETA: 58:45:57, Rate: 10.3 cps, Current: 99, 151
[25Aug2026 12:05:53.370] [Server thread/INFO] [net.minecraft.server.MinecraftServer/]: [Chunky] Task running for minecraft:overworld. Processed: 81212 chunks (3.60%), ETA: 60:29:11, Rate: 10.0 cps, Current: 99, 156
[25Aug2026 12:05:54.771] [Server thread/INFO] [net.minecraft.server.MinecraftServer/]: [Chunky] Task running for minecraft:overworld. Processed: 81217 chunks (3.60%), ETA: 63:36:27, Rate: 9.5 cps, Current: 101, 156
[25Aug2026 12:05:55.835] [Server thread/INFO] [net.minecraft.server.MinecraftServer/]: [Chunky] Task running for minecraft:overworld. Processed: 81237 chunks (3.61%), ETA: 61:28:52, Rate: 9.8 cps, Current: 102, 157
[25Aug2026 12:05:57.993] [Server thread/INFO] [net.minecraft.server.MinecraftServer/]: [Chunky] Task running for minecraft:overworld. Processed: 81244 chunks (3.61%), ETA: 64:47:52, Rate: 9.3 cps, Current: 103, 149
[25Aug2026 12:05:59.039] [Server thread/INFO] [net.minecraft.server.MinecraftServer/]: [Chunky] Task running for minecraft:overworld. Processed: 81257 chunks (3.61%), ETA: 65:09:56, Rate: 9.3 cps, Current: 103, 156
[25Aug2026 12:06:00.319] [Server thread/INFO] [net.minecraft.server.MinecraftServer/]: [Chunky] Task running for minecraft:overworld. Processed: 81260 chunks (3.61%), ETA: 66:35:22, Rate: 9.1 cps, Current: 104, 155
[25Aug2026 12:06:01.326] [Server thread/INFO] [net.minecraft.server.MinecraftServer/]: [Chunky] Task running for minecraft:overworld. Processed: 81268 chunks (3.61%), ETA: 67:43:41, Rate: 8.9 cps, Current: 106, 152
[25Aug2026 12:06:02.398] [Server thread/INFO] [net.minecraft.server.MinecraftServer/]: [Chunky] Task running for minecraft:overworld. Processed: 81275 chunks (3.61%), ETA: 66:34:57, Rate: 9.1 cps, Current: 107, 155
[25Aug2026 12:06:03.407] [Server thread/INFO] [net.minecraft.server.MinecraftServer/]: [Chunky] Task running for minecraft:overworld. Processed: 81281 chunks (3.61%), ETA: 67:22:29, Rate: 9.0 cps, Current: 108, 156
[25Aug2026 12:06:04.908] [Server thread/INFO] [net.minecraft.server.MinecraftServer/]: [Chunky] Task running for minecraft:overworld. Processed: 81284 chunks (3.61%), ETA: 67:49:17, Rate: 8.9 cps, Current: 109, 157
[25Aug2026 12:06:06.083] [Server thread/INFO] [net.minecraft.server.MinecraftServer/]: [Chunky] Task running for minecraft:overworld. Processed: 81299 chunks (3.61%), ETA: 66:08:02, Rate: 9.1 cps, Current: 109, 153
[25Aug2026 12:06:08.546] [Server thread/INFO] [net.minecraft.server.MinecraftServer/]: [Chunky] Task running for minecraft:overworld. Processed: 81301 chunks (3.61%), ETA: 72:26:01, Rate: 8.3 cps, Current: 109, 158
[25Aug2026 12:06:09.581] [Server thread/INFO] [net.minecraft.server.MinecraftServer/]: [Chunky] Task running for minecraft:overworld. Processed: 81302 chunks (3.61%), ETA: 76:24:51, Rate: 7.9 cps, Current: 110, 150
[25Aug2026 12:06:10.773] [Server thread/INFO] [net.minecraft.server.MinecraftServer/]: [Chunky] Task running for minecraft:overworld. Processed: 81313 chunks (3.61%), ETA: 79:43:54, Rate: 7.6 cps, Current: 109, 151
[25Aug2026 12:06:11.790] [Server thread/INFO] [net.minecraft.server.MinecraftServer/]: [Chunky] Task running for minecraft:overworld. Processed: 81372 chunks (3.61%), ETA: 70:28:02, Rate: 8.6 cps, Current: 111, 138
[25Aug2026 12:06:13.071] [Server thread/INFO] [net.minecraft.server.MinecraftServer/]: [Chunky] Task running for minecraft:overworld. Processed: 81379 chunks (3.61%), ETA: 72:32:13, Rate: 8.3 cps, Current: 111, 145
[25Aug2026 12:06:14.309] [Server thread/INFO] [net.minecraft.server.MinecraftServer/]: [Chunky] Task running for minecraft:overworld. Processed: 81380 chunks (3.61%), ETA: 75:01:23, Rate: 8.0 cps, Current: 111, 146
[25Aug2026 12:06:15.742] [Server thread/INFO] [net.minecraft.server.MinecraftServer/]: [Chunky] Task running for minecraft:overworld. Processed: 81384 chunks (3.61%), ETA: 77:18:21, Rate: 7.8 cps, Current: 114, 146
[25Aug2026 12:06:17.025] [Server thread/INFO] [net.minecraft.server.MinecraftServer/]: [Chunky] Task running for minecraft:overworld. Processed: 81389 chunks (3.61%), ETA: 79:44:43, Rate: 7.6 cps, Current: 117, 145
[25Aug2026 12:06:18.450] [Server thread/INFO] [net.minecraft.server.MinecraftServer/]: [Chunky] Task running for minecraft:overworld. Processed: 81396 chunks (3.61%), ETA: 81:57:21, Rate: 7.4 cps, Current: 97, 159
[25Aug2026 12:06:19.555] [Server thread/INFO] [net.minecraft.server.MinecraftServer/]: [Chunky] Task running for minecraft:overworld. Processed: 81404 chunks (3.61%), ETA: 82:00:18, Rate: 7.4 cps, Current: 117, 147
[25Aug2026 12:06:20.557] [Server thread/INFO] [net.minecraft.server.MinecraftServer/]: [Chunky] Task running for minecraft:overworld. Processed: 81406 chunks (3.61%), ETA: 85:21:05, Rate: 7.1 cps, Current: 117, 148
[25Aug2026 12:06:21.892] [Server thread/INFO] [net.minecraft.server.MinecraftServer/]: [Chunky] Task running for minecraft:overworld. Processed: 81421 chunks (3.61%), ETA: 82:12:52, Rate: 7.3 cps, Current: 112, 149
[25Aug2026 12:06:23.003] [Server thread/INFO] [net.minecraft.server.MinecraftServer/]: [Chunky] Task running for minecraft:overworld. Processed: 81431 chunks (3.61%), ETA: 81:15:10, Rate: 7.4 cps, Current: 99, 159
[25Aug2026 12:06:24.279] [Server thread/INFO] [net.minecraft.server.MinecraftServer/]: [Chunky] Task running for minecraft:overworld. Processed: 81438 chunks (3.61%), ETA: 80:10:41, Rate: 7.5 cps, Current: 111, 153
[25Aug2026 12:06:25.487] [Server thread/INFO] [net.minecraft.server.MinecraftServer/]: [Chunky] Task running for minecraft:overworld. Processed: 81453 chunks (3.62%), ETA: 82:25:31, Rate: 7.3 cps, Current: 112, 156
[25Aug2026 12:06:26.578] [Server thread/INFO] [net.minecraft.server.MinecraftServer/]: [Chunky] Task running for minecraft:overworld. Processed: 81462 chunks (3.62%), ETA: 78:44:00, Rate: 7.7 cps, Current: 114, 157
[25Aug2026 12:06:27.687] [Server thread/INFO] [net.minecraft.server.MinecraftServer/]: [Chunky] Task running for minecraft:overworld. Processed: 81471 chunks (3.62%), ETA: 78:33:33, Rate: 7.7 cps, Current: 116, 156
[25Aug2026 12:06:28.689] [Server thread/INFO] [net.minecraft.server.MinecraftServer/]: [Chunky] Task running for minecraft:overworld. Processed: 81481 chunks (3.62%), ETA: 79:29:08, Rate: 7.6 cps, Current: 116, 154
[25Aug2026 12:06:29.693] [Server thread/INFO] [net.minecraft.server.MinecraftServer/]: [Chunky] Task running for minecraft:overworld. Processed: 81489 chunks (3.62%), ETA: 77:02:19, Rate: 7.8 cps, Current: 118, 152
[25Aug2026 12:06:31.972] [Server thread/INFO] [net.minecraft.server.MinecraftServer/]: [Chunky] Task running for minecraft:overworld. Processed: 81496 chunks (3.62%), ETA: 80:21:19, Rate: 7.5 cps, Current: 119, 153
[25Aug2026 12:06:33.099] [Server thread/INFO] [net.minecraft.server.MinecraftServer/]: [Chunky] Task running for minecraft:overworld. Processed: 81505 chunks (3.62%), ETA: 79:36:00, Rate: 7.6 cps, Current: 102, 159
[25Aug2026 12:06:34.403] [Server thread/INFO] [net.minecraft.server.MinecraftServer/]: [Chunky] Task running for minecraft:overworld. Processed: 81517 chunks (3.62%), ETA: 76:01:49, Rate: 7.9 cps, Current: 119, 157
[25Aug2026 12:06:35.599] [Server thread/INFO] [net.minecraft.server.MinecraftServer/]: [Chunky] Task running for minecraft:overworld. Processed: 81526 chunks (3.62%), ETA: 78:05:10, Rate: 7.7 cps, Current: 122, 157
[25Aug2026 12:06:36.655] [Server thread/INFO] [net.minecraft.server.MinecraftServer/]: [Chunky] Task running for minecraft:overworld. Processed: 81532 chunks (3.62%), ETA: 73:04:54, Rate: 8.3 cps, Current: 124, 158
[25Aug2026 12:06:37.896] [Server thread/INFO] [net.minecraft.server.MinecraftServer/]: [Chunky] Task running for minecraft:overworld. Processed: 81536 chunks (3.62%), ETA: 75:00:52, Rate: 8.0 cps, Current: 111, 159
[25Aug2026 12:06:39.474] [Server thread/INFO] [net.minecraft.server.MinecraftServer/]: [Chunky] Task running for minecraft:overworld. Processed: 81545 chunks (3.62%), ETA: 73:53:50, Rate: 8.2 cps, Current: 124, 155
[25Aug2026 12:06:40.780] [Server thread/INFO] [net.minecraft.server.MinecraftServer/]: [Chunky] Task running for minecraft:overworld. Processed: 81557 chunks (3.62%), ETA: 94:00:41, Rate: 6.4 cps, Current: 125, 153
[25Aug2026 12:06:42.661] [Server thread/INFO] [net.minecraft.server.MinecraftServer/]: [Chunky] Task running for minecraft:overworld. Processed: 81565 chunks (3.62%), ETA: 95:26:37, Rate: 6.3 cps, Current: 119, 151
[25Aug2026 12:06:44.521] [Server thread/INFO] [net.minecraft.server.MinecraftServer/]: [Chunky] Task running for minecraft:overworld. Processed: 81585 chunks (3.62%), ETA: 85:56:02, Rate: 7.0 cps, Current: 119, 149
[25Aug2026 12:06:47.285] [Server thread/INFO] [net.minecraft.server.MinecraftServer/]: [Chunky] Task running for minecraft:overworld. Processed: 81602 chunks (3.62%), ETA: 84:01:14, Rate: 7.2 cps, Current: 121, 146
[25Aug2026 12:06:48.670] [Server thread/INFO] [net.minecraft.server.MinecraftServer/]: [Chunky] Task running for minecraft:overworld. Processed: 81624 chunks (3.62%), ETA: 79:27:41, Rate: 7.6 cps, Current: 125, 145
[25Aug2026 12:06:50.100] [Server thread/INFO] [net.minecraft.server.MinecraftServer/]: [Chunky] Task running for minecraft:overworld. Processed: 81633 chunks (3.62%), ETA: 78:09:14, Rate: 7.7 cps, Current: 124, 143
[25Aug2026 12:06:51.830] [Server thread/INFO] [net.minecraft.server.MinecraftServer/]: [Chunky] Task running for minecraft:overworld. Processed: 81639 chunks (3.62%), ETA: 82:27:12, Rate: 7.3 cps, Current: 125, 142
[25Aug2026 12:06:53.552] [Server thread/INFO] [net.minecraft.server.MinecraftServer/]: [Chunky] Task running for minecraft:overworld. Processed: 81643 chunks (3.62%), ETA: 85:42:34, Rate: 7.0 cps, Current: 126, 140
[25Aug2026 12:06:54.657] [Server thread/INFO] [net.minecraft.server.MinecraftServer/]: [Chunky] Task running for minecraft:overworld. Processed: 81649 chunks (3.62%), ETA: 89:18:34, Rate: 6.8 cps, Current: 125, 138
[25Aug2026 12:06:55.668] [Server thread/INFO] [net.minecraft.server.MinecraftServer/]: [Chunky] Task running for minecraft:overworld. Processed: 81651 chunks (3.62%), ETA: 92:20:45, Rate: 6.5 cps, Current: 114, 159
[25Aug2026 12:06:56.746] [Server thread/INFO] [net.minecraft.server.MinecraftServer/]: [Chunky] Task running for minecraft:overworld. Processed: 81663 chunks (3.62%), ETA: 90:48:35, Rate: 6.6 cps, Current: 117, 159
[25Aug2026 12:06:57.754] [Server thread/INFO] [net.minecraft.server.MinecraftServer/]: [Chunky] Task running for minecraft:overworld. Processed: 81670 chunks (3.62%), ETA: 92:16:07, Rate: 6.5 cps, Current: 123, 140
[25Aug2026 12:06:58.837] [Server thread/INFO] [net.minecraft.server.MinecraftServer/]: [Chunky] Task running for minecraft:overworld. Processed: 81688 chunks (3.63%), ETA: 87:53:23, Rate: 6.9 cps, Current: 120, 142
[25Aug2026 12:07:00.174] [Server thread/INFO] [net.minecraft.server.MinecraftServer/]: [Chunky] Task running for minecraft:overworld. Processed: 81695 chunks (3.63%), ETA: 85:02:55, Rate: 7.1 cps, Current: 117, 143
[25Aug2026 12:07:01.177] [Server thread/INFO] [net.minecraft.server.MinecraftServer/]: [Chunky] Task running for minecraft:overworld. Processed: 81721 chunks (3.63%), ETA: 77:56:25, Rate: 7.7 cps, Current: 114, 140
[25Aug2026 12:07:02.221] [Server thread/INFO] [net.minecraft.server.MinecraftServer/]: [Chunky] Task running for minecraft:overworld. Processed: 81744 chunks (3.63%), ETA: 73:10:54, Rate: 8.2 cps, Current: 119, 138
[25Aug2026 12:07:03.732] [Server thread/INFO] [net.minecraft.server.MinecraftServer/]: [Chunky] Task running for minecraft:overworld. Processed: 81754 chunks (3.63%), ETA: 74:19:25, Rate: 8.1 cps, Current: 118, 136
[25Aug2026 12:07:04.944] [Server thread/INFO] [net.minecraft.server.MinecraftServer/]: [Chunky] Task running for minecraft:overworld. Processed: 81771 chunks (3.63%), ETA: 71:56:43, Rate: 8.4 cps, Current: 118, 133
[25Aug2026 12:07:06.060] [Server thread/INFO] [net.minecraft.server.MinecraftServer/]: [Chunky] Task running for minecraft:overworld. Processed: 81814 chunks (3.63%), ETA: 62:39:56, Rate: 9.6 cps, Current: 118, 130
[25Aug2026 12:07:07.211] [Server thread/INFO] [net.minecraft.server.MinecraftServer/]: [Chunky] Task running for minecraft:overworld. Processed: 81831 chunks (3.63%), ETA: 59:43:46, Rate: 10.1 cps, Current: 120, 132
[25Aug2026 12:07:08.294] [Server thread/INFO] [net.minecraft.server.MinecraftServer/]: [Chunky] Task running for minecraft:overworld. Processed: 81854 chunks (3.63%), ETA: 56:04:06, Rate: 10.8 cps, Current: 123, 136
[25Aug2026 12:07:09.301] [Server thread/INFO] [net.minecraft.server.MinecraftServer/]: [Chunky] Task running for minecraft:overworld. Processed: 81873 chunks (3.63%), ETA: 54:40:33, Rate: 11.0 cps, Current: 125, 128
[25Aug2026 12:07:10.320] [Server thread/INFO] [net.minecraft.server.MinecraftServer/]: [Chunky] Task running for minecraft:overworld. Processed: 81893 chunks (3.63%), ETA: 52:51:50, Rate: 11.4 cps, Current: 127, 129
[25Aug2026 12:07:11.570] [Server thread/INFO] [net.minecraft.server.MinecraftServer/]: [Chunky] Task running for minecraft:overworld. Processed: 81904 chunks (3.64%), ETA: 51:16:40, Rate: 11.8 cps, Current: 129, 133
[25Aug2026 12:07:13.052] [Server thread/INFO] [net.minecraft.server.MinecraftServer/]: [Chunky] Task running for minecraft:overworld. Processed: 81920 chunks (3.64%), ETA: 51:12:34, Rate: 11.8 cps, Current: 131, 133
[25Aug2026 12:07:14.059] [Server thread/INFO] [net.minecraft.server.MinecraftServer/]: [Chunky] Task running for minecraft:overworld. Processed: 81929 chunks (3.64%), ETA: 51:38:01, Rate: 11.7 cps, Current: 133, 130
[25Aug2026 12:07:15.131] [Server thread/INFO] [net.minecraft.server.MinecraftServer/]: [Chunky] Task running for minecraft:overworld. Processed: 81944 chunks (3.64%), ETA: 48:57:34, Rate: 12.3 cps, Current: 135, 128
[25Aug2026 12:07:16.457] [Server thread/INFO] [net.minecraft.server.MinecraftServer/]: [Chunky] Task running for minecraft:overworld. Processed: 81956 chunks (3.64%), ETA: 49:33:24, Rate: 12.2 cps, Current: 138, 129
[25Aug2026 12:07:17.483] [Server thread/INFO] [net.minecraft.server.MinecraftServer/]: [Chunky] Task running for minecraft:overworld. Processed: 81967 chunks (3.64%), ETA: 50:30:43, Rate: 11.9 cps, Current: 139, 130
[25Aug2026 12:07:18.827] [Server thread/INFO] [net.minecraft.server.MinecraftServer/]: [Chunky] Task running for minecraft:overworld. Processed: 81974 chunks (3.64%), ETA: 50:39:19, Rate: 11.9 cps, Current: 127, 139
[25Aug2026 12:07:20.064] [Server thread/INFO] [net.minecraft.server.MinecraftServer/]: [Chunky] Task running for minecraft:overworld. Processed: 81993 chunks (3.64%), ETA: 50:03:19, Rate: 12.0 cps, Current: 127, 151
[25Aug2026 12:07:21.067] [Server thread/INFO] [net.minecraft.server.MinecraftServer/]: [Chunky] Task running for minecraft:overworld. Processed: 82005 chunks (3.64%), ETA: 48:02:32, Rate: 12.6 cps, Current: 140, 132
[25Aug2026 12:07:22.289] [Server thread/INFO] [net.minecraft.server.MinecraftServer/]: [Chunky] Task running for minecraft:overworld. Processed: 82014 chunks (3.64%), ETA: 46:35:02, Rate: 12.9 cps, Current: 135, 133
[25Aug2026 12:07:23.298] [Server thread/INFO] [net.minecraft.server.MinecraftServer/]: [Chunky] Task running for minecraft:overworld. Processed: 82022 chunks (3.64%), ETA: 47:12:21, Rate: 12.8 cps, Current: 136, 136
[25Aug2026 12:07:24.423] [Server thread/INFO] [net.minecraft.server.MinecraftServer/]: [Chunky] Task running for minecraft:overworld. Processed: 82035 chunks (3.64%), ETA: 46:22:59, Rate: 13.0 cps, Current: 137, 136
[25Aug2026 12:07:25.694] [Server thread/INFO] [net.minecraft.server.MinecraftServer/]: [Chunky] Task running for minecraft:overworld. Processed: 82043 chunks (3.64%), ETA: 45:49:12, Rate: 13.2 cps, Current: 141, 135
[25Aug2026 12:07:27.036] [Server thread/INFO] [net.minecraft.server.MinecraftServer/]: [Chunky] Task running for minecraft:overworld. Processed: 82046 chunks (3.64%), ETA: 46:50:20, Rate: 12.9 cps, Current: 142, 131
[25Aug2026 12:07:28.137] [Server thread/INFO] [net.minecraft.server.MinecraftServer/]: [Chunky] Task running for minecraft:overworld. Processed: 82055 chunks (3.64%), ETA: 48:00:49, Rate: 12.6 cps, Current: 141, 140
[25Aug2026 12:07:29.189] [Server thread/INFO] [net.minecraft.server.MinecraftServer/]: [Chunky] Task running for minecraft:overworld. Processed: 82066 chunks (3.64%), ETA: 47:02:07, Rate: 12.8 cps, Current: 139, 141
[25Aug2026 12:07:30.217] [Server thread/INFO] [net.minecraft.server.MinecraftServer/]: [Chunky] Task running for minecraft:overworld. Processed: 82072 chunks (3.64%), ETA: 49:44:55, Rate: 12.1 cps, Current: 136, 140
[25Aug2026 12:07:31.518] [Server thread/INFO] [net.minecraft.server.MinecraftServer/]: [Chunky] Task running for minecraft:overworld. Processed: 82081 chunks (3.64%), ETA: 52:16:16, Rate: 11.5 cps, Current: 142, 137
[25Aug2026 12:07:32.618] [Server thread/INFO] [net.minecraft.server.MinecraftServer/]: [Chunky] Task running for minecraft:overworld. Processed: 82102 chunks (3.64%), ETA: 49:54:40, Rate: 12.1 cps, Current: 132, 137
[25Aug2026 12:07:33.628] [Server thread/INFO] [net.minecraft.server.MinecraftServer/]: [Chunky] Task running for minecraft:overworld. Processed: 82134 chunks (3.65%), ETA: 47:19:01, Rate: 12.7 cps, Current: 139, 142
[25Aug2026 12:07:34.740] [Server thread/INFO] [net.minecraft.server.MinecraftServer/]: [Chunky] Task running for minecraft:overworld. Processed: 82148 chunks (3.65%), ETA: 47:31:58, Rate: 12.7 cps, Current: 129, 143
[25Aug2026 12:07:36.024] [Server thread/INFO] [net.minecraft.server.MinecraftServer/]: [Chunky] Task running for minecraft:overworld. Processed: 82158 chunks (3.65%), ETA: 52:22:22, Rate: 11.5 cps, Current: 131, 144
[25Aug2026 12:07:37.134] [Server thread/INFO] [net.minecraft.server.MinecraftServer/]: [Chunky] Task running for minecraft:overworld. Processed: 82168 chunks (3.65%), ETA: 53:23:02, Rate: 11.3 cps, Current: 132, 146
[25Aug2026 12:07:38.502] [Server thread/INFO] [net.minecraft.server.MinecraftServer/]: [Chunky] Task running for minecraft:overworld. Processed: 82179 chunks (3.65%), ETA: 57:21:22, Rate: 10.5 cps, Current: 133, 148
[25Aug2026 12:07:39.576] [Server thread/INFO] [net.minecraft.server.MinecraftServer/]: [Chunky] Task running for minecraft:overworld. Processed: 82196 chunks (3.65%), ETA: 58:01:51, Rate: 10.4 cps, Current: 134, 150
[25Aug2026 12:07:40.588] [Server thread/INFO] [net.minecraft.server.MinecraftServer/]: [Chunky] Task running for minecraft:overworld. Processed: 82212 chunks (3.65%), ETA: 56:37:37, Rate: 10.6 cps, Current: 128, 154
[25Aug2026 12:07:42.023] [Server thread/INFO] [net.minecraft.server.MinecraftServer/]: [Chunky] Task running for minecraft:overworld. Processed: 82226 chunks (3.65%), ETA: 56:54:11, Rate: 10.6 cps, Current: 130, 157
[25Aug2026 12:07:43.084] [Server thread/INFO] [net.minecraft.server.MinecraftServer/]: [Chunky] Task running for minecraft:overworld. Processed: 82237 chunks (3.65%), ETA: 56:38:24, Rate: 10.6 cps, Current: 132, 157
[25Aug2026 12:07:44.117] [Server thread/INFO] [net.minecraft.server.MinecraftServer/]: [Chunky] Task running for minecraft:overworld. Processed: 82249 chunks (3.65%), ETA: 57:07:05, Rate: 10.6 cps, Current: 133, 153
[25Aug2026 12:07:45.256] [Server thread/INFO] [net.minecraft.server.MinecraftServer/]: [Chunky] Task running for minecraft:overworld. Processed: 82268 chunks (3.65%), ETA: 55:28:48, Rate: 10.9 cps, Current: 135, 149
[25Aug2026 12:07:46.283] [Server thread/INFO] [net.minecraft.server.MinecraftServer/]: [Chunky] Task running for minecraft:overworld. Processed: 82274 chunks (3.65%), ETA: 56:22:39, Rate: 10.7 cps, Current: 137, 143
[25Aug2026 12:07:47.370] [Server thread/INFO] [net.minecraft.server.MinecraftServer/]: [Chunky] Task running for minecraft:overworld. Processed: 82281 chunks (3.65%), ETA: 57:12:36, Rate: 10.5 cps, Current: 138, 143
[25Aug2026 12:07:48.405] [Server thread/INFO] [net.minecraft.server.MinecraftServer/]: [Chunky] Task running for minecraft:overworld. Processed: 82290 chunks (3.65%), ETA: 56:15:33, Rate: 10.7 cps, Current: 137, 156
[25Aug2026 12:07:49.488] [Server thread/INFO] [net.minecraft.server.MinecraftServer/]: [Chunky] Task running for minecraft:overworld. Processed: 82298 chunks (3.65%), ETA: 58:15:23, Rate: 10.4 cps, Current: 139, 155
[25Aug2026 12:07:50.853] [Server thread/INFO] [net.minecraft.server.MinecraftServer/]: [Chunky] Task running for minecraft:overworld. Processed: 82308 chunks (3.65%), ETA: 58:50:29, Rate: 10.2 cps, Current: 141, 157
[25Aug2026 12:07:51.891] [Server thread/INFO] [net.minecraft.server.MinecraftServer/]: [Chunky] Task running for minecraft:overworld. Processed: 82319 chunks (3.65%), ETA: 58:19:55, Rate: 10.3 cps, Current: 140, 152
[25Aug2026 12:07:53.448] [Server thread/INFO] [net.minecraft.server.MinecraftServer/]: [Chunky] Task running for minecraft:overworld. Processed: 82324 chunks (3.65%), ETA: 60:20:54, Rate: 10.0 cps, Current: 142, 143
[25Aug2026 12:07:54.743] [Server thread/INFO] [net.minecraft.server.MinecraftServer/]: [Chunky] Task running for minecraft:overworld. Processed: 82329 chunks (3.65%), ETA: 61:01:46, Rate: 9.9 cps, Current: 142, 149
[25Aug2026 12:07:55.858] [Server thread/INFO] [net.minecraft.server.MinecraftServer/]: [Chunky] Task running for minecraft:overworld. Processed: 82342 chunks (3.65%), ETA: 58:30:48, Rate: 10.3 cps, Current: 142, 148
[25Aug2026 12:07:57.086] [Server thread/INFO] [net.minecraft.server.MinecraftServer/]: [Chunky] Task running for minecraft:overworld. Processed: 82393 chunks (3.66%), ETA: 51:29:19, Rate: 11.7 cps, Current: 143, 135
[25Aug2026 12:07:59.495] [Server thread/INFO] [net.minecraft.server.MinecraftServer/]: [Chunky] Task running for minecraft:overworld. Processed: 82404 chunks (3.66%), ETA: 53:00:49, Rate: 11.4 cps, Current: 144, 145
[25Aug2026 12:08:00.736] [Server thread/INFO] [net.minecraft.server.MinecraftServer/]: [Chunky] Task running for minecraft:overworld. Processed: 82408 chunks (3.66%), ETA: 53:42:34, Rate: 11.2 cps, Current: 146, 146
[25Aug2026 12:08:02.304] [Server thread/INFO] [net.minecraft.server.MinecraftServer/]: [Chunky] Task running for minecraft:overworld. Processed: 82414 chunks (3.66%), ETA: 57:11:05, Rate: 10.5 cps, Current: 150, 145
[25Aug2026 12:08:03.307] [Server thread/INFO] [net.minecraft.server.MinecraftServer/]: [Chunky] Task running for minecraft:overworld. Processed: 82424 chunks (3.66%), ETA: 61:29:36, Rate: 9.8 cps, Current: 146, 147
[25Aug2026 12:08:04.499] [Server thread/INFO] [net.minecraft.server.MinecraftServer/]: [Chunky] Task running for minecraft:overworld. Processed: 82429 chunks (3.66%), ETA: 63:37:36, Rate: 9.5 cps, Current: 148, 148
[25Aug2026 12:08:05.639] [Server thread/INFO] [net.minecraft.server.MinecraftServer/]: [Chunky] Task running for minecraft:overworld. Processed: 82446 chunks (3.66%), ETA: 61:47:05, Rate: 9.8 cps, Current: 144, 150
[25Aug2026 12:08:06.766] [Server thread/INFO] [net.minecraft.server.MinecraftServer/]: [Chunky] Task running for minecraft:overworld. Processed: 82458 chunks (3.66%), ETA: 61:23:42, Rate: 9.8 cps, Current: 145, 151
[25Aug2026 12:08:07.822] [Server thread/INFO] [net.minecraft.server.MinecraftServer/]: [Chunky] Task running for minecraft:overworld. Processed: 82471 chunks (3.66%), ETA: 60:20:01, Rate: 10.0 cps, Current: 143, 155
[25Aug2026 12:08:08.873] [Server thread/INFO] [net.minecraft.server.MinecraftServer/]: [Chunky] Task running for minecraft:overworld. Processed: 82483 chunks (3.66%), ETA: 61:19:57, Rate: 9.8 cps, Current: 146, 155
[25Aug2026 12:08:09.888] [Server thread/INFO] [net.minecraft.server.MinecraftServer/]: [Chunky] Task running for minecraft:overworld. Processed: 82494 chunks (3.66%), ETA: 62:25:20, Rate: 9.7 cps, Current: 148, 151
[25Aug2026 12:08:10.974] [Server thread/INFO] [net.minecraft.server.MinecraftServer/]: [Chunky] Task running for minecraft:overworld. Processed: 82500 chunks (3.66%), ETA: 63:28:22, Rate: 9.5 cps, Current: 149, 155
[25Aug2026 12:08:14.121] [Server thread/INFO] [net.minecraft.server.MinecraftServer/]: [Chunky] Task running for minecraft:overworld. Processed: 82519 chunks (3.66%), ETA: 69:03:34, Rate: 8.7 cps, Current: 132, 159
[25Aug2026 12:08:15.131] [Server thread/INFO] [net.minecraft.server.MinecraftServer/]: [Chunky] Task running for minecraft:overworld. Processed: 82533 chunks (3.66%), ETA: 67:42:49, Rate: 8.9 cps, Current: 151, 155
[25Aug2026 12:08:17.001] [Server thread/INFO] [net.minecraft.server.MinecraftServer/]: [Chunky] Task running for minecraft:overworld. Processed: 82534 chunks (3.66%), ETA: 70:20:01, Rate: 8.6 cps, Current: 154, 154
[25Aug2026 12:08:18.084] [Server thread/INFO] [net.minecraft.server.MinecraftServer/]: [Chunky] Task running for minecraft:overworld. Processed: 82541 chunks (3.66%), ETA: 71:00:23, Rate: 8.5 cps, Current: 152, 158
[25Aug2026 12:08:19.179] [Server thread/INFO] [net.minecraft.server.MinecraftServer/]: [Chunky] Task running for minecraft:overworld. Processed: 82550 chunks (3.66%), ETA: 70:45:14, Rate: 8.5 cps, Current: 155, 157
[25Aug2026 12:08:20.685] [Server thread/INFO] [net.minecraft.server.MinecraftServer/]: [Chunky] Task running for minecraft:overworld. Processed: 82555 chunks (3.66%), ETA: 72:31:14, Rate: 8.3 cps, Current: 140, 159
[25Aug2026 12:08:21.805] [Server thread/INFO] [net.minecraft.server.MinecraftServer/]: [Chunky] Task running for minecraft:overworld. Processed: 82568 chunks (3.66%), ETA: 72:08:16, Rate: 8.4 cps, Current: 155, 155
[25Aug2026 12:08:22.983] [Server thread/INFO] [net.minecraft.server.MinecraftServer/]: [Chunky] Task running for minecraft:overworld. Processed: 82581 chunks (3.67%), ETA: 69:01:02, Rate: 8.7 cps, Current: 151, 152
[25Aug2026 12:08:24.188] [Server thread/INFO] [net.minecraft.server.MinecraftServer/]: [Chunky] Task running for minecraft:overworld. Processed: 82590 chunks (3.67%), ETA: 67:45:22, Rate: 8.9 cps, Current: 157, 151
[25Aug2026 12:08:25.349] [Server thread/INFO] [net.minecraft.server.MinecraftServer/]: [Chunky] Task running for minecraft:overworld. Processed: 82605 chunks (3.67%), ETA: 67:20:51, Rate: 9.0 cps, Current: 151, 149
[25Aug2026 12:08:26.573] [Server thread/INFO] [net.minecraft.server.MinecraftServer/]: [Chunky] Task running for minecraft:overworld. Processed: 82623 chunks (3.67%), ETA: 76:57:27, Rate: 7.8 cps, Current: 153, 146
[25Aug2026 12:08:27.825] [Server thread/INFO] [net.minecraft.server.MinecraftServer/]: [Chunky] Task running for minecraft:overworld. Processed: 82633 chunks (3.67%), ETA: 74:15:32, Rate: 8.1 cps, Current: 156, 148
[25Aug2026 12:08:28.852] [Server thread/INFO] [net.minecraft.server.MinecraftServer/]: [Chunky] Task running for minecraft:overworld. Processed: 82639 chunks (3.67%), ETA: 74:59:40, Rate: 8.0 cps, Current: 157, 147
[25Aug2026 12:08:30.132] [Server thread/INFO] [net.minecraft.server.MinecraftServer/]: [Chunky] Task running for minecraft:overworld. Processed: 82651 chunks (3.67%), ETA: 72:37:53, Rate: 8.3 cps, Current: 150, 144
[25Aug2026 12:08:31.560] [Server thread/INFO] [net.minecraft.server.MinecraftServer/]: [Chunky] Task running for minecraft:overworld. Processed: 82658 chunks (3.67%), ETA: 71:59:25, Rate: 8.4 cps, Current: 156, 143
[25Aug2026 12:08:33.416] [Server thread/INFO] [net.minecraft.server.MinecraftServer/]: [Chunky] Task running for minecraft:overworld. Processed: 82661 chunks (3.67%), ETA: 74:49:15, Rate: 8.1 cps, Current: 157, 142
[25Aug2026 12:08:34.997] [Server thread/INFO] [net.minecraft.server.MinecraftServer/]: [Chunky] Task running for minecraft:overworld. Processed: 82665 chunks (3.67%), ETA: 80:27:01, Rate: 7.5 cps, Current: 158, 140
[25Aug2026 12:08:36.469] [Server thread/INFO] [net.minecraft.server.MinecraftServer/]: [Chunky] Task running for minecraft:overworld. Processed: 82680 chunks (3.67%), ETA: 80:17:51, Rate: 7.5 cps, Current: 157, 137
[25Aug2026 12:08:37.581] [Server thread/INFO] [net.minecraft.server.MinecraftServer/]: [Chunky] Task running for minecraft:overworld. Processed: 82684 chunks (3.67%), ETA: 83:50:05, Rate: 7.2 cps, Current: 155, 138
[25Aug2026 12:08:38.600] [Server thread/INFO] [net.minecraft.server.MinecraftServer/]: [Chunky] Task running for minecraft:overworld. Processed: 82694 chunks (3.67%), ETA: 84:32:04, Rate: 7.1 cps, Current: 153, 139
[25Aug2026 12:08:39.618] [Server thread/INFO] [net.minecraft.server.MinecraftServer/]: [Chunky] Task running for minecraft:overworld. Processed: 82712 chunks (3.67%), ETA: 81:50:24, Rate: 7.4 cps, Current: 152, 142
[25Aug2026 12:08:40.620] [Server thread/INFO] [net.minecraft.server.MinecraftServer/]: [Chunky] Task running for minecraft:overworld. Processed: 82724 chunks (3.67%), ETA: 79:25:55, Rate: 7.6 cps, Current: 147, 143
[25Aug2026 12:08:41.704] [Server thread/INFO] [net.minecraft.server.MinecraftServer/]: [Chunky] Task running for minecraft:overworld. Processed: 82742 chunks (3.67%), ETA: 74:14:02, Rate: 8.1 cps, Current: 144, 140
[25Aug2026 12:08:42.800] [Server thread/INFO] [net.minecraft.server.MinecraftServer/]: [Chunky] Task running for minecraft:overworld. Processed: 82751 chunks (3.67%), ETA: 74:12:07, Rate: 8.1 cps, Current: 144, 139
[25Aug2026 12:08:45.856] [Server thread/INFO] [net.minecraft.server.MinecraftServer/]: [Chunky] Task running for minecraft:overworld. Processed: 82778 chunks (3.67%), ETA: 70:59:59, Rate: 8.5 cps, Current: 150, 136
[25Aug2026 12:08:46.969] [Server thread/INFO] [net.minecraft.server.MinecraftServer/]: [Chunky] Task running for minecraft:overworld. Processed: 82780 chunks (3.67%), ETA: 73:08:19, Rate: 8.2 cps, Current: 150, 135
[25Aug2026 12:08:49.697] [Server thread/INFO] [net.minecraft.server.MinecraftServer/]: [Chunky] Task running for minecraft:overworld. Processed: 82815 chunks (3.68%), ETA: 67:00:39, Rate: 9.0 cps, Current: 147, 129
[25Aug2026 12:08:50.729] [Server thread/INFO] [net.minecraft.server.MinecraftServer/]: [Chunky] Task running for minecraft:overworld. Processed: 82841 chunks (3.68%), ETA: 63:37:58, Rate: 9.5 cps, Current: 151, 128
[25Aug2026 12:08:52.021] [Server thread/INFO] [net.minecraft.server.MinecraftServer/]: [Chunky] Task running for minecraft:overworld. Processed: 82856 chunks (3.68%), ETA: 63:25:21, Rate: 9.5 cps, Current: 152, 134
[25Aug2026 12:08:53.683] [Server thread/INFO] [net.minecraft.server.MinecraftServer/]: [Chunky] Task running for minecraft:overworld. Processed: 82872 chunks (3.68%), ETA: 62:49:28, Rate: 9.6 cps, Current: 154, 135
[25Aug2026 12:08:55.060] [Server thread/INFO] [net.minecraft.server.MinecraftServer/]: [Chunky] Task running for minecraft:overworld. Processed: 82890 chunks (3.68%), ETA: 62:37:13, Rate: 9.6 cps, Current: 156, 132
[25Aug2026 12:08:57.267] [Server thread/INFO] [net.minecraft.server.MinecraftServer/]: [Chunky] Task running for minecraft:overworld. Processed: 82918 chunks (3.68%), ETA: 62:03:17, Rate: 9.7 cps, Current: 159, 129
[25Aug2026 12:08:58.510] [Server thread/INFO] [net.minecraft.server.MinecraftServer/]: [Chunky] Task running for minecraft:overworld. Processed: 82930 chunks (3.68%), ETA: 61:13:30, Rate: 9.8 cps, Current: 159, 140
[25Aug2026 12:08:59.800] [Server thread/INFO] [net.minecraft.server.MinecraftServer/]: [Chunky] Task running for minecraft:overworld. Processed: 82945 chunks (3.68%), ETA: 60:59:16, Rate: 9.9 cps, Current: 159, 150
[25Aug2026 12:09:01.611] [Server thread/INFO] [net.minecraft.server.MinecraftServer/]: [Chunky] Task running for minecraft:overworld. Processed: 82949 chunks (3.68%), ETA: 58:48:31, Rate: 10.3 cps, Current: 160, 132
[25Aug2026 12:09:03.506] [Server thread/INFO] [net.minecraft.server.MinecraftServer/]: [Chunky] Task running for minecraft:overworld. Processed: 82951 chunks (3.68%), ETA: 59:52:40, Rate: 10.1 cps, Current: 160, 133
[25Aug2026 12:09:04.786] [Server thread/INFO] [net.minecraft.server.MinecraftServer/]: [Chunky] Task running for minecraft:overworld. Processed: 82963 chunks (3.68%), ETA: 60:03:10, Rate: 10.0 cps, Current: 164, 131
[25Aug2026 12:09:06.830] [Server thread/INFO] [net.minecraft.server.MinecraftServer/]: [Chunky] Task running for minecraft:overworld. Processed: 82969 chunks (3.68%), ETA: 61:38:32, Rate: 9.8 cps, Current: 160, 129
[25Aug2026 12:09:08.460] [Server thread/INFO] [net.minecraft.server.MinecraftServer/]: [Chunky] Task running for minecraft:overworld. Processed: 82978 chunks (3.68%), ETA: 63:09:17, Rate: 9.5 cps, Current: 166, 130
[25Aug2026 12:09:10.592] [Server thread/INFO] [net.minecraft.server.MinecraftServer/]: [Chunky] Task running for minecraft:overworld. Processed: 82986 chunks (3.68%), ETA: 68:26:18, Rate: 8.8 cps, Current: 166, 129
[25Aug2026 12:09:11.660] [Server thread/INFO] [net.minecraft.server.MinecraftServer/]: [Chunky] Task running for minecraft:overworld. Processed: 82995 chunks (3.68%), ETA: 71:05:24, Rate: 8.5 cps, Current: 171, 129
[25Aug2026 12:09:12.907] [Server thread/INFO] [net.minecraft.server.MinecraftServer/]: [Chunky] Task running for minecraft:overworld. Processed: 83007 chunks (3.68%), ETA: 70:53:30, Rate: 8.5 cps, Current: 167, 132
[25Aug2026 12:09:14.086] [Server thread/INFO] [net.minecraft.server.MinecraftServer/]: [Chunky] Task running for minecraft:overworld. Processed: 83019 chunks (3.68%), ETA: 70:18:45, Rate: 8.6 cps, Current: 169, 132
[25Aug2026 12:09:15.161] [Server thread/INFO] [net.minecraft.server.MinecraftServer/]: [Chunky] Task running for minecraft:overworld. Processed: 83028 chunks (3.69%), ETA: 70:22:30, Rate: 8.6 cps, Current: 168, 134
[25Aug2026 12:09:16.185] [Server thread/INFO] [net.minecraft.server.MinecraftServer/]: [Chunky] Task running for minecraft:overworld. Processed: 83030 chunks (3.69%), ETA: 70:09:49, Rate: 8.6 cps, Current: 160, 135
[25Aug2026 12:09:17.341] [Server thread/INFO] [net.minecraft.server.MinecraftServer/]: [Chunky] Task running for minecraft:overworld. Processed: 83040 chunks (3.69%), ETA: 73:43:46, Rate: 8.2 cps, Current: 169, 135
[25Aug2026 12:09:18.528] [Server thread/INFO] [net.minecraft.server.MinecraftServer/]: [Chunky] Task running for minecraft:overworld. Processed: 83050 chunks (3.69%), ETA: 73:38:03, Rate: 8.2 cps, Current: 172, 135
[25Aug2026 12:09:19.703] [Server thread/INFO] [net.minecraft.server.MinecraftServer/]: [Chunky] Task running for minecraft:overworld. Processed: 83062 chunks (3.69%), ETA: 78:40:25, Rate: 7.7 cps, Current: 171, 138
[25Aug2026 12:09:20.948] [Server thread/INFO] [net.minecraft.server.MinecraftServer/]: [Chunky] Task running for minecraft:overworld. Processed: 83069 chunks (3.69%), ETA: 81:28:35, Rate: 7.4 cps, Current: 173, 139
[25Aug2026 12:09:22.026] [Server thread/INFO] [net.minecraft.server.MinecraftServer/]: [Chunky] Task running for minecraft:overworld. Processed: 83075 chunks (3.69%), ETA: 83:44:52, Rate: 7.2 cps, Current: 172, 139
[25Aug2026 12:09:23.333] [Server thread/INFO] [net.minecraft.server.MinecraftServer/]: [Chunky] Task running for minecraft:overworld. Processed: 83085 chunks (3.69%), ETA: 83:30:55, Rate: 7.2 cps, Current: 170, 139
[25Aug2026 12:09:24.373] [Server thread/INFO] [net.minecraft.server.MinecraftServer/]: [Chunky] Task running for minecraft:overworld. Processed: 83093 chunks (3.69%), ETA: 86:36:47, Rate: 7.0 cps, Current: 170, 142
[25Aug2026 12:09:26.024] [Server thread/INFO] [net.minecraft.server.MinecraftServer/]: [Chunky] Task running for minecraft:overworld. Processed: 83094 chunks (3.69%), ETA: 97:55:42, Rate: 6.2 cps, Current: 168, 141
[25Aug2026 12:09:27.048] [Server thread/INFO] [net.minecraft.server.MinecraftServer/]: [Chunky] Task running for minecraft:overworld. Processed: 83102 chunks (3.69%), ETA: 97:01:35, Rate: 6.2 cps, Current: 167, 141
[25Aug2026 12:09:28.051] [Server thread/INFO] [net.minecraft.server.MinecraftServer/]: [Chunky] Task running for minecraft:overworld. Processed: 83135 chunks (3.69%), ETA: 86:26:05, Rate: 7.0 cps, Current: 162, 138
[25Aug2026 12:09:29.420] [Server thread/INFO] [net.minecraft.server.MinecraftServer/]: [Chunky] Task running for minecraft:overworld. Processed: 83156 chunks (3.69%), ETA: 84:12:44, Rate: 7.2 cps, Current: 162, 142
[25Aug2026 12:09:30.576] [Server thread/INFO] [net.minecraft.server.MinecraftServer/]: [Chunky] Task running for minecraft:overworld. Processed: 83170 chunks (3.69%), ETA: 78:38:24, Rate: 7.7 cps, Current: 160, 145
[25Aug2026 12:09:31.625] [Server thread/INFO] [net.minecraft.server.MinecraftServer/]: [Chunky] Task running for minecraft:overworld. Processed: 83182 chunks (3.69%), ETA: 77:18:31, Rate: 7.8 cps, Current: 165, 143
[25Aug2026 12:09:32.848] [Server thread/INFO] [net.minecraft.server.MinecraftServer/]: [Chunky] Task running for minecraft:overworld. Processed: 83197 chunks (3.69%), ETA: 71:35:58, Rate: 8.4 cps, Current: 164, 147
[25Aug2026 12:09:34.071] [Server thread/INFO] [net.minecraft.server.MinecraftServer/]: [Chunky] Task running for minecraft:overworld. Processed: 83202 chunks (3.69%), ETA: 73:32:49, Rate: 8.2 cps, Current: 164, 148
[25Aug2026 12:09:35.123] [Server thread/INFO] [net.minecraft.server.MinecraftServer/]: [Chunky] Task running for minecraft:overworld. Processed: 83217 chunks (3.69%), ETA: 68:29:22, Rate: 8.8 cps, Current: 160, 150
[25Aug2026 12:09:36.334] [Server thread/INFO] [net.minecraft.server.MinecraftServer/]: [Chunky] Task running for minecraft:overworld. Processed: 83231 chunks (3.69%), ETA: 67:37:06, Rate: 8.9 cps, Current: 162, 151
[25Aug2026 12:09:37.967] [Server thread/INFO] [net.minecraft.server.MinecraftServer/]: [Chunky] Task running for minecraft:overworld. Processed: 83242 chunks (3.69%), ETA: 67:06:36, Rate: 9.0 cps, Current: 161, 155
[25Aug2026 12:09:38.994] [Server thread/INFO] [net.minecraft.server.MinecraftServer/]: [Chunky] Task running for minecraft:overworld. Processed: 83251 chunks (3.70%), ETA: 64:21:13, Rate: 9.4 cps, Current: 175, 129
[25Aug2026 12:09:40.082] [Server thread/INFO] [net.minecraft.server.MinecraftServer/]: [Chunky] Task running for minecraft:overworld. Processed: 83260 chunks (3.70%), ETA: 64:37:47, Rate: 9.3 cps, Current: 163, 157
[25Aug2026 12:09:41.934] [Server thread/INFO] [net.minecraft.server.MinecraftServer/]: [Chunky] Task running for minecraft:overworld. Processed: 83264 chunks (3.70%), ETA: 67:48:32, Rate: 8.9 cps, Current: 165, 156
[25Aug2026 12:09:43.199] [Server thread/INFO] [net.minecraft.server.MinecraftServer/]: [Chunky] Task running for minecraft:overworld. Processed: 83290 chunks (3.70%), ETA: 64:30:38, Rate: 9.3 cps, Current: 167, 146
[25Aug2026 12:09:44.370] [Server thread/INFO] [net.minecraft.server.MinecraftServer/]: [Chunky] Task running for minecraft:overworld. Processed: 83293 chunks (3.70%), ETA: 66:10:51, Rate: 9.1 cps, Current: 167, 149
[25Aug2026 12:09:45.678] [Server thread/INFO] [net.minecraft.server.MinecraftServer/]: [Chunky] Task running for minecraft:overworld. Processed: 83300 chunks (3.70%), ETA: 65:35:29, Rate: 9.2 cps, Current: 167, 153
[25Aug2026 12:09:47.649] [Server thread/INFO] [net.minecraft.server.MinecraftServer/]: [Chunky] Task running for minecraft:overworld. Processed: 83308 chunks (3.70%), ETA: 67:46:00, Rate: 8.9 cps, Current: 167, 157
[25Aug2026 12:09:50.428] [Server thread/INFO] [net.minecraft.server.MinecraftServer/]: [Chunky] Task running for minecraft:overworld. Processed: 83321 chunks (3.70%), ETA: 70:13:34, Rate: 8.6 cps, Current: 170, 155
[25Aug2026 12:09:52.695] [Server thread/INFO] [net.minecraft.server.MinecraftServer/]: [Chunky] Task running for minecraft:overworld. Processed: 83335 chunks (3.70%), ETA: 70:30:07, Rate: 8.5 cps, Current: 173, 143
[25Aug2026 12:09:53.974] [Server thread/INFO] [net.minecraft.server.MinecraftServer/]: [Chunky] Task running for minecraft:overworld. Processed: 83348 chunks (3.70%), ETA: 69:41:14, Rate: 8.6 cps, Current: 172, 152
[25Aug2026 12:09:55.210] [Server thread/INFO] [net.minecraft.server.MinecraftServer/]: [Chunky] Task running for minecraft:overworld. Processed: 83350 chunks (3.70%), ETA: 68:26:34, Rate: 8.8 cps, Current: 173, 158
[25Aug2026 12:09:57.260] [Server thread/INFO] [net.minecraft.server.MinecraftServer/]: [Chunky] Task running for minecraft:overworld. Processed: 83352 chunks (3.70%), ETA: 80:45:03, Rate: 7.5 cps, Current: 174, 148
[25Aug2026 12:09:58.310] [Server thread/INFO] [net.minecraft.server.MinecraftServer/]: [Chunky] Task running for minecraft:overworld. Processed: 83415 chunks (3.70%), ETA: 66:57:54, Rate: 9.0 cps, Current: 175, 133
[25Aug2026 12:09:59.494] [Server thread/DEBUG] [net.minecraftforge.common.ForgeHooks/WP]: Gathering id map for writing to world save world
[25Aug2026 12:09:59.511] [Server thread/DEBUG] [net.minecraftforge.common.ForgeHooks/WP]: ID Map collection complete world
[25Aug2026 12:09:59.747] [Server thread/INFO] [net.minecraft.server.MinecraftServer/]: [Chunky] Task running for minecraft:overworld. Processed: 83427 chunks (3.70%), ETA: 68:08:24, Rate: 8.8 cps, Current: 175, 145
[25Aug2026 12:10:00.787] [Server thread/INFO] [net.minecraft.server.MinecraftServer/]: [Chunky] Task running for minecraft:overworld. Processed: 83429 chunks (3.70%), ETA: 70:41:59, Rate: 8.5 cps, Current: 175, 146
[25Aug2026 12:10:01.801] [Server thread/INFO] [net.minecraft.server.MinecraftServer/]: [Chunky] Task running for minecraft:overworld. Processed: 83433 chunks (3.70%), ETA: 73:37:24, Rate: 8.2 cps, Current: 177, 145
[25Aug2026 12:10:02.877] [Server thread/INFO] [net.minecraft.server.MinecraftServer/]: [Chunky] Task running for minecraft:overworld. Processed: 83438 chunks (3.70%), ETA: 73:14:58, Rate: 8.2 cps, Current: 182, 145
[25Aug2026 12:10:03.955] [Server thread/INFO] [net.minecraft.server.MinecraftServer/]: [Chunky] Task running for minecraft:overworld. Processed: 83444 chunks (3.70%), ETA: 74:06:50, Rate: 8.1 cps, Current: 179, 147
[25Aug2026 12:10:05.142] [Server thread/INFO] [net.minecraft.server.MinecraftServer/]: [Chunky] Task running for minecraft:overworld. Processed: 83453 chunks (3.70%), ETA: 77:51:10, Rate: 7.7 cps, Current: 182, 147
[25Aug2026 12:10:06.480] [Server thread/INFO] [net.minecraft.server.MinecraftServer/]: [Chunky] Task running for minecraft:overworld. Processed: 83458 chunks (3.70%), ETA: 79:11:09, Rate: 7.6 cps, Current: 182, 149
[25Aug2026 12:10:07.521] [Server thread/INFO] [net.minecraft.server.MinecraftServer/]: [Chunky] Task running for minecraft:overworld. Processed: 83472 chunks (3.70%), ETA: 77:06:08, Rate: 7.8 cps, Current: 176, 149
[25Aug2026 12:10:08.643] [Server thread/INFO] [net.minecraft.server.MinecraftServer/]: [Chunky] Task running for minecraft:overworld. Processed: 83483 chunks (3.71%), ETA: 76:41:08, Rate: 7.9 cps, Current: 178, 151
[25Aug2026 12:10:09.698] [Server thread/INFO] [net.minecraft.server.MinecraftServer/]: [Chunky] Task running for minecraft:overworld. Processed: 83490 chunks (3.71%), ETA: 77:15:57, Rate: 7.8 cps, Current: 175, 154
[25Aug2026 12:10:11.105] [Server thread/INFO] [net.minecraft.server.MinecraftServer/]: [Chunky] Task running for minecraft:overworld. Processed: 83502 chunks (3.71%), ETA: 73:33:25, Rate: 8.2 cps, Current: 177, 155
[25Aug2026 12:10:12.419] [Server thread/INFO] [net.minecraft.server.MinecraftServer/]: [Chunky] Task running for minecraft:overworld. Processed: 83511 chunks (3.71%), ETA: 79:19:02, Rate: 7.6 cps, Current: 179, 151
[25Aug2026 12:10:13.577] [Server thread/INFO] [net.minecraft.server.MinecraftServer/]: [Chunky] Task running for minecraft:overworld. Processed: 83518 chunks (3.71%), ETA: 77:52:52, Rate: 7.7 cps, Current: 180, 151
[25Aug2026 12:10:14.933] [Server thread/INFO] [net.minecraft.server.MinecraftServer/]: [Chunky] Task running for minecraft:overworld. Processed: 83524 chunks (3.71%), ETA: 78:21:20, Rate: 7.7 cps, Current: 181, 155
[25Aug2026 12:10:16.032] [Server thread/INFO] [net.minecraft.server.MinecraftServer/]: [Chunky] Task running for minecraft:overworld. Processed: 83536 chunks (3.71%), ETA: 74:41:30, Rate: 8.1 cps, Current: 182, 152
[25Aug2026 12:10:20.053] [Server thread/INFO] [net.minecraft.server.MinecraftServer/]: [Chunky] Task running for minecraft:overworld. Processed: 83543 chunks (3.71%), ETA: 80:03:27, Rate: 7.5 cps, Current: 164, 159
[25Aug2026 12:10:21.055] [Server thread/INFO] [net.minecraft.server.MinecraftServer/]: [Chunky] Task running for minecraft:overworld. Processed: 83562 chunks (3.71%), ETA: 74:57:27, Rate: 8.0 cps, Current: 186, 153
[25Aug2026 12:10:22.117] [Server thread/INFO] [net.minecraft.server.MinecraftServer/]: [Chunky] Task running for minecraft:overworld. Processed: 83567 chunks (3.71%), ETA: 76:05:35, Rate: 7.9 cps, Current: 183, 157
[25Aug2026 12:10:23.853] [Server thread/INFO] [net.minecraft.server.MinecraftServer/]: [Chunky] Task running for minecraft:overworld. Processed: 83576 chunks (3.71%), ETA: 78:37:37, Rate: 7.7 cps, Current: 186, 155
[25Aug2026 12:10:26.172] [Server thread/INFO] [net.minecraft.server.MinecraftServer/]: [Chunky] Task running for minecraft:overworld. Processed: 83581 chunks (3.71%), ETA: 75:45:05, Rate: 8.0 cps, Current: 187, 157
[25Aug2026 12:10:27.309] [Server thread/INFO] [net.minecraft.server.MinecraftServer/]: [Chunky] Task running for minecraft:overworld. Processed: 83590 chunks (3.71%), ETA: 99:17:27, Rate: 6.1 cps, Current: 189, 157
[25Aug2026 12:10:28.478] [Server thread/INFO] [net.minecraft.server.MinecraftServer/]: [Chunky] Task running for minecraft:overworld. Processed: 83603 chunks (3.71%), ETA: 97:48:48, Rate: 6.2 cps, Current: 189, 154
[25Aug2026 12:10:29.693] [Server thread/INFO] [net.minecraft.server.MinecraftServer/]: [Chunky] Task running for minecraft:overworld. Processed: 83607 chunks (3.71%), ETA: 99:42:00, Rate: 6.0 cps, Current: 183, 152
[25Aug2026 12:10:31.078] [Server thread/INFO] [net.minecraft.server.MinecraftServer/]: [Chunky] Task running for minecraft:overworld. Processed: 83615 chunks (3.71%), ETA: 96:24:26, Rate: 6.3 cps, Current: 189, 151
[25Aug2026 12:10:32.288] [Server thread/INFO] [net.minecraft.server.MinecraftServer/]: [Chunky] Task running for minecraft:overworld. Processed: 83618 chunks (3.71%), ETA: 97:55:06, Rate: 6.2 cps, Current: 188, 150
[25Aug2026 12:10:33.468] [Server thread/INFO] [net.minecraft.server.MinecraftServer/]: [Chunky] Task running for minecraft:overworld. Processed: 83644 chunks (3.71%), ETA: 88:28:48, Rate: 6.8 cps, Current: 183, 147
[25Aug2026 12:10:34.477] [Server thread/INFO] [net.minecraft.server.MinecraftServer/]: [Chunky] Task running for minecraft:overworld. Processed: 83654 chunks (3.71%), ETA: 87:30:38, Rate: 6.9 cps, Current: 187, 148
[25Aug2026 12:10:35.523] [Server thread/INFO] [net.minecraft.server.MinecraftServer/]: [Chunky] Task running for minecraft:overworld. Processed: 83664 chunks (3.71%), ETA: 84:32:36, Rate: 7.1 cps, Current: 188, 145
[25Aug2026 12:10:36.638] [Server thread/INFO] [net.minecraft.server.MinecraftServer/]: [Chunky] Task running for minecraft:overworld. Processed: 83666 chunks (3.71%), ETA: 89:58:40, Rate: 6.7 cps, Current: 189, 147
[25Aug2026 12:10:38.039] [Server thread/INFO] [net.minecraft.server.MinecraftServer/]: [Chunky] Task running for minecraft:overworld. Processed: 83677 chunks (3.71%), ETA: 90:50:22, Rate: 6.6 cps, Current: 190, 148
[25Aug2026 12:10:39.377] [Server thread/INFO] [net.minecraft.server.MinecraftServer/]: [Chunky] Task running for minecraft:overworld. Processed: 83682 chunks (3.71%), ETA: 92:39:51, Rate: 6.5 cps, Current: 190, 145
[25Aug2026 12:10:40.400] [Server thread/INFO] [net.minecraft.server.MinecraftServer/]: [Chunky] Task running for minecraft:overworld. Processed: 83688 chunks (3.71%), ETA: 94:23:59, Rate: 6.4 cps, Current: 190, 141
[25Aug2026 12:10:41.746] [Server thread/INFO] [net.minecraft.server.MinecraftServer/]: [Chunky] Task running for minecraft:overworld. Processed: 83692 chunks (3.71%), ETA: 97:06:08, Rate: 6.2 cps, Current: 190, 137
[25Aug2026 12:10:42.882] [Server thread/INFO] [net.minecraft.server.MinecraftServer/]: [Chunky] Task running for minecraft:overworld. Processed: 83703 chunks (3.72%), ETA: 94:56:21, Rate: 6.3 cps, Current: 188, 139
[25Aug2026 12:10:43.885] [Server thread/INFO] [net.minecraft.server.MinecraftServer/]: [Chunky] Task running for minecraft:overworld. Processed: 83708 chunks (3.72%), ETA: 94:18:08, Rate: 6.4 cps, Current: 187, 137
[25Aug2026 12:10:44.966] [Server thread/INFO] [net.minecraft.server.MinecraftServer/]: [Chunky] Task running for minecraft:overworld. Processed: 83718 chunks (3.72%), ETA: 95:16:23, Rate: 6.3 cps, Current: 187, 140
[25Aug2026 12:10:45.969] [Server thread/INFO] [net.minecraft.server.MinecraftServer/]: [Chunky] Task running for minecraft:overworld. Processed: 83738 chunks (3.72%), ETA: 88:51:47, Rate: 6.8 cps, Current: 183, 142
[25Aug2026 12:10:46.975] [Server thread/INFO] [net.minecraft.server.MinecraftServer/]: [Chunky] Task running for minecraft:overworld. Processed: 83757 chunks (3.72%), ETA: 75:27:09, Rate: 8.0 cps, Current: 186, 159
[25Aug2026 12:10:48.055] [Server thread/INFO] [net.minecraft.server.MinecraftServer/]: [Chunky] Task running for minecraft:overworld. Processed: 83775 chunks (3.72%), ETA: 72:24:58, Rate: 8.3 cps, Current: 176, 139
[25Aug2026 12:10:49.073] [Server thread/INFO] [net.minecraft.server.MinecraftServer/]: [Chunky] Task running for minecraft:overworld. Processed: 83789 chunks (3.72%), ETA: 70:47:40, Rate: 8.5 cps, Current: 182, 138
[25Aug2026 12:10:50.886] [Server thread/INFO] [net.minecraft.server.MinecraftServer/]: [Chunky] Task running for minecraft:overworld. Processed: 83802 chunks (3.72%), ETA: 74:35:03, Rate: 8.1 cps, Current: 181, 136
[25Aug2026 12:10:51.939] [Server thread/INFO] [net.minecraft.server.MinecraftServer/]: [Chunky] Task running for minecraft:overworld. Processed: 83826 chunks (3.72%), ETA: 69:06:52, Rate: 8.7 cps, Current: 176, 133
[25Aug2026 12:10:52.940] [Server thread/INFO] [net.minecraft.server.MinecraftServer/]: [Chunky] Task running for minecraft:overworld. Processed: 83834 chunks (3.72%), ETA: 67:40:08, Rate: 8.9 cps, Current: 177, 131
[25Aug2026 12:10:54.117] [Server thread/INFO] [net.minecraft.server.MinecraftServer/]: [Chunky] Task running for minecraft:overworld. Processed: 83847 chunks (3.72%), ETA: 63:03:49, Rate: 9.6 cps, Current: 180, 132
[25Aug2026 12:10:55.554] [Server thread/INFO] [net.minecraft.server.MinecraftServer/]: [Chunky] Task running for minecraft:overworld. Processed: 83859 chunks (3.72%), ETA: 63:27:16, Rate: 9.5 cps, Current: 181, 129
[25Aug2026 12:10:56.641] [Server thread/INFO] [net.minecraft.server.MinecraftServer/]: [Chunky] Task running for minecraft:overworld. Processed: 83871 chunks (3.72%), ETA: 62:40:20, Rate: 9.6 cps, Current: 184, 131
[25Aug2026 12:10:57.642] [Server thread/INFO] [net.minecraft.server.MinecraftServer/]: [Chunky] Task running for minecraft:overworld. Processed: 83891 chunks (3.72%), ETA: 60:48:19, Rate: 9.9 cps, Current: 186, 130
[25Aug2026 12:10:58.675] [Server thread/INFO] [net.minecraft.server.MinecraftServer/]: [Chunky] Task running for minecraft:overworld. Processed: 83900 chunks (3.72%), ETA: 59:23:38, Rate: 10.1 cps, Current: 189, 136
[25Aug2026 12:10:59.693] [Server thread/INFO] [net.minecraft.server.MinecraftServer/]: [Chunky] Task running for minecraft:overworld. Processed: 83914 chunks (3.72%), ETA: 58:41:14, Rate: 10.3 cps, Current: 188, 131
[25Aug2026 12:11:01.000] [Server thread/INFO] [net.minecraft.server.MinecraftServer/]: [Chunky] Task running for minecraft:overworld. Processed: 83921 chunks (3.72%), ETA: 58:43:31, Rate: 10.3 cps, Current: 189, 130
[25Aug2026 12:11:04.151] [Server thread/INFO] [net.minecraft.server.MinecraftServer/]: [Chunky] Task running for minecraft:overworld. Processed: 83930 chunks (3.73%), ETA: 64:32:44, Rate: 9.3 cps, Current: 191, 151
[25Aug2026 12:11:05.337] [Server thread/INFO] [net.minecraft.server.MinecraftServer/]: [Chunky] Task running for minecraft:overworld. Processed: 83944 chunks (3.73%), ETA: 63:55:43, Rate: 9.4 cps, Current: 191, 141
[25Aug2026 12:11:06.376] [Server thread/INFO] [net.minecraft.server.MinecraftServer/]: [Chunky] Task running for minecraft:overworld. Processed: 83956 chunks (3.73%), ETA: 61:34:20, Rate: 9.8 cps, Current: 191, 138
[25Aug2026 12:11:07.575] [Server thread/INFO] [net.minecraft.server.MinecraftServer/]: [Chunky] Task running for minecraft:overworld. Processed: 83957 chunks (3.73%), ETA: 63:19:48, Rate: 9.5 cps, Current: 163, 102
[25Aug2026 12:11:08.911] [Server thread/INFO] [net.minecraft.server.MinecraftServer/]: [Chunky] Task running for minecraft:overworld. Processed: 83968 chunks (3.73%), ETA: 62:00:06, Rate: 9.7 cps, Current: 165, 101
[25Aug2026 12:11:09.979] [Server thread/INFO] [net.minecraft.server.MinecraftServer/]: [Chunky] Task running for minecraft:overworld. Processed: 83979 chunks (3.73%), ETA: 61:01:57, Rate: 9.9 cps, Current: 163, 98
[25Aug2026 12:11:11.602] [Server thread/INFO] [net.minecraft.server.MinecraftServer/]: [Chunky] Task running for minecraft:overworld. Processed: 83989 chunks (3.73%), ETA: 60:21:48, Rate: 10.0 cps, Current: 167, 97
[25Aug2026 12:11:13.203] [Server thread/INFO] [net.minecraft.server.MinecraftServer/]: [Chunky] Task running for minecraft:overworld. Processed: 83996 chunks (3.73%), ETA: 61:07:17, Rate: 9.9 cps, Current: 169, 98
[25Aug2026 12:11:15.496] [Server thread/INFO] [net.minecraft.server.MinecraftServer/]: [Chunky] Task running for minecraft:overworld. Processed: 84005 chunks (3.73%), ETA: 66:22:49, Rate: 9.1 cps, Current: 191, 133
[25Aug2026 12:11:16.718] [Server thread/INFO] [net.minecraft.server.MinecraftServer/]: [Chunky] Task running for minecraft:overworld. Processed: 84017 chunks (3.73%), ETA: 68:39:32, Rate: 8.8 cps, Current: 191, 129
[25Aug2026 12:11:17.892] [Server thread/INFO] [net.minecraft.server.MinecraftServer/]: [Chunky] Task running for minecraft:overworld. Processed: 84025 chunks (3.73%), ETA: 71:37:11, Rate: 8.4 cps, Current: 170, 99
[25Aug2026 12:11:19.203] [Server thread/INFO] [net.minecraft.server.MinecraftServer/]: [Chunky] Task running for minecraft:overworld. Processed: 84032 chunks (3.73%), ETA: 73:51:12, Rate: 8.2 cps, Current: 167, 100
[25Aug2026 12:11:20.233] [Server thread/INFO] [net.minecraft.server.MinecraftServer/]: [Chunky] Task running for minecraft:overworld. Processed: 84053 chunks (3.73%), ETA: 70:09:39, Rate: 8.6 cps, Current: 168, 102
[25Aug2026 12:11:21.828] [Server thread/INFO] [net.minecraft.server.MinecraftServer/]: [Chunky] Task running for minecraft:overworld. Processed: 84060 chunks (3.73%), ETA: 76:37:41, Rate: 7.9 cps, Current: 169, 103
[25Aug2026 12:11:22.836] [Server thread/INFO] [net.minecraft.server.MinecraftServer/]: [Chunky] Task running for minecraft:overworld. Processed: 84064 chunks (3.73%), ETA: 77:18:23, Rate: 7.8 cps, Current: 170, 106
[25Aug2026 12:11:23.866] [Server thread/INFO] [net.minecraft.server.MinecraftServer/]: [Chunky] Task running for minecraft:overworld. Processed: 84077 chunks (3.73%), ETA: 77:35:21, Rate: 7.8 cps, Current: 174, 103
[25Aug2026 12:11:25.133] [Server thread/INFO] [net.minecraft.server.MinecraftServer/]: [Chunky] Task running for minecraft:overworld. Processed: 84087 chunks (3.73%), ETA: 77:49:09, Rate: 7.7 cps, Current: 173, 107
[25Aug2026 12:11:26.800] [Server thread/INFO] [net.minecraft.server.MinecraftServer/]: [Chunky] Task running for minecraft:overworld. Processed: 84091 chunks (3.73%), ETA: 87:23:52, Rate: 6.9 cps, Current: 160, 103
[25Aug2026 12:11:28.069] [Server thread/INFO] [net.minecraft.server.MinecraftServer/]: [Chunky] Task running for minecraft:overworld. Processed: 84110 chunks (3.73%), ETA: 83:55:54, Rate: 7.2 cps, Current: 171, 108
[25Aug2026 12:11:29.099] [Server thread/INFO] [net.minecraft.server.MinecraftServer/]: [Chunky] Task running for minecraft:overworld. Processed: 84120 chunks (3.73%), ETA: 85:35:06, Rate: 7.0 cps, Current: 168, 105
[25Aug2026 12:11:30.857] [Server thread/INFO] [net.minecraft.server.MinecraftServer/]: [Chunky] Task running for minecraft:overworld. Processed: 84125 chunks (3.73%), ETA: 87:44:32, Rate: 6.9 cps, Current: 166, 109
[25Aug2026 12:11:31.869] [Server thread/INFO] [net.minecraft.server.MinecraftServer/]: [Chunky] Task running for minecraft:overworld. Processed: 84158 chunks (3.74%), ETA: 72:55:15, Rate: 8.3 cps, Current: 166, 110
[25Aug2026 12:11:33.147] [Server thread/INFO] [net.minecraft.server.MinecraftServer/]: [Chunky] Task running for minecraft:overworld. Processed: 84189 chunks (3.74%), ETA: 67:11:12, Rate: 9.0 cps, Current: 161, 111
[25Aug2026 12:11:34.207] [Server thread/INFO] [net.minecraft.server.MinecraftServer/]: [Chunky] Task running for minecraft:overworld. Processed: 84204 chunks (3.74%), ETA: 66:38:17, Rate: 9.0 cps, Current: 166, 111
[25Aug2026 12:11:35.237] [Server thread/INFO] [net.minecraft.server.MinecraftServer/]: [Chunky] Task running for minecraft:overworld. Processed: 84214 chunks (3.74%), ETA: 66:28:06, Rate: 9.1 cps, Current: 160, 115
[25Aug2026 12:11:36.467] [Server thread/INFO] [net.minecraft.server.MinecraftServer/]: [Chunky] Task running for minecraft:overworld. Processed: 84222 chunks (3.74%), ETA: 65:26:05, Rate: 9.2 cps, Current: 166, 115
[25Aug2026 12:11:37.592] [Server thread/INFO] [net.minecraft.server.MinecraftServer/]: [Chunky] Task running for minecraft:overworld. Processed: 84227 chunks (3.74%), ETA: 66:27:20, Rate: 9.1 cps, Current: 167, 96
[25Aug2026 12:11:39.452] [Server thread/INFO] [net.minecraft.server.MinecraftServer/]: [Chunky] Task running for minecraft:overworld. Processed: 84251 chunks (3.74%), ETA: 65:02:17, Rate: 9.3 cps, Current: 161, 120
[25Aug2026 12:11:40.533] [Server thread/INFO] [net.minecraft.server.MinecraftServer/]: [Chunky] Task running for minecraft:overworld. Processed: 84280 chunks (3.74%), ETA: 59:41:14, Rate: 10.1 cps, Current: 163, 119
[25Aug2026 12:11:42.037] [Server thread/INFO] [net.minecraft.server.MinecraftServer/]: [Chunky] Task running for minecraft:overworld. Processed: 84295 chunks (3.74%), ETA: 57:54:01, Rate: 10.4 cps, Current: 164, 122
[25Aug2026 12:11:43.050] [Server thread/INFO] [net.minecraft.server.MinecraftServer/]: [Chunky] Task running for minecraft:overworld. Processed: 84321 chunks (3.74%), ETA: 55:09:13, Rate: 10.9 cps, Current: 167, 115
[25Aug2026 12:11:45.344] [Server thread/INFO] [net.minecraft.server.MinecraftServer/]: [Chunky] Task running for minecraft:overworld. Processed: 84327 chunks (3.74%), ETA: 55:40:04, Rate: 10.8 cps, Current: 167, 121
[25Aug2026 12:11:46.440] [Server thread/INFO] [net.minecraft.server.MinecraftServer/]: [Chunky] Task running for minecraft:overworld. Processed: 84350 chunks (3.74%), ETA: 53:36:23, Rate: 11.2 cps, Current: 170, 127
[25Aug2026 12:11:48.428] [Server thread/INFO] [net.minecraft.server.MinecraftServer/]: [Chunky] Task running for minecraft:overworld. Processed: 84368 chunks (3.74%), ETA: 52:14:32, Rate: 11.5 cps, Current: 172, 127
[25Aug2026 12:11:50.119] [Server thread/INFO] [net.minecraft.server.MinecraftServer/]: [Chunky] Task running for minecraft:overworld. Processed: 84376 chunks (3.75%), ETA: 55:34:02, Rate: 10.8 cps, Current: 173, 111
[25Aug2026 12:11:51.267] [Server thread/INFO] [net.minecraft.server.MinecraftServer/]: [Chunky] Task running for minecraft:overworld. Processed: 84388 chunks (3.75%), ETA: 53:54:08, Rate: 11.2 cps, Current: 172, 119
[25Aug2026 12:11:52.530] [Server thread/INFO] [net.minecraft.server.MinecraftServer/]: [Chunky] Task running for minecraft:overworld. Processed: 84439 chunks (3.75%), ETA: 47:34:18, Rate: 12.7 cps, Current: 175, 110
[25Aug2026 12:11:53.553] [Server thread/INFO] [net.minecraft.server.MinecraftServer/]: [Chunky] Task running for minecraft:overworld. Processed: 84454 chunks (3.75%), ETA: 47:18:31, Rate: 12.7 cps, Current: 175, 101
[25Aug2026 12:11:55.652] [Server thread/INFO] [net.minecraft.server.MinecraftServer/]: [Chunky] Task running for minecraft:overworld. Processed: 84456 chunks (3.75%), ETA: 47:29:07, Rate: 12.7 cps, Current: 174, 117
[25Aug2026 12:11:56.906] [Server thread/INFO] [net.minecraft.server.MinecraftServer/]: [Chunky] Task running for minecraft:overworld. Processed: 84468 chunks (3.75%), ETA: 48:23:09, Rate: 12.4 cps, Current: 175, 114
[25Aug2026 12:11:58.239] [Server thread/INFO] [net.minecraft.server.MinecraftServer/]: [Chunky] Task running for minecraft:overworld. Processed: 84478 chunks (3.75%), ETA: 48:53:38, Rate: 12.3 cps, Current: 179, 115
[25Aug2026 12:11:59.637] [Server thread/INFO] [net.minecraft.server.MinecraftServer/]: [Chunky] Task running for minecraft:overworld. Processed: 84483 chunks (3.75%), ETA: 48:17:29, Rate: 12.5 cps, Current: 181, 115
[25Aug2026 12:12:00.834] [Server thread/INFO] [net.minecraft.server.MinecraftServer/]: [Chunky] Task running for minecraft:overworld. Processed: 84503 chunks (3.75%), ETA: 47:38:43, Rate: 12.6 cps, Current: 176, 118
[25Aug2026 12:12:01.841] [Server thread/INFO] [net.minecraft.server.MinecraftServer/]: [Chunky] Task running for minecraft:overworld. Processed: 84511 chunks (3.75%), ETA: 50:59:58, Rate: 11.8 cps, Current: 176, 121
[25Aug2026 12:12:02.979] [Server thread/INFO] [net.minecraft.server.MinecraftServer/]: [Chunky] Task running for minecraft:overworld. Processed: 84533 chunks (3.75%), ETA: 52:05:06, Rate: 11.6 cps, Current: 182, 115
[25Aug2026 12:12:04.015] [Server thread/INFO] [net.minecraft.server.MinecraftServer/]: [Chunky] Task running for minecraft:overworld. Processed: 84548 chunks (3.75%), ETA: 52:02:34, Rate: 11.6 cps, Current: 179, 118
[25Aug2026 12:12:05.136] [Server thread/INFO] [net.minecraft.server.MinecraftServer/]: [Chunky] Task running for minecraft:overworld. Processed: 84561 chunks (3.75%), ETA: 51:45:05, Rate: 11.6 cps, Current: 180, 123
[25Aug2026 12:12:06.434] [Server thread/INFO] [net.minecraft.server.MinecraftServer/]: [Chunky] Task running for minecraft:overworld. Processed: 84578 chunks (3.75%), ETA: 50:33:39, Rate: 11.9 cps, Current: 182, 120
[25Aug2026 12:12:07.519] [Server thread/INFO] [net.minecraft.server.MinecraftServer/]: [Chunky] Task running for minecraft:overworld. Processed: 84586 chunks (3.75%), ETA: 50:04:21, Rate: 12.0 cps, Current: 183, 127
[25Aug2026 12:12:08.691] [Server thread/INFO] [net.minecraft.server.MinecraftServer/]: [Chunky] Task running for minecraft:overworld. Processed: 84607 chunks (3.76%), ETA: 49:19:49, Rate: 12.2 cps, Current: 187, 126
[25Aug2026 12:12:09.892] [Server thread/INFO] [net.minecraft.server.MinecraftServer/]: [Chunky] Task running for minecraft:overworld. Processed: 84617 chunks (3.76%), ETA: 52:19:07, Rate: 11.5 cps, Current: 186, 124
[25Aug2026 12:12:49.267] [Server thread/WARN] [net.minecraft.server.MinecraftServer/]: Can't keep up! Is the server overloaded? Running 39356ms or 787 ticks behind
[25Aug2026 12:12:49.623] [Server thread/INFO] [net.minecraft.server.MinecraftServer/]: [Chunky] Task running for minecraft:overworld. Processed: 84635 chunks (3.76%), ETA: 9:16:08, Rate: 65.0 cps, Current: 188, 122
[25Aug2026 12:13:49.470] [Server thread/INFO] [net.minecraft.server.MinecraftServer/]: [Chunky] Task running for minecraft:overworld. Processed: 84640 chunks (3.76%), ETA: 22:31:36, Rate: 26.7 cps, Current: 180, 112
[25Aug2026 12:13:51.212] [Server Watchdog/ERROR] [net.minecraft.server.dedicated.ServerWatchdog/FATAL]: A single server tick took 60.00 seconds (should be max 0.05)
[25Aug2026 12:14:49.261] [Server Watchdog/ERROR] [net.minecraft.server.dedicated.ServerWatchdog/FATAL]: Considering it to be crashed, server will forcibly shutdown.
[25Aug2026 12:14:50.302] [Server Watchdog/DEBUG] [oshi.util.FileUtil/]: Reading file /sys/devices/system/cpu/cpu0/topology/core_id
[25Aug2026 12:14:50.302] [Server Watchdog/DEBUG] [oshi.util.FileUtil/]: Reading file /sys/devices/system/cpu/cpu0/topology/core_id
[25Aug2026 12:14:50.303] [Server Watchdog/DEBUG] [oshi.util.FileUtil/]: Reading file /sys/devices/system/cpu/cpu0/topology/physical_package_id
[25Aug2026 12:14:50.303] [Server Watchdog/DEBUG] [oshi.util.FileUtil/]: Reading file /sys/devices/system/cpu/cpu0/topology/physical_package_id
[25Aug2026 12:14:50.303] [Server Watchdog/DEBUG] [oshi.util.FileUtil/]: Reading file /sys/devices/system/cpu/cpu0/cpu_capacity
[25Aug2026 12:14:50.303] [Server Watchdog/DEBUG] [oshi.util.FileUtil/]: Reading file /sys/devices/system/cpu/cpu1/topology/core_id
[25Aug2026 12:14:50.303] [Server Watchdog/DEBUG] [oshi.util.FileUtil/]: Reading file /sys/devices/system/cpu/cpu1/topology/core_id
[25Aug2026 12:14:50.303] [Server Watchdog/DEBUG] [oshi.util.FileUtil/]: Reading file /sys/devices/system/cpu/cpu1/topology/physical_package_id
[25Aug2026 12:14:50.303] [Server Watchdog/DEBUG] [oshi.util.FileUtil/]: Reading file /sys/devices/system/cpu/cpu1/topology/physical_package_id
[25Aug2026 12:14:50.303] [Server Watchdog/DEBUG] [oshi.util.FileUtil/]: Reading file /sys/devices/system/cpu/cpu1/cpu_capacity
[25Aug2026 12:14:50.304] [Server Watchdog/DEBUG] [oshi.util.FileUtil/]: Reading file /sys/devices/system/cpu/cpu2/topology/core_id
[25Aug2026 12:14:50.304] [Server Watchdog/DEBUG] [oshi.util.FileUtil/]: Reading file /sys/devices/system/cpu/cpu2/topology/core_id
[25Aug2026 12:14:50.304] [Server Watchdog/DEBUG] [oshi.util.FileUtil/]: Reading file /sys/devices/system/cpu/cpu2/topology/physical_package_id
[25Aug2026 12:14:50.304] [Server Watchdog/DEBUG] [oshi.util.FileUtil/]: Reading file /sys/devices/system/cpu/cpu2/topology/physical_package_id
[25Aug2026 12:14:50.304] [Server Watchdog/DEBUG] [oshi.util.FileUtil/]: Reading file /sys/devices/system/cpu/cpu2/cpu_capacity
[25Aug2026 12:14:50.304] [Server Watchdog/DEBUG] [oshi.util.FileUtil/]: Reading file /sys/devices/system/cpu/cpu3/topology/core_id
[25Aug2026 12:14:50.304] [Server Watchdog/DEBUG] [oshi.util.FileUtil/]: Reading file /sys/devices/system/cpu/cpu3/topology/core_id
[25Aug2026 12:14:50.304] [Server Watchdog/DEBUG] [oshi.util.FileUtil/]: Reading file /sys/devices/system/cpu/cpu3/topology/physical_package_id
[25Aug2026 12:14:50.304] [Server Watchdog/DEBUG] [oshi.util.FileUtil/]: Reading file /sys/devices/system/cpu/cpu3/topology/physical_package_id
[25Aug2026 12:14:50.304] [Server Watchdog/DEBUG] [oshi.util.FileUtil/]: Reading file /sys/devices/system/cpu/cpu3/cpu_capacity
[25Aug2026 12:14:50.305] [Server Watchdog/DEBUG] [oshi.util.FileUtil/]: Reading file /proc/cpuinfo
[25Aug2026 12:14:50.345] [Server Watchdog/DEBUG] [oshi.util.FileUtil/]: Reading file /proc/self/auxv
[25Aug2026 12:14:50.346] [Server Watchdog/DEBUG] [oshi.util.FileUtil/]: No oshi.architecture.properties file found from ClassLoader cpw.mods.modlauncher.TransformingClassLoader@dd4aec3
[25Aug2026 12:14:50.346] [Server Watchdog/DEBUG] [oshi.util.FileUtil/]: No oshi.architecture.properties file found from ClassLoader jdk.internal.loader.ClassLoaders$AppClassLoader@76ed5528
[25Aug2026 12:14:50.356] [Server Watchdog/DEBUG] [oshi.util.FileUtil/]: Reading file /proc/meminfo
[25Aug2026 12:14:50.356] [Server Watchdog/DEBUG] [oshi.util.FileUtil/]: Reading file /proc/meminfo
[25Aug2026 12:14:50.273] [Server thread/INFO] [net.minecraft.server.MinecraftServer/]: [Chunky] Task running for minecraft:overworld. Processed: 84658 chunks (3.76%), ETA: 33:23:42, Rate: 18.0 cps, Current: 187, 120
[25Aug2026 12:14:50.434] [Server Watchdog/FATAL] [net.minecraftforge.common.ForgeMod/]: Preparing crash report with UUID 767fdddf-e3b6-41da-b28d-524ca9243f37
[25Aug2026 12:15:49.376] [Server Watchdog/FATAL] [net.minecraftforge.common.ForgeMod/]: Preparing crash report with UUID a9177892-0188-41f9-b130-8e2b96d6be90
[25Aug2026 12:15:49.377] [Server Watchdog/ERROR] [net.minecraft.server.dedicated.ServerWatchdog/]: This crash report has been saved to: /workspaces/Marangooners/servidor_minecraft/./crash-reports/crash-2026-08-25_12.15.49-server.txt
[25Aug2026 12:15:49.585] [Chunky-minecraft:overworld Thread/INFO] [net.minecraft.server.MinecraftServer/]: [Chunky] Task stopped for minecraft:overworld.
[25Aug2026 12:15:49.586] [Server thread/INFO] [net.minecraft.server.MinecraftServer/]: Stopping server
[25Aug2026 12:15:49.601] [Server thread/INFO] [net.minecraft.server.MinecraftServer/]: Saving players
[25Aug2026 12:15:49.602] [Server thread/INFO] [net.minecraft.server.MinecraftServer/]: Saving worlds
[25Aug2026 12:15:51.264] [Server thread/INFO] [net.minecraft.server.MinecraftServer/]: Saving chunks for level 'ServerLevel[world]'/minecraft:overworld
[25Aug2026 12:15:52.484] [Server thread/INFO] [net.minecraft.server.MinecraftServer/]: Saving chunks for level 'ServerLevel[world]'/minecraft:the_nether
[25Aug2026 12:15:52.486] [Server thread/INFO] [net.minecraft.server.MinecraftServer/]: Saving chunks for level 'ServerLevel[world]'/minecraft:the_end
[25Aug2026 12:15:52.489] [Server thread/INFO] [net.minecraft.server.MinecraftServer/]: Saving chunks for level 'ServerLevel[world]'/minecraft:1
[25Aug2026 12:15:52.495] [Server thread/DEBUG] [net.minecraftforge.common.ForgeHooks/WP]: Gathering id map for writing to world save world
[25Aug2026 12:15:52.543] [Server thread/DEBUG] [net.minecraftforge.common.ForgeHooks/WP]: ID Map collection complete world
[25Aug2026 12:15:52.573] [Server thread/INFO] [net.minecraft.server.MinecraftServer/]: ThreadedAnvilChunkStorage (world): All chunks are saved
[25Aug2026 12:15:52.574] [Server thread/INFO] [net.minecraft.server.MinecraftServer/]: ThreadedAnvilChunkStorage (DIM-1): All chunks are saved
[25Aug2026 12:15:52.574] [Server thread/INFO] [net.minecraft.server.MinecraftServer/]: ThreadedAnvilChunkStorage (DIM1): All chunks are saved
[25Aug2026 12:15:52.574] [Server thread/INFO] [net.minecraft.server.MinecraftServer/]: ThreadedAnvilChunkStorage (1): All chunks are saved
[25Aug2026 12:15:52.574] [Server thread/INFO] [net.minecraft.server.MinecraftServer/]: ThreadedAnvilChunkStorage: All dimensions are saved
[25Aug2026 12:15:52.968] [Server thread/DEBUG] [net.minecraftforge.fml.config.ConfigTracker/CONFIG]: Unloading configs type SERVER
